crop_id,disaster,y_true,y_pred,true_label,predicted_label,confidence,prob_no-damage,prob_minor-damage,prob_major-damage,prob_destroyed
hurricane-matthew_00000400__b0004,hurricane-matthew,3,3,destroyed,destroyed,0.7953074,0.04344277,0.09777201,0.06347786,0.7953074
hurricane-matthew_00000205__b0008,hurricane-matthew,2,3,major-damage,destroyed,0.75599664,0.032587837,0.14282432,0.06859122,0.75599664
hurricane-matthew_00000044__b0255,hurricane-matthew,2,0,major-damage,no-damage,0.39482698,0.39482698,0.3319473,0.18233883,0.09088688
hurricane-matthew_00000104__b0157,hurricane-matthew,2,3,major-damage,destroyed,0.7203826,0.00079518656,0.016460214,0.262362,0.7203826
hurricane-matthew_00000385__b0041,hurricane-matthew,3,3,destroyed,destroyed,0.7353446,0.034328192,0.15311198,0.07721525,0.7353446
hurricane-matthew_00000104__b0199,hurricane-matthew,1,2,minor-damage,major-damage,0.7242093,0.011088204,0.06361943,0.7242093,0.201083
hurricane-matthew_00000354__b0005,hurricane-matthew,2,3,major-damage,destroyed,0.3756907,0.13262174,0.19937715,0.29231045,0.3756907
hurricane-matthew_00000329__b0016,hurricane-matthew,2,3,major-damage,destroyed,0.3670702,0.21426652,0.19537753,0.22328578,0.3670702
hurricane-matthew_00000302__b0116,hurricane-matthew,0,2,no-damage,major-damage,0.91340166,0.0302994,0.038831268,0.91340166,0.017467711
hurricane-matthew_00000385__b0056,hurricane-matthew,3,3,destroyed,destroyed,0.832784,0.016568037,0.09907129,0.051576737,0.832784
hurricane-matthew_00000206__b0015,hurricane-matthew,3,3,destroyed,destroyed,0.61035454,0.11428551,0.17402524,0.1013347,0.61035454
hurricane-matthew_00000281__b0000,hurricane-matthew,3,3,destroyed,destroyed,0.7711381,0.029009804,0.12553862,0.074313514,0.7711381
hurricane-matthew_00000104__b0156,hurricane-matthew,1,2,minor-damage,major-damage,0.70677876,0.017267466,0.1350326,0.70677876,0.14092116
hurricane-matthew_00000166__b0014,hurricane-matthew,3,3,destroyed,destroyed,0.6246494,0.10922075,0.1307187,0.13541117,0.6246494
hurricane-matthew_00000104__b0101,hurricane-matthew,1,3,minor-damage,destroyed,0.3899034,0.12946554,0.29049784,0.19013326,0.3899034
hurricane-matthew_00000385__b0045,hurricane-matthew,3,3,destroyed,destroyed,0.43430698,0.1544125,0.29935163,0.11192892,0.43430698
hurricane-matthew_00000044__b0015,hurricane-matthew,0,0,no-damage,no-damage,0.4865608,0.4865608,0.189791,0.10997578,0.21367247
hurricane-matthew_00000104__b0177,hurricane-matthew,1,3,minor-damage,destroyed,0.416496,0.11882642,0.13536082,0.3293167,0.416496
hurricane-matthew_00000104__b0263,hurricane-matthew,2,3,major-damage,destroyed,0.47389844,0.12774701,0.11011053,0.288244,0.47389844
hurricane-matthew_00000035__b0000,hurricane-matthew,0,3,no-damage,destroyed,0.5285339,0.19157957,0.10431192,0.17557466,0.5285339
hurricane-matthew_00000385__b0067,hurricane-matthew,3,3,destroyed,destroyed,0.6747232,0.035898052,0.20054072,0.08883805,0.6747232
hurricane-matthew_00000065__b0023,hurricane-matthew,3,0,destroyed,no-damage,0.5735408,0.5735408,0.26261848,0.065088905,0.09875181
hurricane-matthew_00000385__b0075,hurricane-matthew,3,3,destroyed,destroyed,0.94095844,0.0040441183,0.03767983,0.017317664,0.94095844
hurricane-matthew_00000104__b0233,hurricane-matthew,2,2,major-damage,major-damage,0.326773,0.29446116,0.066940576,0.326773,0.31182525
hurricane-matthew_00000260__b0004,hurricane-matthew,3,3,destroyed,destroyed,0.7479254,0.039531797,0.11707755,0.09546529,0.7479254
hurricane-matthew_00000168__b0007,hurricane-matthew,2,3,major-damage,destroyed,0.5810074,0.07590665,0.21383904,0.12924692,0.5810074
hurricane-matthew_00000044__b0029,hurricane-matthew,0,1,no-damage,minor-damage,0.72459537,0.1456193,0.72459537,0.10798936,0.021795932
hurricane-matthew_00000104__b0221,hurricane-matthew,1,2,minor-damage,major-damage,0.928915,0.00098408,0.0465403,0.928915,0.023560558
hurricane-matthew_00000104__b0132,hurricane-matthew,1,2,minor-damage,major-damage,0.88989437,0.006665633,0.0794062,0.88989437,0.0240338
hurricane-matthew_00000044__b0207,hurricane-matthew,0,1,no-damage,minor-damage,0.3165781,0.25728106,0.3165781,0.27781966,0.14832123
hurricane-matthew_00000044__b0224,hurricane-matthew,0,1,no-damage,minor-damage,0.534506,0.14008889,0.534506,0.22069715,0.104707904
hurricane-matthew_00000400__b0047,hurricane-matthew,3,3,destroyed,destroyed,0.51502645,0.06392516,0.2796153,0.14143309,0.51502645
hurricane-matthew_00000044__b0256,hurricane-matthew,0,3,no-damage,destroyed,0.3778092,0.33090943,0.17967531,0.11160606,0.3778092
hurricane-matthew_00000104__b0168,hurricane-matthew,1,3,minor-damage,destroyed,0.46541825,0.0029566141,0.09728806,0.4343371,0.46541825
hurricane-matthew_00000400__b0013,hurricane-matthew,3,3,destroyed,destroyed,0.6638059,0.043756243,0.18713853,0.105299324,0.6638059
hurricane-matthew_00000104__b0080,hurricane-matthew,1,2,minor-damage,major-damage,0.6762451,0.0064294883,0.0926405,0.6762451,0.22468495
hurricane-matthew_00000104__b0279,hurricane-matthew,1,2,minor-damage,major-damage,0.5808966,0.077931374,0.14256297,0.5808966,0.19860904
hurricane-matthew_00000044__b0135,hurricane-matthew,0,1,no-damage,minor-damage,0.5487685,0.04707085,0.5487685,0.32419547,0.07996516
hurricane-matthew_00000104__b0239,hurricane-matthew,1,2,minor-damage,major-damage,0.8226249,0.0008650114,0.02363391,0.8226249,0.15287617
hurricane-matthew_00000044__b0182,hurricane-matthew,0,3,no-damage,destroyed,0.63961715,0.020189786,0.16545466,0.1747384,0.63961715
hurricane-matthew_00000385__b0066,hurricane-matthew,3,3,destroyed,destroyed,0.77944005,0.028721692,0.13581881,0.056019474,0.77944005
hurricane-matthew_00000260__b0031,hurricane-matthew,2,3,major-damage,destroyed,0.7137774,0.073838666,0.09879568,0.113588236,0.7137774
hurricane-matthew_00000104__b0023,hurricane-matthew,2,3,major-damage,destroyed,0.8549368,0.0004568705,0.012360381,0.13224596,0.8549368
hurricane-matthew_00000104__b0014,hurricane-matthew,1,2,minor-damage,major-damage,0.9073653,0.01869602,0.045407344,0.9073653,0.028531265
hurricane-matthew_00000044__b0269,hurricane-matthew,0,2,no-damage,major-damage,0.3575838,0.083401054,0.21734622,0.3575838,0.34166893
hurricane-matthew_00000385__b0046,hurricane-matthew,3,3,destroyed,destroyed,0.9754497,0.0016462983,0.015366693,0.0075373705,0.9754497
hurricane-matthew_00000065__b0002,hurricane-matthew,2,3,major-damage,destroyed,0.724648,0.097826704,0.09964533,0.07787996,0.724648
hurricane-matthew_00000400__b0036,hurricane-matthew,3,3,destroyed,destroyed,0.95600116,0.0026364939,0.022309173,0.019053197,0.95600116
hurricane-matthew_00000385__b0063,hurricane-matthew,3,3,destroyed,destroyed,0.5803022,0.07607969,0.25811318,0.08550497,0.5803022
hurricane-matthew_00000104__b0167,hurricane-matthew,2,3,major-damage,destroyed,0.5271977,0.10294516,0.1336067,0.23625034,0.5271977
hurricane-matthew_00000206__b0013,hurricane-matthew,2,3,major-damage,destroyed,0.7994103,0.016574997,0.09176336,0.09225138,0.7994103
hurricane-matthew_00000104__b0065,hurricane-matthew,1,2,minor-damage,major-damage,0.43885785,0.20618981,0.08793389,0.43885785,0.2670184
hurricane-matthew_00000104__b0079,hurricane-matthew,1,2,minor-damage,major-damage,0.7382402,0.018199366,0.123085655,0.7382402,0.12047475
hurricane-matthew_00000400__b0059,hurricane-matthew,3,3,destroyed,destroyed,0.88381004,0.010857813,0.06827166,0.037060414,0.88381004
hurricane-matthew_00000329__b0028,hurricane-matthew,2,1,major-damage,minor-damage,0.31965405,0.18762507,0.31965405,0.21714406,0.27557683
hurricane-matthew_00000035__b0055,hurricane-matthew,0,2,no-damage,major-damage,0.5203058,0.067524776,0.31747627,0.5203058,0.0946931
hurricane-matthew_00000166__b0004,hurricane-matthew,0,3,no-damage,destroyed,0.4847568,0.14778689,0.26010838,0.10734789,0.4847568
hurricane-matthew_00000104__b0181,hurricane-matthew,1,2,minor-damage,major-damage,0.54870373,0.054368187,0.3673435,0.54870373,0.029584583
hurricane-matthew_00000385__b0030,hurricane-matthew,3,3,destroyed,destroyed,0.76763,0.030080823,0.11257465,0.08971463,0.76763
hurricane-matthew_00000035__b0046,hurricane-matthew,0,3,no-damage,destroyed,0.62804824,0.15087643,0.11598007,0.10509524,0.62804824
hurricane-matthew_00000104__b0259,hurricane-matthew,2,2,major-damage,major-damage,0.6873578,0.10699133,0.041039556,0.6873578,0.16461131
hurricane-matthew_00000104__b0308,hurricane-matthew,1,2,minor-damage,major-damage,0.48808366,0.0011887676,0.030658538,0.48808366,0.480069
hurricane-matthew_00000104__b0015,hurricane-matthew,2,3,major-damage,destroyed,0.68774205,0.00088729616,0.018893577,0.29247704,0.68774205
hurricane-matthew_00000065__b0084,hurricane-matthew,2,3,major-damage,destroyed,0.42357045,0.064731374,0.3242962,0.18740194,0.42357045
hurricane-matthew_00000044__b0206,hurricane-matthew,0,0,no-damage,no-damage,0.6326087,0.6326087,0.27145693,0.044591784,0.051342584
hurricane-matthew_00000044__b0151,hurricane-matthew,0,3,no-damage,destroyed,0.48912448,0.12412698,0.20527339,0.18147513,0.48912448
hurricane-matthew_00000104__b0008,hurricane-matthew,1,3,minor-damage,destroyed,0.5046486,0.1213706,0.09006855,0.2839122,0.5046486
hurricane-matthew_00000044__b0158,hurricane-matthew,0,1,no-damage,minor-damage,0.6271864,0.079690136,0.6271864,0.16551472,0.12760873
hurricane-matthew_00000104__b0230,hurricane-matthew,1,3,minor-damage,destroyed,0.8880374,0.0005119848,0.013662932,0.09778771,0.8880374
hurricane-matthew_00000104__b0033,hurricane-matthew,1,0,minor-damage,no-damage,0.30291837,0.30291837,0.15737747,0.2838526,0.25585157
hurricane-matthew_00000104__b0044,hurricane-matthew,1,2,minor-damage,major-damage,0.77389866,0.0028406093,0.0322365,0.77389866,0.19102421
hurricane-matthew_00000166__b0017,hurricane-matthew,3,3,destroyed,destroyed,0.69876045,0.035133243,0.16871874,0.09738751,0.69876045
hurricane-matthew_00000035__b0005,hurricane-matthew,0,0,no-damage,no-damage,0.68768674,0.68768674,0.19144304,0.060360666,0.060509596
hurricane-matthew_00000400__b0060,hurricane-matthew,2,3,major-damage,destroyed,0.6016175,0.09442583,0.17644714,0.1275095,0.6016175
hurricane-matthew_00000302__b0067,hurricane-matthew,0,0,no-damage,no-damage,0.8952377,0.8952377,0.05139911,0.021186147,0.032176994
hurricane-matthew_00000385__b0034,hurricane-matthew,3,3,destroyed,destroyed,0.8815869,0.009877255,0.07003708,0.038498845,0.8815869
hurricane-matthew_00000044__b0257,hurricane-matthew,0,1,no-damage,minor-damage,0.4249244,0.29615504,0.4249244,0.21399803,0.06492257
hurricane-matthew_00000385__b0026,hurricane-matthew,3,3,destroyed,destroyed,0.95972544,0.0034981559,0.024355087,0.012421334,0.95972544
hurricane-matthew_00000260__b0057,hurricane-matthew,0,3,no-damage,destroyed,0.6356456,0.08220743,0.14498362,0.13716334,0.6356456
hurricane-matthew_00000044__b0179,hurricane-matthew,0,3,no-damage,destroyed,0.72006327,0.056994174,0.11954708,0.10339549,0.72006327
hurricane-matthew_00000302__b0024,hurricane-matthew,0,0,no-damage,no-damage,0.6175575,0.6175575,0.26804134,0.085023984,0.029377205
hurricane-matthew_00000276__b0000,hurricane-matthew,0,3,no-damage,destroyed,0.63235074,0.11045446,0.13251159,0.12468319,0.63235074
hurricane-matthew_00000104__b0240,hurricane-matthew,1,3,minor-damage,destroyed,0.93787813,0.00043392775,0.010707707,0.050980292,0.93787813
hurricane-matthew_00000104__b0297,hurricane-matthew,1,3,minor-damage,destroyed,0.5311461,0.0582964,0.1250772,0.28548023,0.5311461
hurricane-matthew_00000104__b0063,hurricane-matthew,2,2,major-damage,major-damage,0.46189117,0.2586191,0.089712836,0.46189117,0.18977691
hurricane-matthew_00000376__b0002,hurricane-matthew,3,3,destroyed,destroyed,0.9854425,0.00041504623,0.004996635,0.009145847,0.9854425
hurricane-matthew_00000104__b0084,hurricane-matthew,2,3,major-damage,destroyed,0.81403625,0.008388799,0.0490504,0.12852459,0.81403625
hurricane-matthew_00000104__b0247,hurricane-matthew,1,3,minor-damage,destroyed,0.44824982,0.16887595,0.15666507,0.2262091,0.44824982
hurricane-matthew_00000065__b0106,hurricane-matthew,2,3,major-damage,destroyed,0.5386316,0.038067076,0.2216824,0.20161885,0.5386316
hurricane-matthew_00000044__b0054,hurricane-matthew,0,1,no-damage,minor-damage,0.4372407,0.10898593,0.4372407,0.29699627,0.15677717
hurricane-matthew_00000302__b0129,hurricane-matthew,0,0,no-damage,no-damage,0.73535204,0.73535204,0.09613683,0.084389485,0.08412165
hurricane-matthew_00000044__b0061,hurricane-matthew,2,1,major-damage,minor-damage,0.48410174,0.3295847,0.48410174,0.09768637,0.088627234
hurricane-matthew_00000104__b0149,hurricane-matthew,1,3,minor-damage,destroyed,0.30071786,0.27723724,0.17493063,0.24711433,0.30071786
hurricane-matthew_00000104__b0290,hurricane-matthew,2,3,major-damage,destroyed,0.93028337,0.000557656,0.012601152,0.056557834,0.93028337
hurricane-matthew_00000104__b0296,hurricane-matthew,1,2,minor-damage,major-damage,0.84998894,0.0067674983,0.09217352,0.84998894,0.051070027
hurricane-matthew_00000044__b0137,hurricane-matthew,0,1,no-damage,minor-damage,0.37577268,0.07291051,0.37577268,0.27713,0.27418685
hurricane-matthew_00000044__b0125,hurricane-matthew,0,2,no-damage,major-damage,0.47647893,0.10825531,0.24144368,0.47647893,0.17382208
hurricane-matthew_00000044__b0229,hurricane-matthew,0,3,no-damage,destroyed,0.5701978,0.13137807,0.14959788,0.14882618,0.5701978
hurricane-matthew_00000385__b0105,hurricane-matthew,3,3,destroyed,destroyed,0.6494275,0.05614583,0.19863011,0.09579658,0.6494275
hurricane-matthew_00000104__b0124,hurricane-matthew,1,2,minor-damage,major-damage,0.52166206,0.006361663,0.045868907,0.52166206,0.42610735
hurricane-matthew_00000104__b0102,hurricane-matthew,1,2,minor-damage,major-damage,0.66428393,0.012098184,0.04872142,0.66428393,0.27489647
hurricane-matthew_00000385__b0064,hurricane-matthew,3,3,destroyed,destroyed,0.9011993,0.008658222,0.06396154,0.026180973,0.9011993
hurricane-matthew_00000104__b0135,hurricane-matthew,1,3,minor-damage,destroyed,0.55811733,0.003182098,0.053568747,0.38513187,0.55811733
hurricane-matthew_00000385__b0080,hurricane-matthew,3,3,destroyed,destroyed,0.77273035,0.028760798,0.13348877,0.06501997,0.77273035
hurricane-matthew_00000065__b0066,hurricane-matthew,3,0,destroyed,no-damage,0.53765,0.53765,0.2487629,0.1358712,0.07771592
hurricane-matthew_00000044__b0063,hurricane-matthew,0,0,no-damage,no-damage,0.5935323,0.5935323,0.22896685,0.104228936,0.07327191
hurricane-matthew_00000104__b0121,hurricane-matthew,1,2,minor-damage,major-damage,0.5787081,0.15500183,0.116225734,0.5787081,0.15006432
hurricane-matthew_00000400__b0021,hurricane-matthew,3,3,destroyed,destroyed,0.8570232,0.015626667,0.07994757,0.047402535,0.8570232
hurricane-matthew_00000376__b0015,hurricane-matthew,3,3,destroyed,destroyed,0.94347364,0.0015795305,0.015580205,0.0393666,0.94347364
hurricane-matthew_00000385__b0122,hurricane-matthew,3,3,destroyed,destroyed,0.6273543,0.08887635,0.18221296,0.10155636,0.6273543
hurricane-matthew_00000376__b0013,hurricane-matthew,3,3,destroyed,destroyed,0.7183899,0.037923615,0.1284229,0.11526356,0.7183899
hurricane-matthew_00000104__b0248,hurricane-matthew,1,3,minor-damage,destroyed,0.52752006,0.055219818,0.10483093,0.31242925,0.52752006
hurricane-matthew_00000400__b0050,hurricane-matthew,2,3,major-damage,destroyed,0.5164413,0.11232533,0.2287954,0.14243805,0.5164413
hurricane-matthew_00000044__b0213,hurricane-matthew,0,0,no-damage,no-damage,0.44532526,0.44532526,0.28694582,0.20819657,0.05953234
hurricane-matthew_00000104__b0208,hurricane-matthew,2,2,major-damage,major-damage,0.6809345,0.0015569028,0.024805108,0.6809345,0.29270342
hurricane-matthew_00000104__b0107,hurricane-matthew,1,3,minor-damage,destroyed,0.43272015,0.32285553,0.08357988,0.16084446,0.43272015
hurricane-matthew_00000104__b0029,hurricane-matthew,1,0,minor-damage,no-damage,0.61038566,0.61038566,0.16028112,0.1185917,0.11074147
hurricane-matthew_00000400__b0045,hurricane-matthew,3,3,destroyed,destroyed,0.8692448,0.013312057,0.071745515,0.04569759,0.8692448
hurricane-matthew_00000104__b0090,hurricane-matthew,1,2,minor-damage,major-damage,0.87724173,0.0039045613,0.05027494,0.87724173,0.06857887
hurricane-matthew_00000104__b0069,hurricane-matthew,1,2,minor-damage,major-damage,0.6184503,0.031175936,0.32409993,0.6184503,0.02627386
hurricane-matthew_00000104__b0293,hurricane-matthew,1,2,minor-damage,major-damage,0.60117245,0.023289477,0.22490588,0.60117245,0.15063225
hurricane-matthew_00000400__b0037,hurricane-matthew,3,3,destroyed,destroyed,0.90625286,0.008239711,0.061712347,0.023795111,0.90625286
hurricane-matthew_00000104__b0245,hurricane-matthew,1,2,minor-damage,major-damage,0.7466494,0.014748684,0.08323567,0.7466494,0.15536621
hurricane-matthew_00000369__b0006,hurricane-matthew,2,2,major-damage,major-damage,0.28945237,0.26829296,0.1629758,0.28945237,0.27927884
hurricane-matthew_00000400__b0015,hurricane-matthew,3,3,destroyed,destroyed,0.70629376,0.030534659,0.1777381,0.08543356,0.70629376
hurricane-matthew_00000385__b0035,hurricane-matthew,3,3,destroyed,destroyed,0.95034856,0.003547334,0.028362544,0.017741548,0.95034856
hurricane-matthew_00000104__b0151,hurricane-matthew,1,3,minor-damage,destroyed,0.81929636,0.0006167713,0.0151175475,0.16496935,0.81929636
hurricane-matthew_00000385__b0005,hurricane-matthew,3,1,destroyed,minor-damage,0.4991106,0.16898827,0.4991106,0.12040403,0.21149711
hurricane-matthew_00000145__b0021,hurricane-matthew,2,3,major-damage,destroyed,0.6647279,0.11705747,0.11432636,0.103888236,0.6647279
hurricane-matthew_00000385__b0012,hurricane-matthew,3,3,destroyed,destroyed,0.7094694,0.033025946,0.17020819,0.087296434,0.7094694
hurricane-matthew_00000104__b0251,hurricane-matthew,1,2,minor-damage,major-damage,0.49302804,0.108416416,0.11563227,0.49302804,0.28292334
hurricane-matthew_00000104__b0185,hurricane-matthew,1,2,minor-damage,major-damage,0.52580756,0.13290155,0.21950243,0.52580756,0.1217884
hurricane-matthew_00000104__b0227,hurricane-matthew,2,3,major-damage,destroyed,0.86495644,0.0006027728,0.014417857,0.12002289,0.86495644
hurricane-matthew_00000065__b0157,hurricane-matthew,2,3,major-damage,destroyed,0.46514943,0.122621894,0.27742425,0.13480449,0.46514943
hurricane-matthew_00000302__b0100,hurricane-matthew,0,0,no-damage,no-damage,0.60918534,0.60918534,0.20301114,0.094860785,0.09294271
hurricane-matthew_00000116__b0000,hurricane-matthew,2,2,major-damage,major-damage,0.5400611,0.16139151,0.15985203,0.5400611,0.13869534
hurricane-matthew_00000044__b0037,hurricane-matthew,0,3,no-damage,destroyed,0.6253585,0.16713206,0.10735012,0.10015932,0.6253585
hurricane-matthew_00000104__b0292,hurricane-matthew,1,3,minor-damage,destroyed,0.36036754,0.24895918,0.09612251,0.29455075,0.36036754
hurricane-matthew_00000400__b0009,hurricane-matthew,3,3,destroyed,destroyed,0.45334703,0.060399435,0.37167957,0.11457393,0.45334703
hurricane-matthew_00000376__b0009,hurricane-matthew,3,3,destroyed,destroyed,0.9756352,0.0012466972,0.011349019,0.011769108,0.9756352
hurricane-matthew_00000044__b0214,hurricane-matthew,0,3,no-damage,destroyed,0.69166565,0.10441374,0.098411,0.10550957,0.69166565
hurricane-matthew_00000044__b0147,hurricane-matthew,2,1,major-damage,minor-damage,0.40905535,0.361087,0.40905535,0.095145166,0.1347125
hurricane-matthew_00000104__b0106,hurricane-matthew,2,3,major-damage,destroyed,0.38157225,0.15898749,0.07957035,0.37986997,0.38157225
hurricane-matthew_00000400__b0024,hurricane-matthew,2,3,major-damage,destroyed,0.60066664,0.06333694,0.19863312,0.13736331,0.60066664
hurricane-matthew_00000104__b0179,hurricane-matthew,1,2,minor-damage,major-damage,0.6351647,0.00077012565,0.03386441,0.6351647,0.3302008
hurricane-matthew_00000044__b0072,hurricane-matthew,0,3,no-damage,destroyed,0.5459323,0.05653385,0.26764506,0.12988885,0.5459323
hurricane-matthew_00000104__b0142,hurricane-matthew,1,2,minor-damage,major-damage,0.43141165,0.118562825,0.42138392,0.43141165,0.028641574
hurricane-matthew_00000400__b0066,hurricane-matthew,2,3,major-damage,destroyed,0.5559581,0.07442974,0.22734307,0.14226909,0.5559581
hurricane-matthew_00000260__b0049,hurricane-matthew,2,0,major-damage,no-damage,0.48078924,0.48078924,0.0904273,0.25389197,0.17489149
hurricane-matthew_00000104__b0093,hurricane-matthew,1,3,minor-damage,destroyed,0.57876265,0.123842575,0.12465239,0.1727424,0.57876265
hurricane-matthew_00000166__b0002,hurricane-matthew,3,2,destroyed,major-damage,0.68091387,0.054100115,0.1086906,0.68091387,0.15629536
hurricane-matthew_00000104__b0110,hurricane-matthew,2,2,major-damage,major-damage,0.7668935,0.00955736,0.09828531,0.7668935,0.1252638
hurricane-matthew_00000104__b0272,hurricane-matthew,1,2,minor-damage,major-damage,0.75800973,0.032957353,0.05921155,0.75800973,0.14982131
hurricane-matthew_00000035__b0013,hurricane-matthew,0,0,no-damage,no-damage,0.40903583,0.40903583,0.1557564,0.11000056,0.32520717
hurricane-matthew_00000385__b0103,hurricane-matthew,3,3,destroyed,destroyed,0.50822484,0.05224008,0.28021705,0.159318,0.50822484
hurricane-matthew_00000104__b0286,hurricane-matthew,2,2,major-damage,major-damage,0.49569213,0.04310023,0.07354187,0.49569213,0.38766584
hurricane-matthew_00000104__b0254,hurricane-matthew,2,3,major-damage,destroyed,0.7128962,0.020951146,0.0639647,0.20218791,0.7128962
hurricane-matthew_00000302__b0039,hurricane-matthew,0,3,no-damage,destroyed,0.40828097,0.12945254,0.16004774,0.3022187,0.40828097
hurricane-matthew_00000376__b0005,hurricane-matthew,3,3,destroyed,destroyed,0.9467113,0.003147467,0.02099532,0.029145954,0.9467113
hurricane-matthew_00000260__b0045,hurricane-matthew,2,3,major-damage,destroyed,0.43828747,0.20430604,0.16367257,0.1937339,0.43828747
hurricane-matthew_00000044__b0237,hurricane-matthew,0,3,no-damage,destroyed,0.4414964,0.25744683,0.11528786,0.18576895,0.4414964
hurricane-matthew_00000104__b0071,hurricane-matthew,1,3,minor-damage,destroyed,0.7217544,0.00092725304,0.023334788,0.25398365,0.7217544
hurricane-matthew_00000166__b0013,hurricane-matthew,3,1,destroyed,minor-damage,0.36167988,0.18267088,0.36167988,0.16790116,0.28774807
hurricane-matthew_00000104__b0228,hurricane-matthew,2,2,major-damage,major-damage,0.48765308,0.09411504,0.075257994,0.48765308,0.34297392
hurricane-matthew_00000104__b0017,hurricane-matthew,1,2,minor-damage,major-damage,0.5897423,0.012879151,0.1540541,0.5897423,0.2433244
hurricane-matthew_00000104__b0047,hurricane-matthew,1,2,minor-damage,major-damage,0.8049757,0.10895978,0.055368565,0.8049757,0.030695954
hurricane-matthew_00000104__b0037,hurricane-matthew,2,3,major-damage,destroyed,0.7793597,0.04091393,0.07341542,0.106310904,0.7793597
hurricane-matthew_00000206__b0005,hurricane-matthew,3,3,destroyed,destroyed,0.79102707,0.026326453,0.1076008,0.07504567,0.79102707
hurricane-matthew_00000035__b0062,hurricane-matthew,0,3,no-damage,destroyed,0.34769142,0.13310672,0.20900919,0.31019267,0.34769142
hurricane-matthew_00000044__b0145,hurricane-matthew,0,0,no-damage,no-damage,0.4421107,0.4421107,0.16291767,0.24665202,0.14831953
hurricane-matthew_00000104__b0088,hurricane-matthew,1,2,minor-damage,major-damage,0.6164848,0.012018813,0.13527976,0.6164848,0.23621659
hurricane-matthew_00000385__b0090,hurricane-matthew,3,3,destroyed,destroyed,0.8595489,0.017112503,0.07986854,0.043470006,0.8595489
hurricane-matthew_00000104__b0183,hurricane-matthew,1,2,minor-damage,major-damage,0.8078584,0.0019469257,0.03454938,0.8078584,0.15564531
hurricane-matthew_00000075__b0130,hurricane-matthew,0,0,no-damage,no-damage,0.8135672,0.8135672,0.11420845,0.058210187,0.014014105
hurricane-matthew_00000104__b0144,hurricane-matthew,1,3,minor-damage,destroyed,0.6594634,0.03856368,0.089977056,0.21199585,0.6594634
hurricane-matthew_00000044__b0131,hurricane-matthew,2,1,major-damage,minor-damage,0.45943838,0.36308253,0.45943838,0.10768258,0.06979651
hurricane-matthew_00000065__b0127,hurricane-matthew,2,1,major-damage,minor-damage,0.60348934,0.10249923,0.60348934,0.25450635,0.039505076
hurricane-matthew_00000104__b0030,hurricane-matthew,1,3,minor-damage,destroyed,0.47528034,0.13130552,0.17614913,0.217265,0.47528034
hurricane-matthew_00000110__b0008,hurricane-matthew,2,0,major-damage,no-damage,0.57848537,0.57848537,0.13625428,0.11251531,0.172745
hurricane-matthew_00000104__b0100,hurricane-matthew,1,3,minor-damage,destroyed,0.6467084,0.11317355,0.1205817,0.11953633,0.6467084
hurricane-matthew_00000329__b0024,hurricane-matthew,2,3,major-damage,destroyed,0.55842996,0.11027557,0.1495691,0.18172538,0.55842996
hurricane-matthew_00000104__b0109,hurricane-matthew,1,2,minor-damage,major-damage,0.437414,0.06877861,0.43380785,0.437414,0.059999548
hurricane-matthew_00000385__b0123,hurricane-matthew,3,3,destroyed,destroyed,0.74211997,0.036619343,0.13687406,0.084386624,0.74211997
hurricane-matthew_00000260__b0016,hurricane-matthew,3,3,destroyed,destroyed,0.6833716,0.097418375,0.107286245,0.111923784,0.6833716
hurricane-matthew_00000152__b0115,hurricane-matthew,2,3,major-damage,destroyed,0.4442976,0.03649999,0.19431877,0.3248836,0.4442976
hurricane-matthew_00000044__b0115,hurricane-matthew,2,0,major-damage,no-damage,0.5085316,0.5085316,0.21207017,0.061274316,0.21812391
hurricane-matthew_00000385__b0116,hurricane-matthew,3,3,destroyed,destroyed,0.946836,0.0048168534,0.031744424,0.01660274,0.946836
hurricane-matthew_00000104__b0012,hurricane-matthew,1,2,minor-damage,major-damage,0.33310735,0.208268,0.17469801,0.33310735,0.28392655
hurricane-matthew_00000385__b0027,hurricane-matthew,3,3,destroyed,destroyed,0.92937154,0.0061658425,0.044799484,0.0196631,0.92937154
hurricane-matthew_00000104__b0287,hurricane-matthew,1,2,minor-damage,major-damage,0.7355524,0.056573175,0.043071683,0.7355524,0.16480274
hurricane-matthew_00000302__b0026,hurricane-matthew,2,2,major-damage,major-damage,0.6859843,0.0371945,0.10637709,0.6859843,0.17044407
hurricane-matthew_00000104__b0210,hurricane-matthew,1,3,minor-damage,destroyed,0.48823285,0.13328975,0.18443923,0.19403811,0.48823285
hurricane-matthew_00000104__b0073,hurricane-matthew,1,2,minor-damage,major-damage,0.8269651,0.0766202,0.080289505,0.8269651,0.016125215
hurricane-matthew_00000385__b0021,hurricane-matthew,3,3,destroyed,destroyed,0.86100817,0.013248709,0.07942465,0.046318475,0.86100817
hurricane-matthew_00000385__b0114,hurricane-matthew,3,3,destroyed,destroyed,0.90332544,0.008517407,0.053473387,0.034683798,0.90332544
hurricane-matthew_00000075__b0115,hurricane-matthew,2,3,major-damage,destroyed,0.75204015,0.07384714,0.08724259,0.08687002,0.75204015
hurricane-matthew_00000065__b0064,hurricane-matthew,2,0,major-damage,no-damage,0.35127762,0.35127762,0.24141376,0.22314125,0.18416734
hurricane-matthew_00000044__b0239,hurricane-matthew,0,3,no-damage,destroyed,0.614861,0.12015266,0.1350211,0.12996516,0.614861
hurricane-matthew_00000104__b0252,hurricane-matthew,2,3,major-damage,destroyed,0.81715775,0.0032217877,0.031815715,0.1478048,0.81715775
hurricane-matthew_00000104__b0026,hurricane-matthew,1,2,minor-damage,major-damage,0.6926442,0.041727435,0.102294356,0.6926442,0.16333398
hurricane-matthew_00000385__b0120,hurricane-matthew,2,3,major-damage,destroyed,0.80666536,0.018981738,0.12406538,0.05028759,0.80666536
hurricane-matthew_00000044__b0247,hurricane-matthew,0,3,no-damage,destroyed,0.683139,0.133094,0.09504427,0.088722736,0.683139
hurricane-matthew_00000400__b0068,hurricane-matthew,3,3,destroyed,destroyed,0.6251239,0.052075926,0.22521882,0.097581394,0.6251239
hurricane-matthew_00000104__b0203,hurricane-matthew,1,3,minor-damage,destroyed,0.6608133,0.005228161,0.050987106,0.28297147,0.6608133
hurricane-matthew_00000385__b0037,hurricane-matthew,3,3,destroyed,destroyed,0.94024265,0.0050353482,0.035190392,0.019531555,0.94024265
hurricane-matthew_00000104__b0061,hurricane-matthew,1,2,minor-damage,major-damage,0.47778913,0.003068858,0.08455021,0.47778913,0.4345918
hurricane-matthew_00000089__b0253,hurricane-matthew,0,0,no-damage,no-damage,0.54259306,0.54259306,0.3486381,0.087676734,0.021092085
hurricane-matthew_00000302__b0035,hurricane-matthew,0,2,no-damage,major-damage,0.50485605,0.27537924,0.109377936,0.50485605,0.11038676
hurricane-matthew_00000385__b0098,hurricane-matthew,3,3,destroyed,destroyed,0.6739661,0.046796374,0.18703711,0.09220044,0.6739661
hurricane-matthew_00000385__b0071,hurricane-matthew,3,3,destroyed,destroyed,0.9399795,0.0051785987,0.036965474,0.017876454,0.9399795
hurricane-matthew_00000044__b0030,hurricane-matthew,0,3,no-damage,destroyed,0.30043328,0.27105582,0.21979131,0.20871957,0.30043328
hurricane-matthew_00000281__b0007,hurricane-matthew,3,3,destroyed,destroyed,0.5955003,0.0815955,0.17575577,0.14714843,0.5955003
hurricane-matthew_00000104__b0219,hurricane-matthew,1,2,minor-damage,major-damage,0.43099666,0.16620058,0.111154966,0.43099666,0.29164782
hurricane-matthew_00000400__b0043,hurricane-matthew,3,3,destroyed,destroyed,0.4256659,0.084983885,0.3702222,0.11912805,0.4256659
hurricane-matthew_00000104__b0043,hurricane-matthew,2,3,major-damage,destroyed,0.8903546,0.00013640018,0.007595561,0.10191344,0.8903546
hurricane-matthew_00000044__b0211,hurricane-matthew,0,3,no-damage,destroyed,0.6357411,0.10356509,0.13475989,0.12593381,0.6357411
hurricane-matthew_00000260__b0032,hurricane-matthew,2,3,major-damage,destroyed,0.48737314,0.24487256,0.14064819,0.12710616,0.48737314
hurricane-matthew_00000104__b0095,hurricane-matthew,1,0,minor-damage,no-damage,0.46716863,0.46716863,0.10426199,0.19282989,0.2357395
hurricane-matthew_00000302__b0054,hurricane-matthew,0,0,no-damage,no-damage,0.3533748,0.3533748,0.34774473,0.22579524,0.07308518
hurricane-matthew_00000104__b0291,hurricane-matthew,3,3,destroyed,destroyed,0.80899745,0.008518127,0.05196699,0.1305174,0.80899745
hurricane-matthew_00000104__b0184,hurricane-matthew,1,3,minor-damage,destroyed,0.7776231,0.0012716546,0.03147903,0.18962617,0.7776231
hurricane-matthew_00000385__b0006,hurricane-matthew,2,0,major-damage,no-damage,0.41849557,0.41849557,0.35038188,0.13350596,0.09761659
hurricane-matthew_00000385__b0097,hurricane-matthew,2,1,major-damage,minor-damage,0.4555846,0.1944284,0.4555846,0.14019215,0.20979483
hurricane-matthew_00000260__b0005,hurricane-matthew,3,3,destroyed,destroyed,0.66705954,0.061807636,0.13322298,0.1379098,0.66705954
hurricane-matthew_00000065__b0051,hurricane-matthew,2,3,major-damage,destroyed,0.7454189,0.024520384,0.11414237,0.11591833,0.7454189
hurricane-matthew_00000260__b0007,hurricane-matthew,3,3,destroyed,destroyed,0.46223015,0.21823692,0.14149992,0.17803298,0.46223015
hurricane-matthew_00000385__b0001,hurricane-matthew,3,3,destroyed,destroyed,0.6150089,0.05139084,0.252105,0.081495255,0.6150089
hurricane-matthew_00000044__b0042,hurricane-matthew,0,3,no-damage,destroyed,0.362243,0.13022059,0.34973043,0.157806,0.362243
hurricane-matthew_00000104__b0070,hurricane-matthew,1,3,minor-damage,destroyed,0.5709093,0.014437994,0.15507104,0.25958169,0.5709093
hurricane-matthew_00000044__b0134,hurricane-matthew,0,3,no-damage,destroyed,0.7393875,0.051699284,0.11597514,0.09293806,0.7393875
hurricane-matthew_00000104__b0238,hurricane-matthew,1,3,minor-damage,destroyed,0.54677445,0.11151075,0.18801484,0.1536999,0.54677445
hurricane-matthew_00000104__b0092,hurricane-matthew,1,3,minor-damage,destroyed,0.5110165,0.030617263,0.052441757,0.4059245,0.5110165
hurricane-matthew_00000075__b0102,hurricane-matthew,0,0,no-damage,no-damage,0.796856,0.796856,0.10459798,0.079547346,0.018998701
hurricane-matthew_00000044__b0038,hurricane-matthew,2,0,major-damage,no-damage,0.46399897,0.46399897,0.40084028,0.089599274,0.045561366
hurricane-matthew_00000376__b0010,hurricane-matthew,2,3,major-damage,destroyed,0.93521714,0.0021035834,0.021941751,0.040737502,0.93521714
hurricane-matthew_00000302__b0132,hurricane-matthew,0,2,no-damage,major-damage,0.27187118,0.23595847,0.2559176,0.27187118,0.23625275
hurricane-matthew_00000385__b0078,hurricane-matthew,3,3,destroyed,destroyed,0.6436072,0.0465581,0.21922992,0.090604745,0.6436072
hurricane-matthew_00000035__b0067,hurricane-matthew,0,1,no-damage,minor-damage,0.56725836,0.3131277,0.56725836,0.094115905,0.025498074
hurricane-matthew_00000350__b0000,hurricane-matthew,0,3,no-damage,destroyed,0.30133426,0.27703014,0.19873881,0.22289677,0.30133426
hurricane-matthew_00000385__b0069,hurricane-matthew,3,3,destroyed,destroyed,0.86259735,0.011989079,0.07873326,0.0466804,0.86259735
hurricane-matthew_00000302__b0083,hurricane-matthew,0,0,no-damage,no-damage,0.5416886,0.5416886,0.17322628,0.18736306,0.09772208
hurricane-matthew_00000400__b0057,hurricane-matthew,2,3,major-damage,destroyed,0.5965459,0.044084236,0.24417429,0.11519562,0.5965459
hurricane-matthew_00000044__b0011,hurricane-matthew,0,3,no-damage,destroyed,0.6006378,0.124742836,0.134674,0.13994542,0.6006378
hurricane-matthew_00000035__b0003,hurricane-matthew,0,0,no-damage,no-damage,0.33378008,0.33378008,0.21806143,0.2670772,0.18108125
hurricane-matthew_00000104__b0075,hurricane-matthew,1,3,minor-damage,destroyed,0.49760896,0.2160003,0.16920598,0.1171848,0.49760896
hurricane-matthew_00000260__b0025,hurricane-matthew,0,2,no-damage,major-damage,0.45010978,0.32236153,0.16013171,0.45010978,0.06739705
hurricane-matthew_00000035__b0041,hurricane-matthew,0,1,no-damage,minor-damage,0.41271332,0.40120295,0.41271332,0.12819879,0.057884887
hurricane-matthew_00000104__b0096,hurricane-matthew,1,2,minor-damage,major-damage,0.53797925,0.05211497,0.14033975,0.53797925,0.26956603
hurricane-matthew_00000400__b0026,hurricane-matthew,3,3,destroyed,destroyed,0.5195577,0.0769326,0.30040562,0.10310408,0.5195577
hurricane-matthew_00000400__b0003,hurricane-matthew,3,3,destroyed,destroyed,0.5064311,0.070876084,0.27461717,0.14807558,0.5064311
hurricane-matthew_00000104__b0051,hurricane-matthew,1,1,minor-damage,minor-damage,0.45990646,0.05676188,0.45990646,0.38890406,0.09442759
hurricane-matthew_00000104__b0195,hurricane-matthew,1,2,minor-damage,major-damage,0.398688,0.27871215,0.10930344,0.398688,0.21329646
hurricane-matthew_00000104__b0120,hurricane-matthew,1,3,minor-damage,destroyed,0.8562752,0.0018332892,0.026602702,0.11528877,0.8562752
hurricane-matthew_00000044__b0088,hurricane-matthew,0,3,no-damage,destroyed,0.43574306,0.14336006,0.22586562,0.19503126,0.43574306
hurricane-matthew_00000104__b0134,hurricane-matthew,2,2,major-damage,major-damage,0.28421268,0.2517882,0.22148742,0.28421268,0.24251169
hurricane-matthew_00000065__b0100,hurricane-matthew,3,3,destroyed,destroyed,0.515006,0.09902945,0.21290307,0.17306148,0.515006
hurricane-matthew_00000044__b0230,hurricane-matthew,0,1,no-damage,minor-damage,0.5051229,0.34453398,0.5051229,0.10203133,0.048311785
hurricane-matthew_00000104__b0062,hurricane-matthew,1,2,minor-damage,major-damage,0.7970301,0.0020787667,0.034903187,0.7970301,0.16598785
hurricane-matthew_00000302__b0092,hurricane-matthew,0,0,no-damage,no-damage,0.65409243,0.65409243,0.16172618,0.11032836,0.07385301
hurricane-matthew_00000104__b0122,hurricane-matthew,1,2,minor-damage,major-damage,0.6332836,0.044305243,0.22335312,0.6332836,0.09905795
hurricane-matthew_00000400__b0027,hurricane-matthew,2,3,major-damage,destroyed,0.49421957,0.13068974,0.2542407,0.12085009,0.49421957
hurricane-matthew_00000044__b0118,hurricane-matthew,0,3,no-damage,destroyed,0.36668667,0.09660832,0.2463028,0.29040217,0.36668667
hurricane-matthew_00000400__b0008,hurricane-matthew,3,3,destroyed,destroyed,0.6890979,0.03049033,0.19877033,0.08164148,0.6890979
hurricane-matthew_00000400__b0063,hurricane-matthew,3,3,destroyed,destroyed,0.58406276,0.05863272,0.1988206,0.15848395,0.58406276
hurricane-matthew_00000104__b0274,hurricane-matthew,2,2,major-damage,major-damage,0.52483726,0.102606185,0.08710094,0.52483726,0.28545564
hurricane-matthew_00000044__b0139,hurricane-matthew,0,3,no-damage,destroyed,0.6402934,0.08251351,0.17376836,0.10342468,0.6402934
hurricane-matthew_00000104__b0295,hurricane-matthew,1,2,minor-damage,major-damage,0.5712119,0.0131845195,0.048736423,0.5712119,0.36686715
hurricane-matthew_00000044__b0196,hurricane-matthew,2,3,major-damage,destroyed,0.8793648,0.010772553,0.061311927,0.048550665,0.8793648
hurricane-matthew_00000104__b0298,hurricane-matthew,2,3,major-damage,destroyed,0.60039914,0.041408576,0.0825342,0.27565804,0.60039914
hurricane-matthew_00000104__b0068,hurricane-matthew,1,3,minor-damage,destroyed,0.37312692,0.14730456,0.24864627,0.23092231,0.37312692
hurricane-matthew_00000044__b0138,hurricane-matthew,0,2,no-damage,major-damage,0.5341267,0.26638848,0.1361317,0.5341267,0.063353114
hurricane-matthew_00000035__b0039,hurricane-matthew,0,0,no-damage,no-damage,0.36371619,0.36371619,0.25538465,0.18834917,0.19254999
hurricane-matthew_00000065__b0021,hurricane-matthew,2,3,major-damage,destroyed,0.5458506,0.056551028,0.21387689,0.18372153,0.5458506
hurricane-matthew_00000104__b0150,hurricane-matthew,1,3,minor-damage,destroyed,0.7385568,0.01531039,0.075157404,0.1709754,0.7385568
hurricane-matthew_00000065__b0156,hurricane-matthew,2,3,major-damage,destroyed,0.5320327,0.06326928,0.23247196,0.17222606,0.5320327
hurricane-matthew_00000302__b0117,hurricane-matthew,0,0,no-damage,no-damage,0.81817853,0.81817853,0.038398415,0.13326256,0.010160523
hurricane-matthew_00000104__b0169,hurricane-matthew,1,2,minor-damage,major-damage,0.49225384,0.012158774,0.101642154,0.49225384,0.39394534
hurricane-matthew_00000104__b0175,hurricane-matthew,1,3,minor-damage,destroyed,0.6133311,0.016411133,0.09144595,0.27881184,0.6133311
hurricane-matthew_00000075__b0135,hurricane-matthew,0,0,no-damage,no-damage,0.41809756,0.41809756,0.20282549,0.15687966,0.22219726
hurricane-matthew_00000104__b0045,hurricane-matthew,1,2,minor-damage,major-damage,0.7069169,0.044797793,0.10317483,0.7069169,0.14511041
hurricane-matthew_00000104__b0300,hurricane-matthew,1,3,minor-damage,destroyed,0.5339752,0.02602965,0.12244671,0.31754842,0.5339752
hurricane-matthew_00000104__b0283,hurricane-matthew,2,3,major-damage,destroyed,0.49575758,0.020196596,0.11340826,0.3706375,0.49575758
hurricane-matthew_00000385__b0003,hurricane-matthew,3,3,destroyed,destroyed,0.6587106,0.044012774,0.19186236,0.10541432,0.6587106
hurricane-matthew_00000044__b0080,hurricane-matthew,0,3,no-damage,destroyed,0.52394116,0.11803574,0.19739085,0.1606323,0.52394116
hurricane-matthew_00000302__b0114,hurricane-matthew,0,3,no-damage,destroyed,0.49293974,0.14388691,0.19691753,0.16625586,0.49293974
hurricane-matthew_00000104__b0257,hurricane-matthew,1,2,minor-damage,major-damage,0.7398106,0.00088261085,0.03442532,0.7398106,0.22488149
hurricane-matthew_00000104__b0099,hurricane-matthew,1,3,minor-damage,destroyed,0.427648,0.30039445,0.14631408,0.12564342,0.427648
hurricane-matthew_00000145__b0018,hurricane-matthew,2,1,major-damage,minor-damage,0.40210706,0.068543814,0.40210706,0.14518474,0.38416433
hurricane-matthew_00000104__b0019,hurricane-matthew,1,2,minor-damage,major-damage,0.44352305,0.036117706,0.34802336,0.44352305,0.17233586
hurricane-matthew_00000104__b0229,hurricane-matthew,2,3,major-damage,destroyed,0.8336779,0.0039859214,0.039252196,0.123084,0.8336779
hurricane-matthew_00000145__b0027,hurricane-matthew,2,3,major-damage,destroyed,0.52124697,0.21805117,0.12447812,0.13622376,0.52124697
hurricane-matthew_00000104__b0218,hurricane-matthew,1,3,minor-damage,destroyed,0.57271916,0.037718996,0.08985928,0.29970258,0.57271916
hurricane-matthew_00000385__b0023,hurricane-matthew,3,3,destroyed,destroyed,0.5639164,0.09162015,0.20500399,0.13945948,0.5639164
hurricane-matthew_00000400__b0046,hurricane-matthew,2,3,major-damage,destroyed,0.7356919,0.059740484,0.12729871,0.0772689,0.7356919
hurricane-matthew_00000281__b0006,hurricane-matthew,3,3,destroyed,destroyed,0.46313763,0.073402815,0.30376753,0.15969205,0.46313763
hurricane-matthew_00000065__b0089,hurricane-matthew,3,3,destroyed,destroyed,0.44834945,0.17303602,0.23029487,0.14831968,0.44834945
hurricane-matthew_00000104__b0217,hurricane-matthew,1,3,minor-damage,destroyed,0.5873137,0.00097014447,0.0336078,0.37810832,0.5873137
hurricane-matthew_00000302__b0021,hurricane-matthew,0,3,no-damage,destroyed,0.37461168,0.058174185,0.3076317,0.25958246,0.37461168
hurricane-matthew_00000104__b0214,hurricane-matthew,1,2,minor-damage,major-damage,0.7544513,0.031262085,0.19520006,0.7544513,0.019086508
hurricane-matthew_00000104__b0196,hurricane-matthew,1,0,minor-damage,no-damage,0.79915136,0.79915136,0.057157658,0.06317884,0.08051208
hurricane-matthew_00000075__b0071,hurricane-matthew,2,3,major-damage,destroyed,0.66144943,0.114277884,0.11124352,0.11302919,0.66144943
hurricane-matthew_00000400__b0028,hurricane-matthew,3,3,destroyed,destroyed,0.623084,0.052659273,0.21356247,0.110694245,0.623084
hurricane-matthew_00000104__b0139,hurricane-matthew,2,3,major-damage,destroyed,0.60434663,0.009099056,0.061786857,0.32476744,0.60434663
hurricane-matthew_00000044__b0010,hurricane-matthew,0,0,no-damage,no-damage,0.4642455,0.4642455,0.3481942,0.10468423,0.08287597
hurricane-matthew_00000044__b0260,hurricane-matthew,0,3,no-damage,destroyed,0.42353758,0.07858386,0.268507,0.22937159,0.42353758
hurricane-matthew_00000400__b0055,hurricane-matthew,3,3,destroyed,destroyed,0.6212543,0.07361757,0.17618665,0.12894143,0.6212543
hurricane-matthew_00000376__b0017,hurricane-matthew,2,3,major-damage,destroyed,0.7775725,0.014308443,0.10534811,0.102770925,0.7775725
hurricane-matthew_00000075__b0080,hurricane-matthew,2,3,major-damage,destroyed,0.5022914,0.24497119,0.11687068,0.13586675,0.5022914
hurricane-matthew_00000206__b0000,hurricane-matthew,2,3,major-damage,destroyed,0.8864273,0.006794114,0.047744602,0.05903398,0.8864273
hurricane-matthew_00000104__b0192,hurricane-matthew,1,2,minor-damage,major-damage,0.5951198,0.041440655,0.21932524,0.5951198,0.14411433
hurricane-matthew_00000044__b0187,hurricane-matthew,0,3,no-damage,destroyed,0.5772682,0.13891335,0.14812987,0.1356886,0.5772682
hurricane-matthew_00000044__b0121,hurricane-matthew,0,0,no-damage,no-damage,0.35507092,0.35507092,0.3015129,0.1156897,0.22772646
hurricane-matthew_00000104__b0191,hurricane-matthew,1,2,minor-damage,major-damage,0.6261326,0.003111561,0.040520944,0.6261326,0.33023494
hurricane-matthew_00000044__b0248,hurricane-matthew,0,1,no-damage,minor-damage,0.44846904,0.13331102,0.44846904,0.21422999,0.20399
hurricane-matthew_00000104__b0108,hurricane-matthew,1,3,minor-damage,destroyed,0.46312442,0.055953044,0.12817834,0.35274416,0.46312442
hurricane-matthew_00000104__b0174,hurricane-matthew,1,2,minor-damage,major-damage,0.8801485,0.0010583049,0.04908705,0.8801485,0.06970609
hurricane-matthew_00000206__b0002,hurricane-matthew,3,3,destroyed,destroyed,0.8903687,0.007010138,0.0513421,0.051278953,0.8903687
hurricane-matthew_00000104__b0317,hurricane-matthew,2,2,major-damage,major-damage,0.5061282,0.0017783382,0.07994385,0.5061282,0.4121496
hurricane-matthew_00000104__b0166,hurricane-matthew,1,0,minor-damage,no-damage,0.4266768,0.4266768,0.09879095,0.17953835,0.29499382
hurricane-matthew_00000044__b0048,hurricane-matthew,0,0,no-damage,no-damage,0.7021432,0.7021432,0.22364707,0.035866223,0.038343523
hurricane-matthew_00000104__b0103,hurricane-matthew,1,2,minor-damage,major-damage,0.49684337,0.06493916,0.17267975,0.49684337,0.2655377
hurricane-matthew_00000089__b0347,hurricane-matthew,0,1,no-damage,minor-damage,0.5837871,0.26708058,0.5837871,0.111803025,0.037329335
hurricane-matthew_00000044__b0208,hurricane-matthew,0,0,no-damage,no-damage,0.4507338,0.4507338,0.11948528,0.15384941,0.27593148
hurricane-matthew_00000044__b0000,hurricane-matthew,2,1,major-damage,minor-damage,0.51061255,0.13691168,0.51061255,0.2697595,0.08271625
hurricane-matthew_00000044__b0097,hurricane-matthew,2,3,major-damage,destroyed,0.6141102,0.094401486,0.15870221,0.13278611,0.6141102
hurricane-matthew_00000260__b0052,hurricane-matthew,2,3,major-damage,destroyed,0.4573787,0.11334377,0.27588856,0.153389,0.4573787
hurricane-matthew_00000104__b0152,hurricane-matthew,1,2,minor-damage,major-damage,0.8861984,0.015631929,0.08268223,0.8861984,0.015487496
hurricane-matthew_00000104__b0031,hurricane-matthew,1,3,minor-damage,destroyed,0.6384966,0.08472107,0.098597996,0.17818433,0.6384966
hurricane-matthew_00000104__b0309,hurricane-matthew,1,2,minor-damage,major-damage,0.61669797,0.026506146,0.3339195,0.61669797,0.022876399
hurricane-matthew_00000065__b0067,hurricane-matthew,2,3,major-damage,destroyed,0.5930721,0.056840282,0.20877299,0.14131463,0.5930721
hurricane-matthew_00000302__b0010,hurricane-matthew,0,2,no-damage,major-damage,0.3557494,0.20605648,0.2638121,0.3557494,0.17438206
hurricane-matthew_00000385__b0109,hurricane-matthew,3,3,destroyed,destroyed,0.82507837,0.018510211,0.10143832,0.054973114,0.82507837
hurricane-matthew_00000104__b0205,hurricane-matthew,1,3,minor-damage,destroyed,0.49003503,0.16529393,0.1324506,0.2122204,0.49003503
hurricane-matthew_00000104__b0305,hurricane-matthew,1,2,minor-damage,major-damage,0.75054276,0.09684021,0.07250055,0.75054276,0.08011649
hurricane-matthew_00000035__b0024,hurricane-matthew,0,3,no-damage,destroyed,0.34599835,0.30223814,0.15562353,0.19613999,0.34599835
hurricane-matthew_00000385__b0044,hurricane-matthew,3,3,destroyed,destroyed,0.8011297,0.025124636,0.11586717,0.05787852,0.8011297
hurricane-matthew_00000104__b0211,hurricane-matthew,1,3,minor-damage,destroyed,0.5817988,0.14302196,0.12534519,0.14983404,0.5817988
hurricane-matthew_00000302__b0081,hurricane-matthew,0,3,no-damage,destroyed,0.2679778,0.23462556,0.2617986,0.23559804,0.2679778
hurricane-matthew_00000400__b0025,hurricane-matthew,3,3,destroyed,destroyed,0.64836913,0.04185076,0.20993859,0.099841475,0.64836913
hurricane-matthew_00000104__b0180,hurricane-matthew,1,3,minor-damage,destroyed,0.3582043,0.21486819,0.14718089,0.27974665,0.3582043
hurricane-matthew_00000044__b0076,hurricane-matthew,0,3,no-damage,destroyed,0.54450095,0.10420219,0.21542197,0.13587487,0.54450095
hurricane-matthew_00000104__b0278,hurricane-matthew,1,3,minor-damage,destroyed,0.8408423,0.0023663163,0.025277417,0.13151403,0.8408423
hurricane-matthew_00000260__b0017,hurricane-matthew,3,0,destroyed,no-damage,0.40552986,0.40552986,0.13681912,0.11316205,0.34448898
hurricane-matthew_00000044__b0180,hurricane-matthew,0,3,no-damage,destroyed,0.72946525,0.057106268,0.12417009,0.08925842,0.72946525
hurricane-matthew_00000104__b0289,hurricane-matthew,1,3,minor-damage,destroyed,0.50853604,0.10543352,0.17941293,0.20661747,0.50853604
hurricane-matthew_00000104__b0188,hurricane-matthew,1,3,minor-damage,destroyed,0.88172776,0.00017987449,0.006561783,0.11153053,0.88172776
hurricane-matthew_00000145__b0026,hurricane-matthew,2,0,major-damage,no-damage,0.743301,0.743301,0.071791,0.04948103,0.13542698
hurricane-matthew_00000104__b0270,hurricane-matthew,1,2,minor-damage,major-damage,0.85041773,0.013238802,0.13013665,0.85041773,0.0062068063
hurricane-matthew_00000385__b0095,hurricane-matthew,3,3,destroyed,destroyed,0.66261786,0.058839373,0.18512136,0.093421414,0.66261786
hurricane-matthew_00000104__b0111,hurricane-matthew,2,3,major-damage,destroyed,0.62999314,0.00069583836,0.018718176,0.35059285,0.62999314
hurricane-matthew_00000104__b0220,hurricane-matthew,1,2,minor-damage,major-damage,0.5330358,0.05246912,0.0926067,0.5330358,0.3218884
hurricane-matthew_00000104__b0083,hurricane-matthew,1,3,minor-damage,destroyed,0.40926307,0.04652269,0.13616936,0.4080449,0.40926307
hurricane-matthew_00000400__b0011,hurricane-matthew,3,3,destroyed,destroyed,0.48186642,0.068469614,0.3138281,0.13583584,0.48186642
hurricane-matthew_00000166__b0012,hurricane-matthew,0,3,no-damage,destroyed,0.36671042,0.13866892,0.21739003,0.27723062,0.36671042
hurricane-matthew_00000104__b0198,hurricane-matthew,1,2,minor-damage,major-damage,0.9493289,0.0012370942,0.022546016,0.9493289,0.026888097
hurricane-matthew_00000065__b0131,hurricane-matthew,2,1,major-damage,minor-damage,0.37603313,0.12856296,0.37603313,0.2603149,0.23508902
hurricane-matthew_00000385__b0115,hurricane-matthew,3,3,destroyed,destroyed,0.81509024,0.022745298,0.108809404,0.053355057,0.81509024
hurricane-matthew_00000104__b0113,hurricane-matthew,1,1,minor-damage,minor-damage,0.43102124,0.07800578,0.43102124,0.33290645,0.15806654
hurricane-matthew_00000302__b0108,hurricane-matthew,0,0,no-damage,no-damage,0.80575997,0.80575997,0.07254354,0.09891923,0.022777252
hurricane-matthew_00000302__b0029,hurricane-matthew,2,0,major-damage,no-damage,0.79771954,0.79771954,0.11766493,0.051157515,0.033458017
hurricane-matthew_00000331__b0007,hurricane-matthew,2,3,major-damage,destroyed,0.6128291,0.10291489,0.15409061,0.13016535,0.6128291
hurricane-matthew_00000035__b0036,hurricane-matthew,0,3,no-damage,destroyed,0.639533,0.08931331,0.14722688,0.1239268,0.639533
hurricane-matthew_00000400__b0065,hurricane-matthew,3,3,destroyed,destroyed,0.43125436,0.07204712,0.35455483,0.14214371,0.43125436
hurricane-matthew_00000385__b0094,hurricane-matthew,3,3,destroyed,destroyed,0.9241007,0.0074860435,0.045459654,0.022953643,0.9241007
hurricane-matthew_00000065__b0136,hurricane-matthew,2,3,major-damage,destroyed,0.3979424,0.10001111,0.3548294,0.14721707,0.3979424
hurricane-matthew_00000145__b0036,hurricane-matthew,2,0,major-damage,no-damage,0.43726513,0.43726513,0.200463,0.10050159,0.2617702
hurricane-matthew_00000075__b0169,hurricane-matthew,2,1,major-damage,minor-damage,0.40764204,0.12682746,0.40764204,0.22281536,0.2427152
hurricane-matthew_00000044__b0195,hurricane-matthew,0,3,no-damage,destroyed,0.5455945,0.25999686,0.11109908,0.0833096,0.5455945
hurricane-matthew_00000376__b0024,hurricane-matthew,2,3,major-damage,destroyed,0.9020953,0.0014030134,0.015826613,0.08067505,0.9020953
hurricane-matthew_00000385__b0121,hurricane-matthew,3,3,destroyed,destroyed,0.7716999,0.028725443,0.14196521,0.05760941,0.7716999
hurricane-matthew_00000044__b0202,hurricane-matthew,0,1,no-damage,minor-damage,0.557763,0.042621505,0.557763,0.3382951,0.061320454
hurricane-matthew_00000400__b0039,hurricane-matthew,3,3,destroyed,destroyed,0.74345386,0.028774058,0.16028129,0.06749076,0.74345386
hurricane-matthew_00000385__b0059,hurricane-matthew,3,1,destroyed,minor-damage,0.38194442,0.1293238,0.38194442,0.116437644,0.37229416
hurricane-matthew_00000302__b0052,hurricane-matthew,0,2,no-damage,major-damage,0.70009017,0.18782032,0.05528548,0.70009017,0.056804057
hurricane-matthew_00000302__b0028,hurricane-matthew,2,3,major-damage,destroyed,0.93491083,0.00403443,0.02183856,0.039216172,0.93491083
hurricane-matthew_00000075__b0019,hurricane-matthew,2,3,major-damage,destroyed,0.6308271,0.21763566,0.06384074,0.08769651,0.6308271
hurricane-matthew_00000065__b0037,hurricane-matthew,2,3,major-damage,destroyed,0.40259942,0.34041506,0.15120071,0.10578483,0.40259942
hurricane-matthew_00000104__b0025,hurricane-matthew,1,2,minor-damage,major-damage,0.54782164,0.00050095917,0.023682777,0.54782164,0.42799458
hurricane-matthew_00000145__b0033,hurricane-matthew,2,1,major-damage,minor-damage,0.43292248,0.06487186,0.43292248,0.1446038,0.3576019
hurricane-matthew_00000104__b0194,hurricane-matthew,1,2,minor-damage,major-damage,0.6417585,0.020963462,0.20985469,0.6417585,0.12742339
hurricane-matthew_00000075__b0178,hurricane-matthew,0,0,no-damage,no-damage,0.68847406,0.68847406,0.21197534,0.06862567,0.030924937
hurricane-matthew_00000260__b0072,hurricane-matthew,2,3,major-damage,destroyed,0.56605166,0.09102641,0.18844704,0.15447493,0.56605166
hurricane-matthew_00000104__b0032,hurricane-matthew,2,3,major-damage,destroyed,0.9693925,7.0777874e-05,0.003115669,0.027421089,0.9693925
hurricane-matthew_00000104__b0170,hurricane-matthew,1,3,minor-damage,destroyed,0.3370434,0.26319507,0.25151625,0.14824528,0.3370434
hurricane-matthew_00000400__b0000,hurricane-matthew,3,3,destroyed,destroyed,0.5868601,0.062073473,0.2382445,0.1128219,0.5868601
hurricane-matthew_00000044__b0109,hurricane-matthew,0,1,no-damage,minor-damage,0.6624657,0.06397795,0.6624657,0.2285746,0.044981726
hurricane-matthew_00000385__b0061,hurricane-matthew,3,3,destroyed,destroyed,0.8130616,0.014746926,0.116573974,0.05561749,0.8130616
hurricane-matthew_00000044__b0168,hurricane-matthew,2,1,major-damage,minor-damage,0.4357184,0.07170227,0.4357184,0.2906563,0.20192309
hurricane-matthew_00000181__b0010,hurricane-matthew,0,3,no-damage,destroyed,0.63645667,0.059699718,0.17253545,0.13130811,0.63645667
hurricane-matthew_00000302__b0058,hurricane-matthew,0,0,no-damage,no-damage,0.8270104,0.8270104,0.065143645,0.046995346,0.060850553
hurricane-matthew_00000044__b0167,hurricane-matthew,0,3,no-damage,destroyed,0.5557776,0.14516617,0.13818194,0.16087425,0.5557776
hurricane-matthew_00000065__b0094,hurricane-matthew,2,3,major-damage,destroyed,0.6475877,0.040854227,0.1725743,0.13898377,0.6475877
hurricane-matthew_00000065__b0000,hurricane-matthew,2,1,major-damage,minor-damage,0.29422316,0.18198793,0.29422316,0.25221023,0.2715787
hurricane-matthew_00000044__b0130,hurricane-matthew,0,3,no-damage,destroyed,0.39151907,0.33771253,0.12791796,0.14285043,0.39151907
hurricane-matthew_00000044__b0133,hurricane-matthew,0,0,no-damage,no-damage,0.71080446,0.71080446,0.22167826,0.021740636,0.045776576
hurricane-matthew_00000385__b0108,hurricane-matthew,3,3,destroyed,destroyed,0.9377356,0.0042236797,0.034377623,0.023663068,0.9377356
hurricane-matthew_00000104__b0136,hurricane-matthew,1,2,minor-damage,major-damage,0.61960316,0.0008039903,0.028654443,0.61960316,0.35093832
hurricane-matthew_00000385__b0062,hurricane-matthew,3,3,destroyed,destroyed,0.6972491,0.040088583,0.1774182,0.08524406,0.6972491
hurricane-matthew_00000044__b0271,hurricane-matthew,0,3,no-damage,destroyed,0.67010427,0.12122131,0.10457055,0.104103886,0.67010427
hurricane-matthew_00000104__b0052,hurricane-matthew,1,2,minor-damage,major-damage,0.36340258,0.1786889,0.099301286,0.36340258,0.35860714
hurricane-matthew_00000206__b0014,hurricane-matthew,3,3,destroyed,destroyed,0.64954996,0.05490222,0.1778375,0.11771035,0.64954996
hurricane-matthew_00000385__b0099,hurricane-matthew,3,3,destroyed,destroyed,0.9880884,0.00061907276,0.0065855784,0.0047068666,0.9880884
hurricane-matthew_00000369__b0007,hurricane-matthew,2,3,major-damage,destroyed,0.5815367,0.091037184,0.13354525,0.19388086,0.5815367
hurricane-matthew_00000302__b0045,hurricane-matthew,2,2,major-damage,major-damage,0.7076889,0.060763266,0.09120762,0.7076889,0.14034018
hurricane-matthew_00000044__b0141,hurricane-matthew,2,1,major-damage,minor-damage,0.5695198,0.09213147,0.5695198,0.19674183,0.1416069
hurricane-matthew_00000302__b0005,hurricane-matthew,0,3,no-damage,destroyed,0.6635369,0.06187841,0.14754505,0.12703967,0.6635369
hurricane-matthew_00000329__b0027,hurricane-matthew,2,3,major-damage,destroyed,0.43908963,0.10691847,0.23200193,0.22198996,0.43908963
hurricane-matthew_00000104__b0256,hurricane-matthew,2,3,major-damage,destroyed,0.68242973,0.013884467,0.07144019,0.23224558,0.68242973
hurricane-matthew_00000044__b0150,hurricane-matthew,0,1,no-damage,minor-damage,0.31271303,0.18599103,0.31271303,0.3003794,0.20091648
hurricane-matthew_00000385__b0002,hurricane-matthew,3,3,destroyed,destroyed,0.5647685,0.048192192,0.28402033,0.10301899,0.5647685
hurricane-matthew_00000376__b0000,hurricane-matthew,2,3,major-damage,destroyed,0.99075794,0.0002635782,0.0033785985,0.0055999127,0.99075794
hurricane-matthew_00000104__b0024,hurricane-matthew,2,2,major-damage,major-damage,0.45060575,0.10066854,0.0867528,0.45060575,0.3619729
hurricane-matthew_00000104__b0112,hurricane-matthew,1,3,minor-damage,destroyed,0.82974064,0.0037209115,0.04567307,0.120865434,0.82974064
hurricane-matthew_00000044__b0266,hurricane-matthew,0,1,no-damage,minor-damage,0.49117,0.4259942,0.49117,0.059384733,0.023451155
hurricane-matthew_00000104__b0056,hurricane-matthew,2,3,major-damage,destroyed,0.77946526,0.01968,0.07099839,0.12985636,0.77946526
hurricane-matthew_00000104__b0276,hurricane-matthew,1,0,minor-damage,no-damage,0.4191805,0.4191805,0.111558884,0.19277166,0.27648893
hurricane-matthew_00000065__b0028,hurricane-matthew,2,1,major-damage,minor-damage,0.4762293,0.18865326,0.4762293,0.2809848,0.054132607
hurricane-matthew_00000281__b0001,hurricane-matthew,3,3,destroyed,destroyed,0.57401335,0.073035605,0.21257967,0.14037138,0.57401335
hurricane-matthew_00000260__b0009,hurricane-matthew,3,3,destroyed,destroyed,0.4005341,0.23643512,0.20221117,0.16081966,0.4005341
hurricane-matthew_00000385__b0076,hurricane-matthew,2,3,major-damage,destroyed,0.38383177,0.082043424,0.3771416,0.15698324,0.38383177
hurricane-matthew_00000104__b0081,hurricane-matthew,1,2,minor-damage,major-damage,0.70289034,0.053472105,0.1325333,0.70289034,0.11110425
hurricane-matthew_00000044__b0079,hurricane-matthew,0,3,no-damage,destroyed,0.45601824,0.22335958,0.15593709,0.16468504,0.45601824
hurricane-matthew_00000400__b0017,hurricane-matthew,3,3,destroyed,destroyed,0.3755437,0.08006818,0.37310117,0.17128697,0.3755437
hurricane-matthew_00000104__b0266,hurricane-matthew,1,2,minor-damage,major-damage,0.51545954,0.02775475,0.099354275,0.51545954,0.3574314
hurricane-matthew_00000260__b0066,hurricane-matthew,2,3,major-damage,destroyed,0.69718814,0.079248086,0.10755269,0.11601113,0.69718814
hurricane-matthew_00000044__b0071,hurricane-matthew,0,3,no-damage,destroyed,0.3518531,0.23580839,0.18551165,0.22682688,0.3518531
hurricane-matthew_00000206__b0012,hurricane-matthew,3,3,destroyed,destroyed,0.59068483,0.0721063,0.18721408,0.14999485,0.59068483
hurricane-matthew_00000104__b0138,hurricane-matthew,1,3,minor-damage,destroyed,0.73777467,0.0005928669,0.021559805,0.24007265,0.73777467
hurricane-matthew_00000104__b0299,hurricane-matthew,1,2,minor-damage,major-damage,0.70414454,0.019204674,0.1939988,0.70414454,0.08265192
hurricane-matthew_00000075__b0090,hurricane-matthew,0,3,no-damage,destroyed,0.33829167,0.15788233,0.18723124,0.3165948,0.33829167
hurricane-matthew_00000104__b0058,hurricane-matthew,1,2,minor-damage,major-damage,0.7961997,0.009494528,0.049017906,0.7961997,0.14528786
hurricane-matthew_00000104__b0076,hurricane-matthew,1,1,minor-damage,minor-damage,0.57384384,0.16280586,0.57384384,0.21151513,0.05183513
hurricane-matthew_00000385__b0074,hurricane-matthew,3,3,destroyed,destroyed,0.9244617,0.0063695298,0.03917042,0.029998353,0.9244617
hurricane-matthew_00000044__b0124,hurricane-matthew,0,3,no-damage,destroyed,0.75457543,0.11098185,0.063617356,0.07082535,0.75457543
hurricane-matthew_00000376__b0006,hurricane-matthew,3,2,destroyed,major-damage,0.7176189,0.008297058,0.038047034,0.7176189,0.23603705
hurricane-matthew_00000044__b0046,hurricane-matthew,0,3,no-damage,destroyed,0.66055006,0.056145422,0.1389293,0.14437528,0.66055006
hurricane-matthew_00000044__b0263,hurricane-matthew,0,3,no-damage,destroyed,0.59168637,0.10630212,0.17797653,0.12403495,0.59168637
hurricane-matthew_00000145__b0004,hurricane-matthew,2,0,major-damage,no-damage,0.5094393,0.5094393,0.0760262,0.23174985,0.18278466
hurricane-matthew_00000385__b0029,hurricane-matthew,2,3,major-damage,destroyed,0.88277656,0.008840748,0.06961742,0.038765304,0.88277656
hurricane-matthew_00000302__b0008,hurricane-matthew,0,3,no-damage,destroyed,0.41171342,0.061937746,0.13779391,0.38855484,0.41171342
hurricane-matthew_00000065__b0031,hurricane-matthew,2,3,major-damage,destroyed,0.42926916,0.24456815,0.16037987,0.16578284,0.42926916
hurricane-matthew_00000104__b0006,hurricane-matthew,2,2,major-damage,major-damage,0.51230246,0.0008863513,0.020436145,0.51230246,0.46637508
hurricane-matthew_00000376__b0016,hurricane-matthew,3,3,destroyed,destroyed,0.9756444,0.0012273045,0.009184317,0.013943935,0.9756444
hurricane-matthew_00000075__b0051,hurricane-matthew,0,1,no-damage,minor-damage,0.38029504,0.30730432,0.38029504,0.24645975,0.06594089
hurricane-matthew_00000044__b0160,hurricane-matthew,0,3,no-damage,destroyed,0.6232319,0.1031715,0.16140269,0.112193905,0.6232319
hurricane-matthew_00000206__b0017,hurricane-matthew,3,3,destroyed,destroyed,0.7213521,0.05040118,0.14346531,0.08478137,0.7213521
hurricane-matthew_00000190__b0001,hurricane-matthew,3,3,destroyed,destroyed,0.5116867,0.106703,0.2019877,0.1796226,0.5116867
hurricane-matthew_00000302__b0030,hurricane-matthew,2,3,major-damage,destroyed,0.56006706,0.021045875,0.1093647,0.30952233,0.56006706
hurricane-matthew_00000104__b0222,hurricane-matthew,1,3,minor-damage,destroyed,0.6306397,0.023133948,0.12600292,0.22022346,0.6306397
hurricane-matthew_00000104__b0048,hurricane-matthew,1,3,minor-damage,destroyed,0.8312699,0.0036817752,0.03897238,0.1260759,0.8312699
hurricane-matthew_00000400__b0033,hurricane-matthew,3,3,destroyed,destroyed,0.4020379,0.06614782,0.38312855,0.14868575,0.4020379
hurricane-matthew_00000089__b0222,hurricane-matthew,0,1,no-damage,minor-damage,0.71918684,0.08930343,0.71918684,0.12596504,0.065544724
hurricane-matthew_00000044__b0222,hurricane-matthew,0,0,no-damage,no-damage,0.73603725,0.73603725,0.11880656,0.045592543,0.09956354
hurricane-matthew_00000104__b0267,hurricane-matthew,1,3,minor-damage,destroyed,0.4901288,0.0020730966,0.047936965,0.45986116,0.4901288
hurricane-matthew_00000044__b0259,hurricane-matthew,0,3,no-damage,destroyed,0.5840598,0.08885801,0.17229944,0.15478277,0.5840598
hurricane-matthew_00000104__b0209,hurricane-matthew,1,3,minor-damage,destroyed,0.77416164,0.00032656515,0.015867941,0.20964383,0.77416164
hurricane-matthew_00000035__b0009,hurricane-matthew,0,0,no-damage,no-damage,0.44682822,0.44682822,0.35732564,0.09049068,0.10535537
hurricane-matthew_00000376__b0027,hurricane-matthew,3,3,destroyed,destroyed,0.9622055,0.0010573218,0.010341709,0.026395433,0.9622055
hurricane-matthew_00000145__b0017,hurricane-matthew,2,3,major-damage,destroyed,0.7318085,0.052710813,0.11200258,0.10347817,0.7318085
hurricane-matthew_00000260__b0012,hurricane-matthew,2,3,major-damage,destroyed,0.5142124,0.07588974,0.17572862,0.23416916,0.5142124
hurricane-matthew_00000385__b0117,hurricane-matthew,3,3,destroyed,destroyed,0.79676366,0.032423105,0.11050143,0.06031185,0.79676366
hurricane-matthew_00000285__b0004,hurricane-matthew,2,3,major-damage,destroyed,0.43636495,0.06464918,0.27684328,0.22214258,0.43636495
hurricane-matthew_00000376__b0007,hurricane-matthew,3,3,destroyed,destroyed,0.8734603,0.0042746775,0.033501506,0.08876355,0.8734603
hurricane-matthew_00000104__b0173,hurricane-matthew,1,2,minor-damage,major-damage,0.7647716,0.02767739,0.14034736,0.7647716,0.067203656
hurricane-matthew_00000369__b0015,hurricane-matthew,2,0,major-damage,no-damage,0.5163177,0.5163177,0.07714518,0.31674355,0.0897936
hurricane-matthew_00000260__b0006,hurricane-matthew,3,3,destroyed,destroyed,0.6638332,0.08190709,0.14062877,0.11363096,0.6638332
hurricane-matthew_00000104__b0000,hurricane-matthew,1,3,minor-damage,destroyed,0.445676,0.2958821,0.08418864,0.17425331,0.445676
hurricane-matthew_00000044__b0049,hurricane-matthew,0,3,no-damage,destroyed,0.37312904,0.0528626,0.311184,0.26282442,0.37312904
hurricane-matthew_00000044__b0220,hurricane-matthew,0,3,no-damage,destroyed,0.28842828,0.27326852,0.18628679,0.25201645,0.28842828
hurricane-matthew_00000400__b0014,hurricane-matthew,2,3,major-damage,destroyed,0.42369002,0.062049616,0.25151417,0.26274616,0.42369002
hurricane-matthew_00000385__b0051,hurricane-matthew,3,3,destroyed,destroyed,0.6654801,0.04631346,0.18250248,0.105704024,0.6654801
hurricane-matthew_00000104__b0193,hurricane-matthew,1,2,minor-damage,major-damage,0.4829712,0.038321245,0.30864206,0.4829712,0.17006554
hurricane-matthew_00000400__b0038,hurricane-matthew,3,3,destroyed,destroyed,0.7481647,0.024219217,0.14298044,0.084635645,0.7481647
hurricane-matthew_00000385__b0052,hurricane-matthew,3,3,destroyed,destroyed,0.7395895,0.03354152,0.14658509,0.08028388,0.7395895
hurricane-matthew_00000035__b0019,hurricane-matthew,0,3,no-damage,destroyed,0.47021157,0.25671288,0.11977208,0.15330358,0.47021157
hurricane-matthew_00000104__b0131,hurricane-matthew,2,2,major-damage,major-damage,0.5874201,0.0006428384,0.02853275,0.5874201,0.38340428
hurricane-matthew_00000104__b0178,hurricane-matthew,2,3,major-damage,destroyed,0.8100659,0.042096898,0.061098818,0.086738266,0.8100659
hurricane-matthew_00000044__b0129,hurricane-matthew,0,3,no-damage,destroyed,0.8438519,0.02234038,0.076621406,0.057186335,0.8438519
hurricane-matthew_00000385__b0036,hurricane-matthew,3,1,destroyed,minor-damage,0.5014966,0.13800366,0.5014966,0.115743585,0.2447561
hurricane-matthew_00000104__b0067,hurricane-matthew,1,2,minor-damage,major-damage,0.6037786,0.19692843,0.12515998,0.6037786,0.074133
hurricane-matthew_00000044__b0204,hurricane-matthew,0,3,no-damage,destroyed,0.53499234,0.1349969,0.14706866,0.18294206,0.53499234
hurricane-matthew_00000329__b0002,hurricane-matthew,2,3,major-damage,destroyed,0.3838046,0.10297544,0.21405515,0.29916477,0.3838046
hurricane-matthew_00000385__b0024,hurricane-matthew,3,3,destroyed,destroyed,0.790231,0.029737862,0.11486817,0.06516295,0.790231
hurricane-matthew_00000260__b0014,hurricane-matthew,3,2,destroyed,major-damage,0.38015765,0.28269243,0.13669108,0.38015765,0.20045882
hurricane-matthew_00000044__b0128,hurricane-matthew,2,1,major-damage,minor-damage,0.5712048,0.13621692,0.5712048,0.1460861,0.14649227
hurricane-matthew_00000166__b0015,hurricane-matthew,3,3,destroyed,destroyed,0.5583521,0.056640975,0.2553905,0.1296164,0.5583521
hurricane-matthew_00000104__b0082,hurricane-matthew,1,2,minor-damage,major-damage,0.4906398,0.15379703,0.15067375,0.4906398,0.20488939
hurricane-matthew_00000302__b0043,hurricane-matthew,0,2,no-damage,major-damage,0.5089797,0.08464493,0.2421926,0.5089797,0.16418277
hurricane-matthew_00000104__b0141,hurricane-matthew,1,3,minor-damage,destroyed,0.7367169,0.012978031,0.09145784,0.15884724,0.7367169
hurricane-matthew_00000044__b0200,hurricane-matthew,2,3,major-damage,destroyed,0.371943,0.2996055,0.14468476,0.18376675,0.371943
hurricane-matthew_00000044__b0185,hurricane-matthew,0,3,no-damage,destroyed,0.7628742,0.053207982,0.0903517,0.0935662,0.7628742
hurricane-matthew_00000400__b0010,hurricane-matthew,3,3,destroyed,destroyed,0.70092297,0.0361718,0.17255525,0.09035004,0.70092297
hurricane-matthew_00000044__b0154,hurricane-matthew,0,3,no-damage,destroyed,0.5155048,0.107484,0.19494863,0.18206257,0.5155048
hurricane-matthew_00000044__b0173,hurricane-matthew,0,1,no-damage,minor-damage,0.38932058,0.12438402,0.38932058,0.36151668,0.12477869
hurricane-matthew_00000104__b0155,hurricane-matthew,1,3,minor-damage,destroyed,0.7016702,0.0029165456,0.043050416,0.25236282,0.7016702
hurricane-matthew_00000044__b0244,hurricane-matthew,0,3,no-damage,destroyed,0.58185905,0.15173012,0.16984957,0.09656122,0.58185905
hurricane-matthew_00000104__b0288,hurricane-matthew,1,0,minor-damage,no-damage,0.45526078,0.45526078,0.39654636,0.09412329,0.05406956
hurricane-matthew_00000385__b0009,hurricane-matthew,3,3,destroyed,destroyed,0.67515296,0.044401146,0.18102925,0.09941662,0.67515296
hurricane-matthew_00000302__b0088,hurricane-matthew,0,0,no-damage,no-damage,0.44831556,0.44831556,0.3778875,0.12338199,0.050415024
hurricane-matthew_00000104__b0264,hurricane-matthew,1,0,minor-damage,no-damage,0.4400364,0.4400364,0.04671923,0.40313557,0.110108815
hurricane-matthew_00000385__b0057,hurricane-matthew,3,3,destroyed,destroyed,0.60326105,0.051107507,0.24607828,0.09955315,0.60326105
hurricane-matthew_00000044__b0055,hurricane-matthew,0,2,no-damage,major-damage,0.5439793,0.019605698,0.31361577,0.5439793,0.12279925
hurricane-matthew_00000104__b0246,hurricane-matthew,1,3,minor-damage,destroyed,0.9060882,0.00010412681,0.0051480853,0.08865963,0.9060882
hurricane-matthew_00000104__b0268,hurricane-matthew,2,3,major-damage,destroyed,0.5400029,0.0035668835,0.031282123,0.4251481,0.5400029
hurricane-matthew_00000205__b0000,hurricane-matthew,2,3,major-damage,destroyed,0.7917111,0.022530155,0.10193123,0.08382754,0.7917111
hurricane-matthew_00000385__b0070,hurricane-matthew,3,3,destroyed,destroyed,0.72857344,0.0320445,0.15804785,0.0813343,0.72857344
hurricane-matthew_00000044__b0261,hurricane-matthew,0,0,no-damage,no-damage,0.5697277,0.5697277,0.40058628,0.016978169,0.012707792
hurricane-matthew_00000044__b0201,hurricane-matthew,0,0,no-damage,no-damage,0.4063733,0.4063733,0.22334592,0.1837196,0.18656114
hurricane-matthew_00000104__b0039,hurricane-matthew,1,0,minor-damage,no-damage,0.50012213,0.50012213,0.17247315,0.20280167,0.12460311
hurricane-matthew_00000104__b0258,hurricane-matthew,1,2,minor-damage,major-damage,0.5584063,0.04339406,0.12148674,0.5584063,0.27671292
hurricane-matthew_00000385__b0092,hurricane-matthew,3,3,destroyed,destroyed,0.97264874,0.0017649534,0.015178633,0.010407661,0.97264874
hurricane-matthew_00000065__b0123,hurricane-matthew,2,3,major-damage,destroyed,0.7253617,0.028071746,0.17530093,0.0712656,0.7253617
hurricane-matthew_00000400__b0018,hurricane-matthew,3,3,destroyed,destroyed,0.7123921,0.038185313,0.15832162,0.09110091,0.7123921
hurricane-matthew_00000044__b0116,hurricane-matthew,0,3,no-damage,destroyed,0.58140785,0.089218706,0.18757653,0.14179692,0.58140785
hurricane-matthew_00000104__b0007,hurricane-matthew,1,3,minor-damage,destroyed,0.7813112,0.0013148395,0.025489585,0.19188438,0.7813112
hurricane-matthew_00000205__b0012,hurricane-matthew,2,3,major-damage,destroyed,0.7542767,0.032922648,0.13697566,0.075825006,0.7542767
hurricane-matthew_00000385__b0084,hurricane-matthew,3,3,destroyed,destroyed,0.67495066,0.045611713,0.18842912,0.09100852,0.67495066
hurricane-matthew_00000044__b0210,hurricane-matthew,0,1,no-damage,minor-damage,0.40174255,0.4010922,0.40174255,0.13484904,0.062316146
hurricane-matthew_00000065__b0038,hurricane-matthew,2,3,major-damage,destroyed,0.50997406,0.06952534,0.26760733,0.15289332,0.50997406
hurricane-matthew_00000385__b0081,hurricane-matthew,3,3,destroyed,destroyed,0.69488996,0.027897373,0.15869866,0.11851397,0.69488996
hurricane-matthew_00000385__b0096,hurricane-matthew,3,3,destroyed,destroyed,0.95394707,0.0034646033,0.028060647,0.01452778,0.95394707
hurricane-matthew_00000145__b0029,hurricane-matthew,2,3,major-damage,destroyed,0.6205203,0.18089584,0.109433874,0.08914995,0.6205203
hurricane-matthew_00000044__b0233,hurricane-matthew,3,0,destroyed,no-damage,0.3492504,0.3492504,0.1405394,0.29721177,0.21299843
hurricane-matthew_00000400__b0030,hurricane-matthew,3,3,destroyed,destroyed,0.43994057,0.06535151,0.35623324,0.13847469,0.43994057
hurricane-matthew_00000104__b0097,hurricane-matthew,1,2,minor-damage,major-damage,0.6063277,0.029525137,0.12085518,0.6063277,0.24329197
hurricane-matthew_00000104__b0176,hurricane-matthew,1,3,minor-damage,destroyed,0.54441935,0.21984032,0.093713425,0.14202693,0.54441935
hurricane-matthew_00000190__b0006,hurricane-matthew,3,3,destroyed,destroyed,0.97219616,0.0014336243,0.0112498505,0.015120436,0.97219616
hurricane-matthew_00000400__b0032,hurricane-matthew,3,1,destroyed,minor-damage,0.38595897,0.32390672,0.38595897,0.08874796,0.20138644
hurricane-matthew_00000400__b0053,hurricane-matthew,3,3,destroyed,destroyed,0.8580396,0.014533456,0.072926074,0.054500848,0.8580396
hurricane-matthew_00000385__b0031,hurricane-matthew,3,3,destroyed,destroyed,0.43471637,0.08385704,0.34716284,0.13426374,0.43471637
hurricane-matthew_00000044__b0108,hurricane-matthew,0,3,no-damage,destroyed,0.6007716,0.06279308,0.20544371,0.13099165,0.6007716
hurricane-matthew_00000376__b0021,hurricane-matthew,3,3,destroyed,destroyed,0.9192435,0.0069256807,0.033958387,0.039872464,0.9192435
hurricane-matthew_00000260__b0056,hurricane-matthew,0,3,no-damage,destroyed,0.44064078,0.0813208,0.21247673,0.26556173,0.44064078
hurricane-matthew_00000385__b0016,hurricane-matthew,3,3,destroyed,destroyed,0.588169,0.051710892,0.25422636,0.1058937,0.588169
hurricane-matthew_00000044__b0074,hurricane-matthew,0,1,no-damage,minor-damage,0.4467013,0.3585315,0.4467013,0.123794235,0.07097295
hurricane-matthew_00000044__b0171,hurricane-matthew,0,3,no-damage,destroyed,0.48976937,0.34438375,0.09609989,0.069747,0.48976937
hurricane-matthew_00000044__b0246,hurricane-matthew,0,3,no-damage,destroyed,0.50331736,0.114319816,0.2149108,0.16745204,0.50331736
hurricane-matthew_00000400__b0042,hurricane-matthew,3,3,destroyed,destroyed,0.9109368,0.0043523354,0.041964293,0.042746536,0.9109368
hurricane-matthew_00000104__b0204,hurricane-matthew,1,2,minor-damage,major-damage,0.6708228,0.004501608,0.06619113,0.6708228,0.25848457
hurricane-matthew_00000104__b0162,hurricane-matthew,1,1,minor-damage,minor-damage,0.46564496,0.030012863,0.46564496,0.46311775,0.041224416
hurricane-matthew_00000089__b0201,hurricane-matthew,0,1,no-damage,minor-damage,0.7511895,0.08485116,0.7511895,0.13739756,0.02656173
hurricane-matthew_00000400__b0007,hurricane-matthew,3,3,destroyed,destroyed,0.40425444,0.14621617,0.33049127,0.1190381,0.40425444
hurricane-matthew_00000302__b0060,hurricane-matthew,0,3,no-damage,destroyed,0.6204474,0.13462132,0.12700456,0.11792672,0.6204474
hurricane-matthew_00000035__b0045,hurricane-matthew,0,1,no-damage,minor-damage,0.41507953,0.27470222,0.41507953,0.19983888,0.11037929
hurricane-matthew_00000145__b0006,hurricane-matthew,2,3,major-damage,destroyed,0.44619215,0.18446682,0.24024203,0.12909894,0.44619215
hurricane-matthew_00000044__b0262,hurricane-matthew,0,1,no-damage,minor-damage,0.612578,0.08235233,0.612578,0.18650565,0.11856401
hurricane-matthew_00000400__b0006,hurricane-matthew,3,3,destroyed,destroyed,0.71893185,0.07482062,0.12488078,0.081366785,0.71893185
hurricane-matthew_00000044__b0253,hurricane-matthew,0,0,no-damage,no-damage,0.5568023,0.5568023,0.32800004,0.055663075,0.05953469
hurricane-matthew_00000400__b0062,hurricane-matthew,3,3,destroyed,destroyed,0.9594337,0.0027420684,0.022370838,0.015453347,0.9594337
hurricane-matthew_00000044__b0066,hurricane-matthew,0,1,no-damage,minor-damage,0.45354772,0.38803837,0.45354772,0.10509862,0.05331522
hurricane-matthew_00000205__b0003,hurricane-matthew,2,3,major-damage,destroyed,0.56549007,0.050897993,0.24105358,0.14255834,0.56549007
hurricane-matthew_00000065__b0001,hurricane-matthew,2,3,major-damage,destroyed,0.34806168,0.055189416,0.29858422,0.29816464,0.34806168
hurricane-matthew_00000400__b0001,hurricane-matthew,3,3,destroyed,destroyed,0.64900124,0.04816605,0.18878661,0.114046104,0.64900124
hurricane-matthew_00000044__b0186,hurricane-matthew,0,2,no-damage,major-damage,0.51558954,0.07472308,0.35505858,0.51558954,0.054628763
hurricane-matthew_00000104__b0059,hurricane-matthew,1,2,minor-damage,major-damage,0.5152028,0.10065004,0.21799465,0.5152028,0.16615248
hurricane-matthew_00000104__b0187,hurricane-matthew,2,3,major-damage,destroyed,0.6798784,0.06401952,0.09428039,0.16182165,0.6798784
hurricane-matthew_00000044__b0175,hurricane-matthew,3,3,destroyed,destroyed,0.65223974,0.06459576,0.1484486,0.13471591,0.65223974
hurricane-matthew_00000104__b0226,hurricane-matthew,1,0,minor-damage,no-damage,0.58900046,0.58900046,0.28520924,0.061293684,0.06449668
hurricane-matthew_00000302__b0069,hurricane-matthew,0,2,no-damage,major-damage,0.8989183,0.049910095,0.029173154,0.8989183,0.021998465
hurricane-matthew_00000044__b0057,hurricane-matthew,0,3,no-damage,destroyed,0.69705445,0.052492328,0.13887772,0.11157558,0.69705445
hurricane-matthew_00000044__b0184,hurricane-matthew,2,1,major-damage,minor-damage,0.45054078,0.3546882,0.45054078,0.11289238,0.08187857
hurricane-matthew_00000044__b0221,hurricane-matthew,0,3,no-damage,destroyed,0.4054978,0.12211279,0.307512,0.1648774,0.4054978
hurricane-matthew_00000044__b0018,hurricane-matthew,0,0,no-damage,no-damage,0.3687981,0.3687981,0.23462068,0.19770661,0.19887453
hurricane-matthew_00000260__b0028,hurricane-matthew,2,3,major-damage,destroyed,0.7049731,0.047730424,0.13268758,0.114608906,0.7049731
hurricane-matthew_00000065__b0019,hurricane-matthew,2,0,major-damage,no-damage,0.6417851,0.6417851,0.25797126,0.04542285,0.054820813
hurricane-matthew_00000044__b0065,hurricane-matthew,2,1,major-damage,minor-damage,0.4259384,0.18194234,0.4259384,0.20101143,0.19110776
hurricane-matthew_00000044__b0013,hurricane-matthew,0,3,no-damage,destroyed,0.5585216,0.12585875,0.15724802,0.15837161,0.5585216
hurricane-matthew_00000385__b0118,hurricane-matthew,3,3,destroyed,destroyed,0.7534502,0.023090616,0.1509912,0.07246794,0.7534502
hurricane-matthew_00000104__b0022,hurricane-matthew,1,2,minor-damage,major-damage,0.43585008,0.036191143,0.11429977,0.43585008,0.41365898
hurricane-matthew_00000190__b0003,hurricane-matthew,3,3,destroyed,destroyed,0.9084007,0.006357099,0.043338146,0.041904103,0.9084007
hurricane-matthew_00000166__b0009,hurricane-matthew,3,3,destroyed,destroyed,0.58784413,0.07233243,0.19124095,0.1485825,0.58784413
hurricane-matthew_00000104__b0087,hurricane-matthew,1,3,minor-damage,destroyed,0.4002431,0.068950176,0.16402675,0.36677998,0.4002431
hurricane-matthew_00000104__b0282,hurricane-matthew,1,2,minor-damage,major-damage,0.76386136,0.04046667,0.101213574,0.76386136,0.09445832
hurricane-matthew_00000376__b0012,hurricane-matthew,3,3,destroyed,destroyed,0.942038,0.0042922585,0.025175994,0.028493714,0.942038
hurricane-matthew_00000104__b0212,hurricane-matthew,1,0,minor-damage,no-damage,0.4753353,0.4753353,0.17576523,0.18244705,0.16645236
hurricane-matthew_00000104__b0234,hurricane-matthew,1,3,minor-damage,destroyed,0.75951564,0.0060668257,0.048082642,0.18633494,0.75951564
hurricane-matthew_00000400__b0058,hurricane-matthew,3,3,destroyed,destroyed,0.6685082,0.033495195,0.19236735,0.10562924,0.6685082
hurricane-matthew_00000044__b0176,hurricane-matthew,0,3,no-damage,destroyed,0.47559157,0.23994114,0.14776514,0.13670222,0.47559157
hurricane-matthew_00000044__b0223,hurricane-matthew,0,0,no-damage,no-damage,0.2894631,0.2894631,0.20760691,0.22016783,0.2827622
hurricane-matthew_00000044__b0225,hurricane-matthew,0,1,no-damage,minor-damage,0.48304912,0.26023903,0.48304912,0.16542546,0.09128642
hurricane-matthew_00000206__b0010,hurricane-matthew,3,3,destroyed,destroyed,0.64544153,0.068166815,0.17500868,0.111382976,0.64544153
hurricane-matthew_00000044__b0045,hurricane-matthew,0,3,no-damage,destroyed,0.67126,0.059240945,0.161673,0.1078261,0.67126
hurricane-matthew_00000035__b0025,hurricane-matthew,0,3,no-damage,destroyed,0.68244785,0.08598792,0.12776528,0.103799,0.68244785
hurricane-matthew_00000044__b0140,hurricane-matthew,0,3,no-damage,destroyed,0.49238524,0.1168642,0.183335,0.2074155,0.49238524
hurricane-matthew_00000166__b0000,hurricane-matthew,3,3,destroyed,destroyed,0.60952806,0.06694523,0.20352568,0.12000104,0.60952806
hurricane-matthew_00000385__b0055,hurricane-matthew,3,3,destroyed,destroyed,0.6322625,0.05844818,0.19806534,0.11122397,0.6322625
hurricane-matthew_00000044__b0107,hurricane-matthew,0,0,no-damage,no-damage,0.54633224,0.54633224,0.24963263,0.12656935,0.07746583
hurricane-matthew_00000104__b0118,hurricane-matthew,1,0,minor-damage,no-damage,0.43102723,0.43102723,0.12199446,0.2215008,0.22547752
hurricane-matthew_00000044__b0122,hurricane-matthew,0,0,no-damage,no-damage,0.5817994,0.5817994,0.08576438,0.04065225,0.29178402
hurricane-matthew_00000110__b0000,hurricane-matthew,2,3,major-damage,destroyed,0.41759977,0.20875993,0.15281868,0.2208216,0.41759977
hurricane-matthew_00000385__b0073,hurricane-matthew,3,3,destroyed,destroyed,0.6080224,0.047905266,0.2472837,0.09678863,0.6080224
hurricane-matthew_00000044__b0067,hurricane-matthew,0,3,no-damage,destroyed,0.41345826,0.09399826,0.293506,0.19903746,0.41345826
hurricane-matthew_00000104__b0231,hurricane-matthew,3,3,destroyed,destroyed,0.6148749,0.052232396,0.11796048,0.2149322,0.6148749
hurricane-matthew_00000104__b0147,hurricane-matthew,1,2,minor-damage,major-damage,0.87610894,0.014633369,0.07667125,0.87610894,0.032586534
hurricane-matthew_00000104__b0086,hurricane-matthew,2,2,major-damage,major-damage,0.42264333,0.117027275,0.09209567,0.42264333,0.3682337
hurricane-matthew_00000065__b0071,hurricane-matthew,2,1,major-damage,minor-damage,0.3974849,0.06891244,0.3974849,0.3137559,0.21984679
hurricane-matthew_00000104__b0078,hurricane-matthew,2,3,major-damage,destroyed,0.65739286,0.016347496,0.0545895,0.27167016,0.65739286
hurricane-matthew_00000044__b0172,hurricane-matthew,0,3,no-damage,destroyed,0.8836599,0.01575264,0.049058888,0.05152858,0.8836599
hurricane-matthew_00000044__b0218,hurricane-matthew,0,0,no-damage,no-damage,0.73338646,0.73338646,0.2171594,0.025788886,0.023665281
hurricane-matthew_00000044__b0052,hurricane-matthew,0,3,no-damage,destroyed,0.5542122,0.12875582,0.19737606,0.11965594,0.5542122
hurricane-matthew_00000044__b0156,hurricane-matthew,0,0,no-damage,no-damage,0.4547664,0.4547664,0.35266247,0.068122484,0.124448635
hurricane-matthew_00000104__b0104,hurricane-matthew,1,2,minor-damage,major-damage,0.4526055,0.1521323,0.36695096,0.4526055,0.028311323
hurricane-matthew_00000104__b0182,hurricane-matthew,1,2,minor-damage,major-damage,0.49717864,0.025125457,0.118301965,0.49717864,0.35939398
hurricane-matthew_00000385__b0010,hurricane-matthew,2,3,major-damage,destroyed,0.60414463,0.049001843,0.23239566,0.11445786,0.60414463
hurricane-matthew_00000385__b0100,hurricane-matthew,3,3,destroyed,destroyed,0.6861355,0.04580852,0.17323172,0.09482425,0.6861355
hurricane-matthew_00000104__b0172,hurricane-matthew,2,2,major-damage,major-damage,0.5462332,0.0003604427,0.013209757,0.5462332,0.44019657
hurricane-matthew_00000044__b0189,hurricane-matthew,0,0,no-damage,no-damage,0.409928,0.409928,0.30810028,0.11990779,0.16206393
hurricane-matthew_00000044__b0242,hurricane-matthew,2,1,major-damage,minor-damage,0.37156016,0.16199192,0.37156016,0.17583519,0.29061276
hurricane-matthew_00000385__b0110,hurricane-matthew,3,3,destroyed,destroyed,0.8997622,0.007935762,0.056739293,0.035562813,0.8997622
hurricane-matthew_00000302__b0031,hurricane-matthew,2,3,major-damage,destroyed,0.8905444,0.0062754857,0.039977953,0.063202165,0.8905444
hurricane-matthew_00000044__b0099,hurricane-matthew,0,3,no-damage,destroyed,0.51427126,0.18739986,0.15172553,0.14660336,0.51427126
hurricane-matthew_00000104__b0123,hurricane-matthew,1,3,minor-damage,destroyed,0.51413393,0.019791396,0.10899417,0.35708046,0.51413393
hurricane-matthew_00000044__b0003,hurricane-matthew,0,0,no-damage,no-damage,0.34909368,0.34909368,0.22078975,0.15278558,0.27733102
hurricane-matthew_00000044__b0264,hurricane-matthew,0,3,no-damage,destroyed,0.71702176,0.13230887,0.06555392,0.08511543,0.71702176
hurricane-matthew_00000260__b0013,hurricane-matthew,3,3,destroyed,destroyed,0.48351577,0.14480111,0.21168126,0.16000189,0.48351577
hurricane-matthew_00000302__b0077,hurricane-matthew,0,1,no-damage,minor-damage,0.40406033,0.16407308,0.40406033,0.3285697,0.10329682
hurricane-matthew_00000385__b0087,hurricane-matthew,2,3,major-damage,destroyed,0.45450294,0.055002544,0.39002207,0.10047242,0.45450294
hurricane-matthew_00000385__b0049,hurricane-matthew,2,3,major-damage,destroyed,0.7424687,0.02520304,0.17081419,0.061514113,0.7424687
hurricane-matthew_00000260__b0023,hurricane-matthew,0,2,no-damage,major-damage,0.90497816,0.02205721,0.04784988,0.90497816,0.025114797
hurricane-matthew_00000376__b0023,hurricane-matthew,3,3,destroyed,destroyed,0.8248142,0.0068227784,0.0574508,0.11091215,0.8248142
hurricane-matthew_00000035__b0027,hurricane-matthew,2,3,major-damage,destroyed,0.5528584,0.15527068,0.1236358,0.16823508,0.5528584
hurricane-matthew_00000400__b0002,hurricane-matthew,3,3,destroyed,destroyed,0.6134734,0.0495933,0.22821881,0.108714424,0.6134734
hurricane-matthew_00000104__b0091,hurricane-matthew,1,3,minor-damage,destroyed,0.61810356,0.003936794,0.046554264,0.3314054,0.61810356
hurricane-matthew_00000206__b0011,hurricane-matthew,3,3,destroyed,destroyed,0.9893407,0.00024336815,0.0037049132,0.006711009,0.9893407
hurricane-matthew_00000145__b0016,hurricane-matthew,2,3,major-damage,destroyed,0.4125344,0.29358876,0.1820002,0.111876614,0.4125344
hurricane-matthew_00000104__b0237,hurricane-matthew,1,0,minor-damage,no-damage,0.51969063,0.51969063,0.07908923,0.18307573,0.2181444
hurricane-matthew_00000104__b0163,hurricane-matthew,1,0,minor-damage,no-damage,0.60696155,0.60696155,0.075606786,0.075720854,0.24171078
hurricane-matthew_00000104__b0265,hurricane-matthew,1,3,minor-damage,destroyed,0.4306222,0.2915271,0.08608276,0.191768,0.4306222
hurricane-matthew_00000065__b0096,hurricane-matthew,2,0,major-damage,no-damage,0.3123976,0.3123976,0.30711716,0.18753748,0.19294776
hurricane-matthew_00000281__b0009,hurricane-matthew,3,3,destroyed,destroyed,0.5106946,0.07896832,0.22336088,0.18697622,0.5106946
hurricane-matthew_00000400__b0054,hurricane-matthew,3,3,destroyed,destroyed,0.5503091,0.06363596,0.26855758,0.11749735,0.5503091
hurricane-matthew_00000104__b0041,hurricane-matthew,2,3,major-damage,destroyed,0.6556652,0.02853408,0.07704258,0.23875819,0.6556652
hurricane-matthew_00000400__b0020,hurricane-matthew,3,3,destroyed,destroyed,0.89471596,0.0054301713,0.046806198,0.05304768,0.89471596
hurricane-matthew_00000104__b0243,hurricane-matthew,1,3,minor-damage,destroyed,0.67856216,0.14619675,0.08916698,0.08607411,0.67856216
hurricane-matthew_00000104__b0261,hurricane-matthew,1,3,minor-damage,destroyed,0.7753875,0.0053832796,0.04078639,0.17844282,0.7753875
hurricane-matthew_00000302__b0123,hurricane-matthew,0,2,no-damage,major-damage,0.8285388,0.08922941,0.022582335,0.8285388,0.059649512
hurricane-matthew_00000035__b0058,hurricane-matthew,0,3,no-damage,destroyed,0.40916213,0.26633966,0.16982673,0.15467145,0.40916213
hurricane-matthew_00000376__b0025,hurricane-matthew,3,3,destroyed,destroyed,0.8816081,0.0019431906,0.023618398,0.09283027,0.8816081
hurricane-matthew_00000385__b0111,hurricane-matthew,3,3,destroyed,destroyed,0.8195312,0.019752668,0.10106887,0.059647296,0.8195312
hurricane-matthew_00000089__b0343,hurricane-matthew,0,1,no-damage,minor-damage,0.7075162,0.08643203,0.7075162,0.19147292,0.014578863
hurricane-matthew_00000376__b0022,hurricane-matthew,3,3,destroyed,destroyed,0.89584035,0.006763989,0.036077954,0.061317667,0.89584035
hurricane-matthew_00000104__b0115,hurricane-matthew,1,2,minor-damage,major-damage,0.51496226,0.02772961,0.10072302,0.51496226,0.3565851
hurricane-matthew_00000385__b0058,hurricane-matthew,3,3,destroyed,destroyed,0.9244253,0.007330814,0.041314352,0.026929533,0.9244253
hurricane-matthew_00000104__b0057,hurricane-matthew,1,2,minor-damage,major-damage,0.6704291,0.0361316,0.12242897,0.6704291,0.17101036
hurricane-matthew_00000110__b0013,hurricane-matthew,2,1,major-damage,minor-damage,0.34369516,0.28267968,0.34369516,0.08374029,0.2898848
hurricane-matthew_00000044__b0084,hurricane-matthew,0,0,no-damage,no-damage,0.4892056,0.4892056,0.3500484,0.08128277,0.0794632
hurricane-matthew_00000104__b0159,hurricane-matthew,1,2,minor-damage,major-damage,0.42050543,0.16225804,0.13159117,0.42050543,0.28564534
hurricane-matthew_00000376__b0004,hurricane-matthew,3,3,destroyed,destroyed,0.9434156,0.0033575345,0.02272289,0.030504016,0.9434156
hurricane-matthew_00000104__b0072,hurricane-matthew,1,3,minor-damage,destroyed,0.6726644,0.016145822,0.07308831,0.23810147,0.6726644
hurricane-matthew_00000302__b0034,hurricane-matthew,2,3,major-damage,destroyed,0.70768034,0.013044056,0.105213456,0.17406215,0.70768034
hurricane-matthew_00000260__b0053,hurricane-matthew,2,1,major-damage,minor-damage,0.31072176,0.19671798,0.31072176,0.20659032,0.28596997
hurricane-matthew_00000281__b0012,hurricane-matthew,3,3,destroyed,destroyed,0.7755164,0.04751363,0.11167661,0.06529335,0.7755164
hurricane-matthew_00000302__b0064,hurricane-matthew,0,2,no-damage,major-damage,0.4083575,0.1412736,0.30862513,0.4083575,0.14174375
hurricane-matthew_00000065__b0081,hurricane-matthew,2,0,major-damage,no-damage,0.65040016,0.65040016,0.19909494,0.067190304,0.08331466
hurricane-matthew_00000206__b0003,hurricane-matthew,3,3,destroyed,destroyed,0.9745676,0.0014830203,0.011224202,0.012725197,0.9745676
hurricane-matthew_00000104__b0049,hurricane-matthew,2,3,major-damage,destroyed,0.85721916,0.0006392266,0.011315703,0.13082582,0.85721916
hurricane-matthew_00000281__b0005,hurricane-matthew,2,3,major-damage,destroyed,0.71375364,0.037448406,0.1387508,0.11004722,0.71375364
hurricane-matthew_00000044__b0091,hurricane-matthew,0,0,no-damage,no-damage,0.4877936,0.4877936,0.3680936,0.087310806,0.05680193
hurricane-matthew_00000385__b0083,hurricane-matthew,3,3,destroyed,destroyed,0.51123565,0.0529667,0.31368333,0.12211428,0.51123565
hurricane-matthew_00000035__b0018,hurricane-matthew,0,2,no-damage,major-damage,0.4920235,0.10585781,0.31936833,0.4920235,0.082750395
hurricane-matthew_00000104__b0035,hurricane-matthew,2,2,major-damage,major-damage,0.68959045,0.0015661266,0.022322183,0.68959045,0.28652126
hurricane-matthew_00000385__b0000,hurricane-matthew,3,3,destroyed,destroyed,0.80987304,0.028883604,0.09541512,0.065828316,0.80987304
hurricane-matthew_00000385__b0014,hurricane-matthew,3,3,destroyed,destroyed,0.8757753,0.01535771,0.073928304,0.034938764,0.8757753
hurricane-matthew_00000260__b0015,hurricane-matthew,3,3,destroyed,destroyed,0.5781387,0.11461119,0.15877068,0.14847937,0.5781387
hurricane-matthew_00000044__b0106,hurricane-matthew,0,1,no-damage,minor-damage,0.4334213,0.3954989,0.4334213,0.093329735,0.07774999
hurricane-matthew_00000302__b0023,hurricane-matthew,0,2,no-damage,major-damage,0.65838784,0.018763775,0.10884204,0.65838784,0.21400635
hurricane-matthew_00000260__b0019,hurricane-matthew,3,3,destroyed,destroyed,0.59655595,0.09862608,0.17070876,0.13410924,0.59655595
hurricane-matthew_00000302__b0127,hurricane-matthew,0,3,no-damage,destroyed,0.5405289,0.036162533,0.14221579,0.28109276,0.5405289
hurricane-matthew_00000104__b0140,hurricane-matthew,1,3,minor-damage,destroyed,0.6342743,0.0003546453,0.017667804,0.34770325,0.6342743
hurricane-matthew_00000104__b0050,hurricane-matthew,1,2,minor-damage,major-damage,0.76322794,0.029920323,0.07854219,0.76322794,0.12830956
hurricane-matthew_00000385__b0104,hurricane-matthew,3,1,destroyed,minor-damage,0.48608726,0.1486311,0.48608726,0.20174588,0.16353573
hurricane-matthew_00000104__b0020,hurricane-matthew,1,2,minor-damage,major-damage,0.5064293,0.0231959,0.074952215,0.5064293,0.39542258
hurricane-matthew_00000385__b0068,hurricane-matthew,3,3,destroyed,destroyed,0.4592441,0.124247305,0.30587938,0.110629156,0.4592441
hurricane-matthew_00000385__b0047,hurricane-matthew,3,3,destroyed,destroyed,0.7941574,0.023166884,0.13192393,0.05075184,0.7941574
hurricane-matthew_00000104__b0042,hurricane-matthew,1,3,minor-damage,destroyed,0.83057797,0.010650323,0.051242925,0.10752888,0.83057797
hurricane-matthew_00000104__b0303,hurricane-matthew,1,3,minor-damage,destroyed,0.8174473,0.00075560925,0.022135673,0.15966144,0.8174473
hurricane-matthew_00000302__b0001,hurricane-matthew,2,3,major-damage,destroyed,0.54170084,0.029500922,0.043848876,0.38494936,0.54170084
hurricane-matthew_00000104__b0011,hurricane-matthew,2,0,major-damage,no-damage,0.46061438,0.46061438,0.057847213,0.32180318,0.15973514
hurricane-matthew_00000065__b0145,hurricane-matthew,3,3,destroyed,destroyed,0.5580544,0.056566045,0.23208249,0.1532971,0.5580544
hurricane-matthew_00000385__b0032,hurricane-matthew,3,3,destroyed,destroyed,0.5659228,0.06976655,0.2666083,0.09770233,0.5659228
hurricane-matthew_00000044__b0005,hurricane-matthew,0,3,no-damage,destroyed,0.46338424,0.14354001,0.28417236,0.108903356,0.46338424
hurricane-matthew_00000104__b0304,hurricane-matthew,1,2,minor-damage,major-damage,0.7374871,0.02073848,0.08469941,0.7374871,0.15707502
hurricane-matthew_00000089__b0228,hurricane-matthew,0,1,no-damage,minor-damage,0.6968551,0.21032774,0.6968551,0.073058605,0.019758534
hurricane-matthew_00000104__b0018,hurricane-matthew,1,2,minor-damage,major-damage,0.7269702,0.0040420713,0.039326612,0.7269702,0.22966109
hurricane-matthew_00000281__b0011,hurricane-matthew,3,3,destroyed,destroyed,0.8625222,0.014821958,0.0769829,0.04567294,0.8625222
hurricane-matthew_00000145__b0009,hurricane-matthew,2,0,major-damage,no-damage,0.6442114,0.6442114,0.16817662,0.066028625,0.12158335
hurricane-matthew_00000065__b0144,hurricane-matthew,3,3,destroyed,destroyed,0.6371112,0.05009335,0.17406818,0.13872723,0.6371112
hurricane-matthew_00000260__b0071,hurricane-matthew,2,1,major-damage,minor-damage,0.35436448,0.07494296,0.35436448,0.2881093,0.28258333
hurricane-matthew_00000385__b0065,hurricane-matthew,3,3,destroyed,destroyed,0.74171346,0.031139296,0.15133244,0.075814806,0.74171346
hurricane-matthew_00000302__b0040,hurricane-matthew,2,2,major-damage,major-damage,0.41505018,0.4110643,0.1167159,0.41505018,0.057169683
hurricane-matthew_00000400__b0048,hurricane-matthew,2,3,major-damage,destroyed,0.5691633,0.050591763,0.24941835,0.13082652,0.5691633
hurricane-matthew_00000065__b0135,hurricane-matthew,2,1,major-damage,minor-damage,0.5646646,0.0936694,0.5646646,0.283797,0.057868943
hurricane-matthew_00000385__b0013,hurricane-matthew,3,3,destroyed,destroyed,0.9491055,0.0039606825,0.029915774,0.017018,0.9491055
hurricane-matthew_00000065__b0047,hurricane-matthew,2,3,major-damage,destroyed,0.36588854,0.062674284,0.33549404,0.23594314,0.36588854
hurricane-matthew_00000104__b0085,hurricane-matthew,1,3,minor-damage,destroyed,0.44572055,0.11399906,0.2342663,0.2060141,0.44572055
hurricane-matthew_00000104__b0128,hurricane-matthew,1,0,minor-damage,no-damage,0.5492384,0.5492384,0.15578735,0.13855045,0.15642379
hurricane-matthew_00000104__b0307,hurricane-matthew,2,3,major-damage,destroyed,0.81924194,0.0017370918,0.0300518,0.14896919,0.81924194
hurricane-matthew_00000385__b0089,hurricane-matthew,3,3,destroyed,destroyed,0.73508,0.03322731,0.15311733,0.07857534,0.73508
hurricane-matthew_00000206__b0016,hurricane-matthew,3,3,destroyed,destroyed,0.92139727,0.0050404933,0.031941004,0.041621197,0.92139727
hurricane-matthew_00000376__b0003,hurricane-matthew,2,3,major-damage,destroyed,0.84510094,0.0014525374,0.01532212,0.13812442,0.84510094
hurricane-matthew_00000104__b0216,hurricane-matthew,1,3,minor-damage,destroyed,0.48606646,0.07976625,0.16104327,0.273124,0.48606646
hurricane-matthew_00000044__b0232,hurricane-matthew,2,1,major-damage,minor-damage,0.3580885,0.14512697,0.3580885,0.22833642,0.26844808
hurricane-matthew_00000104__b0275,hurricane-matthew,1,3,minor-damage,destroyed,0.8444101,0.0013422997,0.024326073,0.12992151,0.8444101
hurricane-matthew_00000044__b0035,hurricane-matthew,0,0,no-damage,no-damage,0.48244396,0.48244396,0.41552967,0.078593396,0.023433045
hurricane-matthew_00000145__b0030,hurricane-matthew,2,3,major-damage,destroyed,0.74026674,0.10634036,0.07462397,0.078768894,0.74026674
hurricane-matthew_00000104__b0281,hurricane-matthew,2,3,major-damage,destroyed,0.79392093,0.0014327638,0.018015467,0.18663092,0.79392093
hurricane-matthew_00000385__b0038,hurricane-matthew,3,3,destroyed,destroyed,0.79756343,0.024597492,0.12174612,0.05609286,0.79756343
hurricane-matthew_00000035__b0022,hurricane-matthew,0,1,no-damage,minor-damage,0.38060448,0.07892099,0.38060448,0.2672826,0.2731919
hurricane-matthew_00000385__b0007,hurricane-matthew,3,3,destroyed,destroyed,0.5912679,0.06920386,0.20745486,0.13207345,0.5912679
hurricane-matthew_00000044__b0117,hurricane-matthew,0,2,no-damage,major-damage,0.6122134,0.01776085,0.28009745,0.6122134,0.08992827
hurricane-matthew_00000400__b0035,hurricane-matthew,2,3,major-damage,destroyed,0.78566515,0.022097854,0.11992853,0.07230846,0.78566515
hurricane-matthew_00000385__b0015,hurricane-matthew,3,3,destroyed,destroyed,0.5531719,0.051767174,0.25688604,0.13817489,0.5531719
hurricane-matthew_00000104__b0269,hurricane-matthew,2,2,major-damage,major-damage,0.612004,0.008021657,0.048485536,0.612004,0.33148885
hurricane-matthew_00000104__b0027,hurricane-matthew,1,2,minor-damage,major-damage,0.75737566,0.025895884,0.12362247,0.75737566,0.09310601
hurricane-matthew_00000302__b0018,hurricane-matthew,0,3,no-damage,destroyed,0.5145766,0.11508574,0.18781981,0.18251781,0.5145766
hurricane-matthew_00000104__b0129,hurricane-matthew,1,3,minor-damage,destroyed,0.80095273,0.006954028,0.043432772,0.14866048,0.80095273
hurricane-matthew_00000104__b0013,hurricane-matthew,1,2,minor-damage,major-damage,0.75819993,0.0023633807,0.05344266,0.75819993,0.18599403
hurricane-matthew_00000385__b0022,hurricane-matthew,3,3,destroyed,destroyed,0.8453794,0.010907207,0.10338287,0.040330496,0.8453794
hurricane-matthew_00000044__b0002,hurricane-matthew,2,3,major-damage,destroyed,0.70525104,0.029386764,0.13797694,0.1273852,0.70525104
hurricane-matthew_00000302__b0046,hurricane-matthew,0,0,no-damage,no-damage,0.86004156,0.86004156,0.041240912,0.08798124,0.010736299
hurricane-matthew_00000354__b0009,hurricane-matthew,2,2,major-damage,major-damage,0.44072092,0.17741208,0.14896828,0.44072092,0.23289874
hurricane-matthew_00000116__b0001,hurricane-matthew,2,2,major-damage,major-damage,0.36687207,0.34326264,0.07828579,0.36687207,0.21157947
hurricane-matthew_00000104__b0158,hurricane-matthew,1,2,minor-damage,major-damage,0.49413052,0.061498486,0.4132063,0.49413052,0.03116468
hurricane-matthew_00000104__b0312,hurricane-matthew,2,3,major-damage,destroyed,0.42055315,0.15115255,0.14522529,0.28306898,0.42055315
hurricane-matthew_00000260__b0048,hurricane-matthew,2,0,major-damage,no-damage,0.5401762,0.5401762,0.104927465,0.15373771,0.2011586
hurricane-matthew_00000104__b0306,hurricane-matthew,2,2,major-damage,major-damage,0.7735195,0.0062323557,0.15853408,0.7735195,0.061714035
hurricane-matthew_00000385__b0011,hurricane-matthew,3,3,destroyed,destroyed,0.6597514,0.035046536,0.21318583,0.09201616,0.6597514
hurricane-matthew_00000104__b0207,hurricane-matthew,1,3,minor-damage,destroyed,0.58386177,0.18641393,0.11583123,0.11389309,0.58386177
hurricane-matthew_00000385__b0088,hurricane-matthew,3,3,destroyed,destroyed,0.8985767,0.007914446,0.057416268,0.03609264,0.8985767
hurricane-matthew_00000104__b0250,hurricane-matthew,1,2,minor-damage,major-damage,0.58549017,0.006451383,0.08349757,0.58549017,0.32456094
hurricane-matthew_00000400__b0012,hurricane-matthew,3,3,destroyed,destroyed,0.5342364,0.051629763,0.2696292,0.1445047,0.5342364
hurricane-matthew_00000044__b0205,hurricane-matthew,0,3,no-damage,destroyed,0.7851142,0.11008846,0.05603951,0.04875778,0.7851142
hurricane-matthew_00000104__b0105,hurricane-matthew,1,2,minor-damage,major-damage,0.48702085,0.22511196,0.20903522,0.48702085,0.07883195
hurricane-matthew_00000044__b0039,hurricane-matthew,0,1,no-damage,minor-damage,0.33719477,0.08990448,0.33719477,0.23647335,0.33642742
hurricane-matthew_00000104__b0089,hurricane-matthew,1,3,minor-damage,destroyed,0.8497846,0.0008683182,0.021756679,0.1275904,0.8497846
hurricane-matthew_00000044__b0159,hurricane-matthew,2,3,major-damage,destroyed,0.6885671,0.034266245,0.15818018,0.11898644,0.6885671
hurricane-matthew_00000104__b0001,hurricane-matthew,1,3,minor-damage,destroyed,0.7646065,0.0017744899,0.02809051,0.2055285,0.7646065
hurricane-matthew_00000400__b0052,hurricane-matthew,3,3,destroyed,destroyed,0.530865,0.07734865,0.22838329,0.16340303,0.530865
hurricane-matthew_00000302__b0032,hurricane-matthew,0,2,no-damage,major-damage,0.90120506,0.0027877244,0.030352566,0.90120506,0.06565456
hurricane-matthew_00000385__b0106,hurricane-matthew,3,3,destroyed,destroyed,0.65999526,0.038764734,0.20060542,0.100634605,0.65999526
hurricane-matthew_00000104__b0213,hurricane-matthew,2,2,major-damage,major-damage,0.70295423,0.014133681,0.12245592,0.70295423,0.1604562
hurricane-matthew_00000075__b0183,hurricane-matthew,0,3,no-damage,destroyed,0.4771348,0.13905644,0.22685005,0.15695871,0.4771348
hurricane-matthew_00000302__b0042,hurricane-matthew,2,0,major-damage,no-damage,0.38491118,0.38491118,0.19592892,0.25271386,0.16644599
hurricane-matthew_00000104__b0165,hurricane-matthew,1,3,minor-damage,destroyed,0.8525563,0.0038503103,0.03347317,0.11012026,0.8525563
hurricane-matthew_00000104__b0273,hurricane-matthew,2,3,major-damage,destroyed,0.69490784,0.0016736459,0.03174778,0.27167064,0.69490784
hurricane-matthew_00000400__b0044,hurricane-matthew,3,3,destroyed,destroyed,0.55314237,0.08423912,0.23829101,0.124327496,0.55314237
hurricane-matthew_00000044__b0181,hurricane-matthew,2,1,major-damage,minor-damage,0.6775943,0.10423373,0.6775943,0.18077715,0.03739491
hurricane-matthew_00000281__b0004,hurricane-matthew,3,3,destroyed,destroyed,0.5872093,0.06420276,0.19676745,0.15182047,0.5872093
hurricane-matthew_00000400__b0051,hurricane-matthew,3,3,destroyed,destroyed,0.61639714,0.04398632,0.23598577,0.10363077,0.61639714
hurricane-matthew_00000260__b0077,hurricane-matthew,0,0,no-damage,no-damage,0.47223294,0.47223294,0.1389601,0.19355932,0.19524768
hurricane-matthew_00000035__b0031,hurricane-matthew,0,3,no-damage,destroyed,0.5326324,0.16500773,0.15116718,0.15119271,0.5326324
hurricane-matthew_00000104__b0028,hurricane-matthew,2,3,major-damage,destroyed,0.9045967,0.0023176307,0.023716033,0.0693697,0.9045967
hurricane-matthew_00000385__b0086,hurricane-matthew,3,3,destroyed,destroyed,0.45614496,0.24049334,0.17156231,0.13179946,0.45614496
hurricane-matthew_00000104__b0284,hurricane-matthew,1,3,minor-damage,destroyed,0.6579613,0.011951585,0.09275744,0.23732968,0.6579613
hurricane-matthew_00000385__b0008,hurricane-matthew,3,3,destroyed,destroyed,0.4131139,0.10059955,0.29784766,0.18843892,0.4131139
hurricane-matthew_00000104__b0021,hurricane-matthew,1,2,minor-damage,major-damage,0.87044275,0.010907796,0.09875084,0.87044275,0.01989873
hurricane-matthew_00000104__b0277,hurricane-matthew,1,2,minor-damage,major-damage,0.7142003,0.07674488,0.12255195,0.7142003,0.086502805
hurricane-matthew_00000385__b0039,hurricane-matthew,3,3,destroyed,destroyed,0.84917796,0.019137096,0.0847658,0.046919107,0.84917796
hurricane-matthew_00000400__b0031,hurricane-matthew,3,3,destroyed,destroyed,0.49792016,0.06441714,0.2960948,0.14156792,0.49792016
hurricane-matthew_00000104__b0294,hurricane-matthew,1,2,minor-damage,major-damage,0.48454013,0.0102265,0.07741486,0.48454013,0.4278185
hurricane-matthew_00000400__b0049,hurricane-matthew,3,3,destroyed,destroyed,0.56494284,0.043399673,0.23932688,0.15233058,0.56494284
hurricane-matthew_00000385__b0060,hurricane-matthew,3,3,destroyed,destroyed,0.7382015,0.032279003,0.1564201,0.073099375,0.7382015
hurricane-matthew_00000329__b0029,hurricane-matthew,2,3,major-damage,destroyed,0.76755595,0.08076503,0.07283705,0.078842044,0.76755595
hurricane-matthew_00000302__b0102,hurricane-matthew,0,3,no-damage,destroyed,0.37524697,0.19947141,0.17032368,0.25495797,0.37524697
hurricane-matthew_00000302__b0118,hurricane-matthew,0,3,no-damage,destroyed,0.56198823,0.062096268,0.17356347,0.20235202,0.56198823
hurricane-matthew_00000400__b0016,hurricane-matthew,3,3,destroyed,destroyed,0.68476284,0.05481522,0.1373792,0.1230427,0.68476284
hurricane-matthew_00000190__b0004,hurricane-matthew,3,3,destroyed,destroyed,0.9004454,0.007145806,0.04920031,0.043208458,0.9004454
hurricane-matthew_00000206__b0004,hurricane-matthew,2,3,major-damage,destroyed,0.7838488,0.022832401,0.09842071,0.094898045,0.7838488
hurricane-matthew_00000385__b0040,hurricane-matthew,3,3,destroyed,destroyed,0.7236524,0.02909477,0.16892241,0.078330375,0.7236524
hurricane-matthew_00000181__b0016,hurricane-matthew,0,3,no-damage,destroyed,0.4515587,0.14266573,0.23219551,0.17358002,0.4515587
hurricane-matthew_00000044__b0025,hurricane-matthew,0,2,no-damage,major-damage,0.61370003,0.28579754,0.03818034,0.61370003,0.062322054
hurricane-matthew_00000385__b0053,hurricane-matthew,3,3,destroyed,destroyed,0.8512877,0.015864693,0.0872486,0.045598947,0.8512877
hurricane-matthew_00000104__b0036,hurricane-matthew,1,2,minor-damage,major-damage,0.80181915,0.06164851,0.080225095,0.80181915,0.056307238
hurricane-matthew_00000104__b0002,hurricane-matthew,1,3,minor-damage,destroyed,0.8531954,0.0014255457,0.025810443,0.119568594,0.8531954
hurricane-matthew_00000190__b0000,hurricane-matthew,3,3,destroyed,destroyed,0.9772839,0.00054012,0.0070707933,0.015105212,0.9772839
hurricane-matthew_00000104__b0053,hurricane-matthew,1,0,minor-damage,no-damage,0.3753516,0.3753516,0.2886115,0.19496928,0.14106758
hurricane-matthew_00000035__b0065,hurricane-matthew,0,2,no-damage,major-damage,0.44219708,0.15539418,0.33774823,0.44219708,0.064660475
hurricane-matthew_00000104__b0010,hurricane-matthew,1,2,minor-damage,major-damage,0.6091111,0.060223103,0.2992507,0.6091111,0.03141514
hurricane-matthew_00000044__b0148,hurricane-matthew,0,0,no-damage,no-damage,0.7316679,0.7316679,0.1401731,0.071119964,0.057039026
hurricane-matthew_00000104__b0145,hurricane-matthew,1,3,minor-damage,destroyed,0.6603797,0.0052652266,0.06511348,0.2692416,0.6603797
hurricane-matthew_00000385__b0082,hurricane-matthew,3,3,destroyed,destroyed,0.7151806,0.065332495,0.13154995,0.087937064,0.7151806
hurricane-matthew_00000104__b0271,hurricane-matthew,2,2,major-damage,major-damage,0.51609653,0.11050873,0.14365916,0.51609653,0.22973555
hurricane-matthew_00000104__b0244,hurricane-matthew,1,2,minor-damage,major-damage,0.6280702,0.007671396,0.08316438,0.6280702,0.28109404
hurricane-matthew_00000385__b0119,hurricane-matthew,3,3,destroyed,destroyed,0.92690694,0.007164836,0.04582517,0.020102972,0.92690694
hurricane-matthew_00000400__b0005,hurricane-matthew,2,3,major-damage,destroyed,0.6137347,0.023006117,0.20418899,0.15907015,0.6137347
hurricane-matthew_00000206__b0006,hurricane-matthew,2,3,major-damage,destroyed,0.31471583,0.23463711,0.3042729,0.14637417,0.31471583
hurricane-matthew_00000104__b0310,hurricane-matthew,1,2,minor-damage,major-damage,0.5106311,0.010922124,0.050787594,0.5106311,0.4276592
hurricane-matthew_00000104__b0038,hurricane-matthew,1,0,minor-damage,no-damage,0.50174856,0.50174856,0.4127594,0.07236014,0.01313187
hurricane-matthew_00000281__b0003,hurricane-matthew,3,3,destroyed,destroyed,0.6258877,0.049879845,0.21783881,0.106393695,0.6258877
hurricane-matthew_00000385__b0077,hurricane-matthew,3,3,destroyed,destroyed,0.8957672,0.008659828,0.056208573,0.039364405,0.8957672
hurricane-matthew_00000152__b0248,hurricane-matthew,0,0,no-damage,no-damage,0.8791624,0.8791624,0.096427485,0.011698026,0.012712027
hurricane-matthew_00000104__b0046,hurricane-matthew,1,3,minor-damage,destroyed,0.6498824,0.033751745,0.08841992,0.22794592,0.6498824
hurricane-matthew_00000385__b0079,hurricane-matthew,3,3,destroyed,destroyed,0.8205352,0.019514369,0.096264586,0.06368585,0.8205352
hurricane-matthew_00000145__b0023,hurricane-matthew,2,3,major-damage,destroyed,0.40214902,0.3358749,0.09836569,0.16361043,0.40214902
hurricane-matthew_00000104__b0215,hurricane-matthew,1,2,minor-damage,major-damage,0.40886405,0.027909374,0.22519836,0.40886405,0.33802825
hurricane-matthew_00000260__b0039,hurricane-matthew,2,3,major-damage,destroyed,0.30293885,0.2846675,0.29549092,0.116902724,0.30293885
hurricane-matthew_00000166__b0003,hurricane-matthew,3,3,destroyed,destroyed,0.8964132,0.009685297,0.052494854,0.041406613,0.8964132
hurricane-matthew_00000104__b0171,hurricane-matthew,1,2,minor-damage,major-damage,0.477675,0.17362973,0.24873136,0.477675,0.099963896
hurricane-matthew_00000104__b0060,hurricane-matthew,1,3,minor-damage,destroyed,0.45428497,0.035079528,0.14248964,0.3681459,0.45428497
hurricane-matthew_00000104__b0153,hurricane-matthew,2,3,major-damage,destroyed,0.6768662,0.010243227,0.08780157,0.22508898,0.6768662
hurricane-matthew_00000104__b0186,hurricane-matthew,1,2,minor-damage,major-damage,0.82408607,0.14198782,0.014515088,0.82408607,0.019410929
hurricane-matthew_00000104__b0148,hurricane-matthew,1,3,minor-damage,destroyed,0.6771561,0.0013945354,0.028971247,0.29247814,0.6771561
hurricane-matthew_00000089__b0431,hurricane-matthew,0,0,no-damage,no-damage,0.49561858,0.49561858,0.35010245,0.09264923,0.061629716
hurricane-matthew_00000302__b0002,hurricane-matthew,2,0,major-damage,no-damage,0.65007424,0.65007424,0.10200922,0.16745175,0.080464795
hurricane-matthew_00000104__b0040,hurricane-matthew,1,3,minor-damage,destroyed,0.7978309,0.0034985095,0.03393827,0.16473234,0.7978309
hurricane-matthew_00000044__b0050,hurricane-matthew,0,1,no-damage,minor-damage,0.3764416,0.086929195,0.3764416,0.20462367,0.33200553
hurricane-matthew_00000104__b0074,hurricane-matthew,1,3,minor-damage,destroyed,0.6145088,0.016964203,0.14548634,0.22304066,0.6145088
hurricane-matthew_00000104__b0236,hurricane-matthew,1,2,minor-damage,major-damage,0.5847422,0.07352466,0.17684697,0.5847422,0.16488618
hurricane-matthew_00000065__b0101,hurricane-matthew,2,3,major-damage,destroyed,0.66935474,0.05674299,0.1686848,0.105217494,0.66935474
hurricane-matthew_00000302__b0025,hurricane-matthew,0,2,no-damage,major-damage,0.9279126,0.019283637,0.028979734,0.9279126,0.023824101
hurricane-matthew_00000044__b0090,hurricane-matthew,0,0,no-damage,no-damage,0.5192953,0.5192953,0.12285149,0.22045873,0.13739447
hurricane-matthew_00000104__b0164,hurricane-matthew,1,0,minor-damage,no-damage,0.47864217,0.47864217,0.082443416,0.23623444,0.20267993
hurricane-matthew_00000302__b0063,hurricane-matthew,0,3,no-damage,destroyed,0.6535595,0.08573957,0.13760988,0.12309104,0.6535595
hurricane-matthew_00000376__b0019,hurricane-matthew,3,3,destroyed,destroyed,0.9167477,0.005933931,0.036571123,0.040747352,0.9167477
hurricane-matthew_00000104__b0054,hurricane-matthew,1,3,minor-damage,destroyed,0.7442353,0.00394745,0.034205675,0.21761158,0.7442353
hurricane-matthew_00000065__b0148,hurricane-matthew,2,1,major-damage,minor-damage,0.3479632,0.29842854,0.3479632,0.15777741,0.19583085
hurricane-matthew_00000044__b0022,hurricane-matthew,2,1,major-damage,minor-damage,0.44631708,0.3451389,0.44631708,0.109212056,0.099332035
hurricane-matthew_00000205__b0011,hurricane-matthew,2,3,major-damage,destroyed,0.74076515,0.030912891,0.14517714,0.08314487,0.74076515
hurricane-matthew_00000104__b0285,hurricane-matthew,2,3,major-damage,destroyed,0.5349402,0.067548454,0.07454773,0.32296368,0.5349402
hurricane-matthew_00000166__b0016,hurricane-matthew,3,3,destroyed,destroyed,0.4514203,0.068055145,0.26043805,0.22008649,0.4514203
hurricane-matthew_00000044__b0193,hurricane-matthew,0,3,no-damage,destroyed,0.42325544,0.14778388,0.15782791,0.27113274,0.42325544
hurricane-matthew_00000044__b0101,hurricane-matthew,3,0,destroyed,no-damage,0.4682688,0.4682688,0.09075993,0.20677698,0.23419428
hurricane-matthew_00000302__b0133,hurricane-matthew,0,2,no-damage,major-damage,0.94118524,0.01641932,0.025447948,0.94118524,0.016947571
hurricane-matthew_00000104__b0201,hurricane-matthew,1,2,minor-damage,major-damage,0.7999419,0.045347005,0.04644981,0.7999419,0.10826139
hurricane-matthew_00000035__b0030,hurricane-matthew,0,2,no-damage,major-damage,0.511648,0.09066931,0.31067625,0.511648,0.08700649
hurricane-matthew_00000400__b0064,hurricane-matthew,2,3,major-damage,destroyed,0.6850973,0.03611941,0.16441275,0.114370555,0.6850973
hurricane-matthew_00000104__b0126,hurricane-matthew,1,0,minor-damage,no-damage,0.3914003,0.3914003,0.27508795,0.15934038,0.17417139
hurricane-matthew_00000065__b0105,hurricane-matthew,2,3,major-damage,destroyed,0.40967634,0.083163716,0.26873642,0.2384235,0.40967634
hurricane-matthew_00000044__b0073,hurricane-matthew,2,3,major-damage,destroyed,0.6655159,0.046576843,0.16445367,0.12345359,0.6655159
hurricane-matthew_00000385__b0101,hurricane-matthew,3,3,destroyed,destroyed,0.8898418,0.011454979,0.06480621,0.033897035,0.8898418
hurricane-matthew_00000385__b0004,hurricane-matthew,3,3,destroyed,destroyed,0.65165514,0.046568424,0.21356705,0.08820942,0.65165514
hurricane-matthew_00000104__b0094,hurricane-matthew,2,2,major-damage,major-damage,0.7982927,0.00035774778,0.01625009,0.7982927,0.18509956
hurricane-matthew_00000385__b0028,hurricane-matthew,3,3,destroyed,destroyed,0.82828027,0.017152997,0.10651125,0.048055504,0.82828027
hurricane-matthew_00000181__b0018,hurricane-matthew,2,3,major-damage,destroyed,0.90241313,0.007300023,0.042619172,0.047667652,0.90241313
hurricane-matthew_00000281__b0008,hurricane-matthew,3,3,destroyed,destroyed,0.6525195,0.072027035,0.16578582,0.1096676,0.6525195
hurricane-matthew_00000035__b0056,hurricane-matthew,2,1,major-damage,minor-damage,0.35640094,0.20911738,0.35640094,0.15799722,0.27648443
hurricane-matthew_00000035__b0034,hurricane-matthew,0,3,no-damage,destroyed,0.4807363,0.07325679,0.18919966,0.25680715,0.4807363
hurricane-matthew_00000044__b0164,hurricane-matthew,0,0,no-damage,no-damage,0.61043024,0.61043024,0.21971539,0.07544443,0.09440995
hurricane-matthew_00000044__b0103,hurricane-matthew,0,1,no-damage,minor-damage,0.44940972,0.10010217,0.44940972,0.2980382,0.15245
hurricane-matthew_00000044__b0007,hurricane-matthew,0,0,no-damage,no-damage,0.5852374,0.5852374,0.24081174,0.08706678,0.0868841
hurricane-matthew_00000044__b0077,hurricane-matthew,0,0,no-damage,no-damage,0.70604366,0.70604366,0.17932723,0.032780096,0.08184901
hurricane-matthew_00000044__b0075,hurricane-matthew,0,1,no-damage,minor-damage,0.66792727,0.1521682,0.66792727,0.15710345,0.022801004
hurricane-matthew_00000035__b0051,hurricane-matthew,2,3,major-damage,destroyed,0.50136834,0.2778431,0.09110649,0.12968202,0.50136834
hurricane-matthew_00000385__b0107,hurricane-matthew,3,3,destroyed,destroyed,0.90156025,0.008962439,0.0576662,0.031811073,0.90156025
hurricane-matthew_00000104__b0077,hurricane-matthew,1,2,minor-damage,major-damage,0.7851551,0.06259921,0.11563416,0.7851551,0.036611516
hurricane-matthew_00000260__b0079,hurricane-matthew,2,3,major-damage,destroyed,0.57834274,0.08295577,0.19432878,0.14437272,0.57834274
hurricane-matthew_00000385__b0033,hurricane-matthew,2,3,major-damage,destroyed,0.51523393,0.028336205,0.28565493,0.17077494,0.51523393
hurricane-matthew_00000044__b0126,hurricane-matthew,0,3,no-damage,destroyed,0.8276652,0.05640785,0.06575781,0.050169118,0.8276652
hurricane-matthew_00000104__b0260,hurricane-matthew,1,0,minor-damage,no-damage,0.35042483,0.35042483,0.3029368,0.3062454,0.04039305
hurricane-matthew_00000145__b0002,hurricane-matthew,2,3,major-damage,destroyed,0.63811034,0.117676504,0.14525741,0.098955765,0.63811034
hurricane-matthew_00000104__b0224,hurricane-matthew,1,2,minor-damage,major-damage,0.48577413,0.013557634,0.15819116,0.48577413,0.34247705
hurricane-matthew_00000104__b0117,hurricane-matthew,1,2,minor-damage,major-damage,0.676295,0.0022708694,0.058737423,0.676295,0.26269677
hurricane-matthew_00000104__b0003,hurricane-matthew,1,2,minor-damage,major-damage,0.51677006,0.0042432058,0.04526371,0.51677006,0.43372303
hurricane-matthew_00000104__b0005,hurricane-matthew,1,3,minor-damage,destroyed,0.48912543,0.00452544,0.078417614,0.42793152,0.48912543
hurricane-matthew_00000104__b0242,hurricane-matthew,1,3,minor-damage,destroyed,0.73475546,0.0038186465,0.06382195,0.19760399,0.73475546
hurricane-matthew_00000385__b0054,hurricane-matthew,3,3,destroyed,destroyed,0.4843975,0.06698068,0.30234116,0.1462807,0.4843975
hurricane-matthew_00000166__b0007,hurricane-matthew,3,3,destroyed,destroyed,0.5348925,0.07243856,0.2268734,0.1657956,0.5348925
hurricane-matthew_00000385__b0017,hurricane-matthew,3,3,destroyed,destroyed,0.5362554,0.05547133,0.2501544,0.1581188,0.5362554
hurricane-matthew_00000376__b0001,hurricane-matthew,3,3,destroyed,destroyed,0.8680168,0.014751914,0.050642453,0.066588864,0.8680168
hurricane-matthew_00000044__b0016,hurricane-matthew,0,0,no-damage,no-damage,0.35471013,0.35471013,0.2223583,0.13785425,0.2850773
hurricane-matthew_00000302__b0006,hurricane-matthew,0,0,no-damage,no-damage,0.5836272,0.5836272,0.21861337,0.103181966,0.09457745
hurricane-matthew_00000104__b0232,hurricane-matthew,2,3,major-damage,destroyed,0.93376803,8.692617e-05,0.0038462465,0.062298752,0.93376803
hurricane-matthew_00000104__b0066,hurricane-matthew,1,3,minor-damage,destroyed,0.81037235,0.004379204,0.03744228,0.14780611,0.81037235
hurricane-matthew_00000065__b0118,hurricane-matthew,2,3,major-damage,destroyed,0.3796247,0.050826415,0.29964387,0.26990503,0.3796247
hurricane-matthew_00000104__b0125,hurricane-matthew,1,3,minor-damage,destroyed,0.8775339,0.00046151518,0.01366794,0.108336635,0.8775339
hurricane-matthew_00000302__b0007,hurricane-matthew,2,2,major-damage,major-damage,0.33437043,0.30143848,0.26800802,0.33437043,0.09618307
hurricane-matthew_00000065__b0128,hurricane-matthew,2,3,major-damage,destroyed,0.55847865,0.081773184,0.19889012,0.16085802,0.55847865
hurricane-matthew_00000104__b0055,hurricane-matthew,1,3,minor-damage,destroyed,0.84782845,0.0037388094,0.034621734,0.11381107,0.84782845
hurricane-matthew_00000104__b0302,hurricane-matthew,1,3,minor-damage,destroyed,0.78549695,0.0015831469,0.039354138,0.17356575,0.78549695
hurricane-matthew_00000260__b0000,hurricane-matthew,3,3,destroyed,destroyed,0.60489386,0.058991715,0.14890757,0.1872068,0.60489386
hurricane-matthew_00000044__b0226,hurricane-matthew,0,0,no-damage,no-damage,0.6241303,0.6241303,0.20638542,0.059321415,0.11016287
hurricane-matthew_00000044__b0190,hurricane-matthew,0,1,no-damage,minor-damage,0.46995544,0.25133026,0.46995544,0.21099009,0.06772418
hurricane-matthew_00000044__b0245,hurricane-matthew,0,0,no-damage,no-damage,0.2977212,0.2977212,0.2629999,0.16966575,0.26961318
hurricane-matthew_00000385__b0050,hurricane-matthew,3,3,destroyed,destroyed,0.9045483,0.007737284,0.053357687,0.034356747,0.9045483
hurricane-matthew_00000065__b0060,hurricane-matthew,2,3,major-damage,destroyed,0.57788104,0.079468146,0.19266267,0.1499882,0.57788104
hurricane-matthew_00000104__b0280,hurricane-matthew,2,3,major-damage,destroyed,0.7234404,0.020558892,0.07652156,0.17947914,0.7234404
hurricane-matthew_00000104__b0137,hurricane-matthew,1,3,minor-damage,destroyed,0.85864043,0.004610845,0.021223053,0.11552559,0.85864043
hurricane-matthew_00000044__b0059,hurricane-matthew,0,3,no-damage,destroyed,0.6027114,0.12532508,0.12817797,0.14378561,0.6027114
hurricane-matthew_00000376__b0011,hurricane-matthew,3,3,destroyed,destroyed,0.4098839,0.28399968,0.17246896,0.13364747,0.4098839
hurricane-matthew_00000044__b0006,hurricane-matthew,0,3,no-damage,destroyed,0.74842906,0.09361984,0.078001074,0.07995005,0.74842906
hurricane-matthew_00000065__b0098,hurricane-matthew,2,3,major-damage,destroyed,0.57227093,0.06733182,0.21025021,0.15014702,0.57227093
hurricane-matthew_00000035__b0023,hurricane-matthew,0,3,no-damage,destroyed,0.43296543,0.1441167,0.1972821,0.22563587,0.43296543
hurricane-matthew_00000104__b0235,hurricane-matthew,1,3,minor-damage,destroyed,0.7380355,0.018498294,0.0849665,0.15849976,0.7380355
hurricane-matthew_00000044__b0034,hurricane-matthew,0,0,no-damage,no-damage,0.5001149,0.5001149,0.3202935,0.060231272,0.119360246
hurricane-matthew_00000104__b0249,hurricane-matthew,1,2,minor-damage,major-damage,0.49076203,0.0050520357,0.06166084,0.49076203,0.44252506
hurricane-matthew_00000302__b0012,hurricane-matthew,0,0,no-damage,no-damage,0.49743366,0.49743366,0.1105415,0.104523905,0.28750098
hurricane-matthew_00000044__b0009,hurricane-matthew,3,3,destroyed,destroyed,0.9026923,0.010544237,0.047899365,0.038864035,0.9026923
hurricane-matthew_00000104__b0223,hurricane-matthew,1,2,minor-damage,major-damage,0.5364664,0.107264206,0.06263743,0.5364664,0.293632
hurricane-matthew_00000044__b0078,hurricane-matthew,0,1,no-damage,minor-damage,0.63280916,0.08794721,0.63280916,0.22381963,0.055424053
hurricane-matthew_00000104__b0009,hurricane-matthew,1,3,minor-damage,destroyed,0.56690496,0.00939797,0.066123486,0.35757363,0.56690496
hurricane-matthew_00000035__b0001,hurricane-matthew,0,3,no-damage,destroyed,0.4264687,0.09229269,0.21783054,0.26340806,0.4264687
hurricane-matthew_00000104__b0255,hurricane-matthew,1,3,minor-damage,destroyed,0.7660781,0.0009873267,0.027872339,0.20506223,0.7660781
hurricane-matthew_00000110__b0014,hurricane-matthew,2,3,major-damage,destroyed,0.4724116,0.12390888,0.28557476,0.118104756,0.4724116
hurricane-matthew_00000181__b0009,hurricane-matthew,2,3,major-damage,destroyed,0.7324907,0.03551873,0.119885914,0.11210462,0.7324907
hurricane-matthew_00000089__b0239,hurricane-matthew,0,1,no-damage,minor-damage,0.53477216,0.059935234,0.53477216,0.17961772,0.22567494
hurricane-matthew_00000065__b0121,hurricane-matthew,3,2,destroyed,major-damage,0.5277863,0.048953835,0.3127293,0.5277863,0.110530525
hurricane-matthew_00000035__b0028,hurricane-matthew,0,3,no-damage,destroyed,0.40060198,0.03987289,0.23178323,0.32774192,0.40060198
hurricane-matthew_00000104__b0133,hurricane-matthew,1,3,minor-damage,destroyed,0.6802903,0.0016944846,0.033298474,0.28471676,0.6802903
hurricane-matthew_00000302__b0053,hurricane-matthew,0,2,no-damage,major-damage,0.8931628,0.040146414,0.03230536,0.8931628,0.034385517
hurricane-matthew_00000205__b0009,hurricane-matthew,2,3,major-damage,destroyed,0.8098075,0.022991747,0.0973953,0.06980551,0.8098075
hurricane-matthew_00000044__b0120,hurricane-matthew,0,3,no-damage,destroyed,0.37084523,0.19991577,0.2920581,0.13718091,0.37084523
hurricane-matthew_00000302__b0041,hurricane-matthew,2,3,major-damage,destroyed,0.6793703,0.048667606,0.14868617,0.12327592,0.6793703
hurricane-matthew_00000035__b0033,hurricane-matthew,0,3,no-damage,destroyed,0.5902715,0.16297427,0.121922426,0.124831796,0.5902715
hurricane-matthew_00000385__b0043,hurricane-matthew,3,3,destroyed,destroyed,0.84237486,0.012283406,0.10335101,0.041990664,0.84237486
hurricane-matthew_00000206__b0001,hurricane-matthew,3,3,destroyed,destroyed,0.49090073,0.08652515,0.23920019,0.18337384,0.49090073
hurricane-matthew_00000065__b0153,hurricane-matthew,2,3,major-damage,destroyed,0.44645008,0.19167387,0.2199415,0.1419345,0.44645008
hurricane-matthew_00000044__b0014,hurricane-matthew,0,1,no-damage,minor-damage,0.48736542,0.061572406,0.48736542,0.16429648,0.2867657
hurricane-matthew_00000281__b0002,hurricane-matthew,3,3,destroyed,destroyed,0.7728544,0.044570997,0.119356856,0.06321776,0.7728544
hurricane-matthew_00000104__b0143,hurricane-matthew,2,3,major-damage,destroyed,0.73404294,0.0040462883,0.049898125,0.21201272,0.73404294
hurricane-matthew_00000302__b0113,hurricane-matthew,0,2,no-damage,major-damage,0.3003848,0.14585447,0.26821163,0.3003848,0.28554907
hurricane-matthew_00000400__b0056,hurricane-matthew,3,3,destroyed,destroyed,0.7365233,0.061490316,0.1256203,0.07636615,0.7365233
hurricane-matthew_00000166__b0010,hurricane-matthew,3,3,destroyed,destroyed,0.50674945,0.14492781,0.18518892,0.16313384,0.50674945
hurricane-matthew_00000065__b0062,hurricane-matthew,3,3,destroyed,destroyed,0.68789876,0.053442765,0.14141178,0.1172467,0.68789876
hurricane-matthew_00000104__b0114,hurricane-matthew,1,2,minor-damage,major-damage,0.83713114,0.0017995583,0.044515062,0.83713114,0.11655425
hurricane-matthew_00000385__b0102,hurricane-matthew,3,3,destroyed,destroyed,0.63123465,0.044155367,0.22646718,0.09814284,0.63123465
hurricane-matthew_00000302__b0065,hurricane-matthew,0,2,no-damage,major-damage,0.3573046,0.31990597,0.18489859,0.3573046,0.13789086
hurricane-matthew_00000385__b0085,hurricane-matthew,2,3,major-damage,destroyed,0.71285546,0.01941109,0.2046749,0.063058585,0.71285546
hurricane-matthew_00000376__b0018,hurricane-matthew,3,3,destroyed,destroyed,0.7185875,0.050003428,0.10220178,0.12920722,0.7185875
hurricane-matthew_00000206__b0018,hurricane-matthew,3,3,destroyed,destroyed,0.64950186,0.0659076,0.17229289,0.11229765,0.64950186
hurricane-matthew_00000376__b0008,hurricane-matthew,3,3,destroyed,destroyed,0.9224644,0.006933281,0.028143523,0.042458802,0.9224644
hurricane-matthew_00000044__b0197,hurricane-matthew,0,3,no-damage,destroyed,0.33995166,0.22098039,0.20021088,0.23885703,0.33995166
hurricane-matthew_00000044__b0243,hurricane-matthew,0,1,no-damage,minor-damage,0.74262637,0.106409945,0.74262637,0.13594025,0.015023431
hurricane-matthew_00000400__b0040,hurricane-matthew,2,3,major-damage,destroyed,0.51598763,0.058824003,0.27906978,0.14611854,0.51598763
hurricane-matthew_00000302__b0134,hurricane-matthew,0,0,no-damage,no-damage,0.67518514,0.67518514,0.18848528,0.07547153,0.060858108
hurricane-matthew_00000260__b0067,hurricane-matthew,2,0,major-damage,no-damage,0.38892666,0.38892666,0.29134384,0.1953402,0.12438936
hurricane-matthew_00000400__b0019,hurricane-matthew,2,0,major-damage,no-damage,0.4138383,0.4138383,0.3619312,0.05630656,0.16792403
hurricane-matthew_00000110__b0006,hurricane-matthew,2,0,major-damage,no-damage,0.596095,0.596095,0.123390846,0.16860697,0.11190711
hurricane-matthew_00000104__b0116,hurricane-matthew,1,2,minor-damage,major-damage,0.7435994,0.016912805,0.07716017,0.7435994,0.16232762
hurricane-matthew_00000260__b0074,hurricane-matthew,2,3,major-damage,destroyed,0.36327845,0.2375239,0.14481802,0.25437957,0.36327845
hurricane-matthew_00000104__b0119,hurricane-matthew,1,2,minor-damage,major-damage,0.5070436,0.028837064,0.10207444,0.5070436,0.3620449
hurricane-matthew_00000145__b0008,hurricane-matthew,2,3,major-damage,destroyed,0.52139395,0.14137764,0.16491614,0.17231227,0.52139395
hurricane-matthew_00000104__b0004,hurricane-matthew,1,3,minor-damage,destroyed,0.5442502,0.061460387,0.16731174,0.2269777,0.5442502
hurricane-matthew_00000376__b0020,hurricane-matthew,3,3,destroyed,destroyed,0.9379529,0.0019837865,0.019016018,0.04104735,0.9379529
hurricane-matthew_00000065__b0036,hurricane-matthew,2,3,major-damage,destroyed,0.6703623,0.046684727,0.17525591,0.107697114,0.6703623
hurricane-matthew_00000400__b0034,hurricane-matthew,3,3,destroyed,destroyed,0.80569994,0.02455016,0.115385175,0.05436463,0.80569994
hurricane-matthew_00000385__b0025,hurricane-matthew,2,3,major-damage,destroyed,0.6510358,0.049294863,0.20552316,0.094146155,0.6510358
hurricane-matthew_00000385__b0113,hurricane-matthew,2,3,major-damage,destroyed,0.600424,0.05171399,0.21303074,0.13483134,0.600424
hurricane-matthew_00000035__b0008,hurricane-matthew,0,3,no-damage,destroyed,0.6041313,0.08770718,0.16153972,0.14662185,0.6041313
hurricane-matthew_00000104__b0154,hurricane-matthew,1,2,minor-damage,major-damage,0.55708236,0.047036313,0.14479667,0.55708236,0.25108466
hurricane-matthew_00000400__b0029,hurricane-matthew,2,3,major-damage,destroyed,0.7167676,0.026587522,0.14798956,0.108655274,0.7167676
hurricane-matthew_00000104__b0127,hurricane-matthew,1,2,minor-damage,major-damage,0.46385315,0.2344917,0.07933156,0.46385315,0.22232355
hurricane-matthew_00000044__b0249,hurricane-matthew,0,1,no-damage,minor-damage,0.4232863,0.4037428,0.4232863,0.116937295,0.05603358
hurricane-matthew_00000104__b0190,hurricane-matthew,1,2,minor-damage,major-damage,0.5711393,0.034569666,0.10241414,0.5711393,0.29187694
hurricane-matthew_00000400__b0067,hurricane-matthew,3,3,destroyed,destroyed,0.8047422,0.017996103,0.110300355,0.06696123,0.8047422
hurricane-matthew_00000104__b0301,hurricane-matthew,1,2,minor-damage,major-damage,0.69840336,0.015235298,0.24787022,0.69840336,0.0384911
hurricane-matthew_00000044__b0105,hurricane-matthew,0,3,no-damage,destroyed,0.67618936,0.049588878,0.09602851,0.1781932,0.67618936
hurricane-matthew_00000104__b0016,hurricane-matthew,1,3,minor-damage,destroyed,0.8652861,0.00028863258,0.012350356,0.12207492,0.8652861
hurricane-matthew_00000145__b0012,hurricane-matthew,2,3,major-damage,destroyed,0.73131716,0.04718547,0.12933922,0.092158094,0.73131716
hurricane-matthew_00000104__b0225,hurricane-matthew,1,2,minor-damage,major-damage,0.541205,0.0024679166,0.030920062,0.541205,0.42540708
hurricane-matthew_00000376__b0014,hurricane-matthew,2,3,major-damage,destroyed,0.48462355,0.005531021,0.039767765,0.47007757,0.48462355
hurricane-matthew_00000400__b0022,hurricane-matthew,2,1,major-damage,minor-damage,0.38501894,0.13491355,0.38501894,0.11946713,0.36060032
hurricane-matthew_00000302__b0009,hurricane-matthew,2,0,major-damage,no-damage,0.3830254,0.3830254,0.18903957,0.35055673,0.07737832
hurricane-matthew_00000104__b0160,hurricane-matthew,1,2,minor-damage,major-damage,0.5702345,0.04054155,0.36800358,0.5702345,0.021220384
hurricane-matthew_00000044__b0095,hurricane-matthew,0,3,no-damage,destroyed,0.4671639,0.08275905,0.28756738,0.16250965,0.4671639
hurricane-matthew_00000104__b0098,hurricane-matthew,1,2,minor-damage,major-damage,0.76532334,0.030308263,0.07855102,0.76532334,0.12581736
hurricane-matthew_00000104__b0253,hurricane-matthew,1,3,minor-damage,destroyed,0.61647815,0.14635928,0.11240464,0.12475801,0.61647815
hurricane-matthew_00000044__b0183,hurricane-matthew,0,1,no-damage,minor-damage,0.4921277,0.2967642,0.4921277,0.15401801,0.057090152
hurricane-matthew_00000104__b0262,hurricane-matthew,1,2,minor-damage,major-damage,0.4722594,0.20237888,0.15121602,0.4722594,0.17414564
hurricane-matthew_00000385__b0042,hurricane-matthew,3,3,destroyed,destroyed,0.71732014,0.031782962,0.15812944,0.09276749,0.71732014
hurricane-matthew_00000035__b0011,hurricane-matthew,0,3,no-damage,destroyed,0.6200669,0.08865541,0.15726103,0.13401674,0.6200669
hurricane-matthew_00000104__b0146,hurricane-matthew,1,0,minor-damage,no-damage,0.40644348,0.40644348,0.13373226,0.1932513,0.26657295
hurricane-matthew_00000369__b0010,hurricane-matthew,2,3,major-damage,destroyed,0.4331898,0.12149716,0.13695657,0.30835646,0.4331898
hurricane-matthew_00000065__b0072,hurricane-matthew,2,3,major-damage,destroyed,0.45732418,0.071311995,0.22402883,0.24733493,0.45732418
hurricane-matthew_00000400__b0069,hurricane-matthew,3,1,destroyed,minor-damage,0.55101305,0.16526923,0.55101305,0.09875314,0.1849646
hurricane-matthew_00000104__b0197,hurricane-matthew,1,2,minor-damage,major-damage,0.78632927,0.07954951,0.08237014,0.78632927,0.05175111
hurricane-matthew_00000152__b0412,hurricane-matthew,0,0,no-damage,no-damage,0.8951259,0.8951259,0.07257943,0.021456055,0.010838645
hurricane-matthew_00000166__b0011,hurricane-matthew,3,3,destroyed,destroyed,0.7199692,0.040970042,0.13638674,0.10267403,0.7199692
hurricane-matthew_00000065__b0009,hurricane-matthew,3,3,destroyed,destroyed,0.6375525,0.09579371,0.1483654,0.11828838,0.6375525
hurricane-matthew_00000104__b0202,hurricane-matthew,1,3,minor-damage,destroyed,0.4530767,0.16509685,0.16096205,0.22086446,0.4530767
hurricane-matthew_00000302__b0004,hurricane-matthew,2,2,major-damage,major-damage,0.48443106,0.2795072,0.09669162,0.48443106,0.13937014
hurricane-matthew_00000044__b0021,hurricane-matthew,3,3,destroyed,destroyed,0.6924525,0.080438256,0.12968294,0.0974263,0.6924525
hurricane-matthew_00000035__b0029,hurricane-matthew,0,0,no-damage,no-damage,0.376229,0.376229,0.19525503,0.2162868,0.2122291
hurricane-matthew_00000089__b0268,hurricane-matthew,0,1,no-damage,minor-damage,0.5491036,0.3291312,0.5491036,0.07627164,0.045493558
hurricane-matthew_00000044__b0152,hurricane-matthew,2,1,major-damage,minor-damage,0.4278216,0.08655984,0.4278216,0.14668164,0.3389369
hurricane-matthew_00000302__b0049,hurricane-matthew,0,2,no-damage,major-damage,0.41497934,0.12327405,0.15225503,0.41497934,0.30949154
hurricane-matthew_00000206__b0008,hurricane-matthew,3,3,destroyed,destroyed,0.5399258,0.08596406,0.2009536,0.17315653,0.5399258
hurricane-matthew_00000400__b0023,hurricane-matthew,3,3,destroyed,destroyed,0.81283236,0.017410738,0.1187613,0.050995562,0.81283236
hurricane-matthew_00000104__b0206,hurricane-matthew,1,0,minor-damage,no-damage,0.32643378,0.32643378,0.11052779,0.25866684,0.30437163
hurricane-matthew_00000260__b0003,hurricane-matthew,0,2,no-damage,major-damage,0.8064524,0.06645239,0.080232605,0.8064524,0.04686261
hurricane-matthew_00000385__b0112,hurricane-matthew,3,1,destroyed,minor-damage,0.5167305,0.16084504,0.5167305,0.11774633,0.20467813
hurricane-matthew_00000104__b0200,hurricane-matthew,2,3,major-damage,destroyed,0.77543515,0.000300551,0.012649911,0.2116144,0.77543515
hurricane-matthew_00000044__b0215,hurricane-matthew,0,3,no-damage,destroyed,0.6142981,0.02627879,0.20499691,0.15442616,0.6142981
hurricane-matthew_00000302__b0020,hurricane-matthew,0,3,no-damage,destroyed,0.85017157,0.0069982507,0.057776693,0.08505349,0.85017157
hurricane-matthew_00000302__b0003,hurricane-matthew,0,2,no-damage,major-damage,0.74988866,0.12545943,0.060571723,0.74988866,0.06408019
hurricane-matthew_00000104__b0064,hurricane-matthew,1,2,minor-damage,major-damage,0.37034032,0.18992926,0.1448733,0.37034032,0.2948571
hurricane-matthew_00000302__b0044,hurricane-matthew,0,3,no-damage,destroyed,0.8359749,0.0058091856,0.034686405,0.12352954,0.8359749
hurricane-matthew_00000329__b0005,hurricane-matthew,2,1,major-damage,minor-damage,0.37278196,0.28910404,0.37278196,0.17429681,0.16381723
hurricane-matthew_00000285__b0001,hurricane-matthew,2,3,major-damage,destroyed,0.6631663,0.055444904,0.16625158,0.115137175,0.6631663
hurricane-matthew_00000075__b0017,hurricane-matthew,0,3,no-damage,destroyed,0.5418214,0.06651578,0.21888973,0.17277303,0.5418214
hurricane-matthew_00000104__b0161,hurricane-matthew,1,2,minor-damage,major-damage,0.6227121,0.03654753,0.1358452,0.6227121,0.20489521
hurricane-matthew_00000104__b0034,hurricane-matthew,1,0,minor-damage,no-damage,0.42910329,0.42910329,0.22461791,0.27143836,0.07484038
hurricane-matthew_00000104__b0241,hurricane-matthew,2,3,major-damage,destroyed,0.79164654,0.007863099,0.04328185,0.15720852,0.79164654
hurricane-matthew_00000385__b0020,hurricane-matthew,2,3,major-damage,destroyed,0.8182604,0.0106160985,0.082040936,0.08908256,0.8182604
hurricane-matthew_00000400__b0061,hurricane-matthew,3,3,destroyed,destroyed,0.74287766,0.034039184,0.14730804,0.07577514,0.74287766
hurricane-matthew_00000385__b0093,hurricane-matthew,2,3,major-damage,destroyed,0.8311881,0.016005747,0.09353098,0.059275176,0.8311881
hurricane-matthew_00000104__b0189,hurricane-matthew,1,2,minor-damage,major-damage,0.8129947,0.0016787265,0.056789838,0.8129947,0.12853679
hurricane-matthew_00000075__b0073,hurricane-matthew,0,0,no-damage,no-damage,0.68880194,0.68880194,0.21671836,0.075612925,0.018866776
hurricane-matthew_00000385__b0091,hurricane-matthew,3,3,destroyed,destroyed,0.86008793,0.016597101,0.08021166,0.043103363,0.86008793
hurricane-matthew_00000385__b0048,hurricane-matthew,3,3,destroyed,destroyed,0.8564573,0.038066745,0.06636855,0.03910739,0.8564573
hurricane-matthew_00000104__b0130,hurricane-matthew,1,0,minor-damage,no-damage,0.8108257,0.8108257,0.056232706,0.10952827,0.023413314
