crop_id,disaster,y_true,y_pred,true_label,predicted_label,confidence,prob_no-damage,prob_minor-damage,prob_major-damage,prob_destroyed
hurricane-matthew_00000400__b0004,hurricane-matthew,3,3,destroyed,destroyed,0.8663252,0.005557403,0.045997262,0.082120225,0.8663252
hurricane-matthew_00000205__b0008,hurricane-matthew,2,3,major-damage,destroyed,0.5277859,0.02190517,0.13703363,0.3132753,0.5277859
hurricane-matthew_00000044__b0255,hurricane-matthew,2,3,major-damage,destroyed,0.38151553,0.20986402,0.15897612,0.24964432,0.38151553
hurricane-matthew_00000104__b0157,hurricane-matthew,2,2,major-damage,major-damage,0.47925493,0.115687706,0.2881951,0.47925493,0.11686231
hurricane-matthew_00000385__b0041,hurricane-matthew,3,3,destroyed,destroyed,0.9787477,0.0015184149,0.0067611914,0.012972584,0.9787477
hurricane-matthew_00000104__b0199,hurricane-matthew,1,2,minor-damage,major-damage,0.7317151,0.13147695,0.043820072,0.7317151,0.09298788
hurricane-matthew_00000354__b0005,hurricane-matthew,2,3,major-damage,destroyed,0.53244627,0.14080094,0.15241638,0.17433642,0.53244627
hurricane-matthew_00000329__b0016,hurricane-matthew,2,0,major-damage,no-damage,0.7329542,0.7329542,0.08939792,0.07257598,0.10507195
hurricane-matthew_00000302__b0116,hurricane-matthew,0,2,no-damage,major-damage,0.51549196,0.033246346,0.03799442,0.51549196,0.41326725
hurricane-matthew_00000385__b0056,hurricane-matthew,3,3,destroyed,destroyed,0.9879363,0.0002733811,0.0025884956,0.009201761,0.9879363
hurricane-matthew_00000206__b0015,hurricane-matthew,3,3,destroyed,destroyed,0.71866137,0.072856024,0.07357995,0.13490266,0.71866137
hurricane-matthew_00000281__b0000,hurricane-matthew,3,3,destroyed,destroyed,0.70282096,0.058562152,0.09366108,0.1449558,0.70282096
hurricane-matthew_00000104__b0156,hurricane-matthew,1,1,minor-damage,minor-damage,0.6163843,0.20029078,0.6163843,0.15815192,0.025172917
hurricane-matthew_00000166__b0014,hurricane-matthew,3,3,destroyed,destroyed,0.68695635,0.07533562,0.10581208,0.13189597,0.68695635
hurricane-matthew_00000104__b0101,hurricane-matthew,1,0,minor-damage,no-damage,0.6960793,0.6960793,0.111261964,0.08874827,0.10391044
hurricane-matthew_00000385__b0045,hurricane-matthew,3,3,destroyed,destroyed,0.8759166,0.009351123,0.036413234,0.07831902,0.8759166
hurricane-matthew_00000044__b0015,hurricane-matthew,0,3,no-damage,destroyed,0.44365156,0.2941352,0.15709531,0.1051179,0.44365156
hurricane-matthew_00000104__b0177,hurricane-matthew,1,1,minor-damage,minor-damage,0.40669996,0.2553062,0.40669996,0.17528063,0.16271316
hurricane-matthew_00000104__b0263,hurricane-matthew,2,3,major-damage,destroyed,0.4496616,0.07127425,0.266415,0.21264915,0.4496616
hurricane-matthew_00000035__b0000,hurricane-matthew,0,3,no-damage,destroyed,0.5543417,0.18862385,0.1343492,0.1226853,0.5543417
hurricane-matthew_00000385__b0067,hurricane-matthew,3,3,destroyed,destroyed,0.6187992,0.019733282,0.1047447,0.25672284,0.6187992
hurricane-matthew_00000065__b0023,hurricane-matthew,3,0,destroyed,no-damage,0.55645305,0.55645305,0.10003137,0.08794494,0.25557068
hurricane-matthew_00000385__b0075,hurricane-matthew,3,3,destroyed,destroyed,0.98249507,0.00027990973,0.004628741,0.012596323,0.98249507
hurricane-matthew_00000104__b0233,hurricane-matthew,2,0,major-damage,no-damage,0.39320427,0.39320427,0.099185474,0.28171664,0.22589363
hurricane-matthew_00000260__b0004,hurricane-matthew,3,3,destroyed,destroyed,0.6074412,0.087778196,0.1357989,0.16898172,0.6074412
hurricane-matthew_00000168__b0007,hurricane-matthew,2,3,major-damage,destroyed,0.7460684,0.012969664,0.07516732,0.16579464,0.7460684
hurricane-matthew_00000044__b0029,hurricane-matthew,0,1,no-damage,minor-damage,0.44908756,0.07086,0.44908756,0.33493552,0.14511694
hurricane-matthew_00000104__b0221,hurricane-matthew,1,0,minor-damage,no-damage,0.5174261,0.5174261,0.23981112,0.19966625,0.043096576
hurricane-matthew_00000104__b0132,hurricane-matthew,1,0,minor-damage,no-damage,0.5191466,0.5191466,0.35032353,0.08874711,0.041782744
hurricane-matthew_00000044__b0207,hurricane-matthew,0,3,no-damage,destroyed,0.54427844,0.09539762,0.139971,0.22035289,0.54427844
hurricane-matthew_00000044__b0224,hurricane-matthew,0,3,no-damage,destroyed,0.5890807,0.042716615,0.21726562,0.1509371,0.5890807
hurricane-matthew_00000400__b0047,hurricane-matthew,3,3,destroyed,destroyed,0.6321605,0.09611217,0.1517305,0.11999685,0.6321605
hurricane-matthew_00000044__b0256,hurricane-matthew,0,0,no-damage,no-damage,0.5752671,0.5752671,0.04962219,0.04594049,0.32917032
hurricane-matthew_00000104__b0168,hurricane-matthew,1,0,minor-damage,no-damage,0.38025817,0.38025817,0.30973747,0.2710415,0.03896286
hurricane-matthew_00000400__b0013,hurricane-matthew,3,3,destroyed,destroyed,0.95775926,0.0023129766,0.012718664,0.027209219,0.95775926
hurricane-matthew_00000104__b0080,hurricane-matthew,1,2,minor-damage,major-damage,0.42401385,0.31018662,0.18750335,0.42401385,0.07829614
hurricane-matthew_00000104__b0279,hurricane-matthew,1,0,minor-damage,no-damage,0.6485615,0.6485615,0.10401284,0.18727519,0.06015049
hurricane-matthew_00000044__b0135,hurricane-matthew,0,3,no-damage,destroyed,0.8628161,0.012843036,0.06063274,0.06370816,0.8628161
hurricane-matthew_00000104__b0239,hurricane-matthew,1,2,minor-damage,major-damage,0.66871244,0.08102851,0.13934621,0.66871244,0.11091287
hurricane-matthew_00000044__b0182,hurricane-matthew,0,3,no-damage,destroyed,0.5629092,0.047627658,0.19008715,0.19937608,0.5629092
hurricane-matthew_00000385__b0066,hurricane-matthew,3,3,destroyed,destroyed,0.9809513,0.0010714403,0.005703998,0.012273187,0.9809513
hurricane-matthew_00000260__b0031,hurricane-matthew,2,3,major-damage,destroyed,0.5158561,0.15157045,0.15478222,0.17779124,0.5158561
hurricane-matthew_00000104__b0023,hurricane-matthew,2,2,major-damage,major-damage,0.68782413,0.09402767,0.13565215,0.68782413,0.082496114
hurricane-matthew_00000104__b0014,hurricane-matthew,1,0,minor-damage,no-damage,0.35665256,0.35665256,0.24700001,0.26435328,0.13199419
hurricane-matthew_00000044__b0269,hurricane-matthew,0,1,no-damage,minor-damage,0.7858106,0.07249297,0.7858106,0.10263608,0.039060432
hurricane-matthew_00000385__b0046,hurricane-matthew,3,3,destroyed,destroyed,0.99937916,2.4878838e-05,0.00016202783,0.00043387577,0.99937916
hurricane-matthew_00000065__b0002,hurricane-matthew,2,3,major-damage,destroyed,0.48863307,0.26359475,0.15303846,0.09473372,0.48863307
hurricane-matthew_00000400__b0036,hurricane-matthew,3,3,destroyed,destroyed,0.9957457,0.00010391707,0.0010238568,0.0031265577,0.9957457
hurricane-matthew_00000385__b0063,hurricane-matthew,3,3,destroyed,destroyed,0.91683304,0.0064498154,0.03261887,0.044098236,0.91683304
hurricane-matthew_00000104__b0167,hurricane-matthew,2,1,major-damage,minor-damage,0.49468973,0.2379367,0.49468973,0.13143562,0.13593788
hurricane-matthew_00000206__b0013,hurricane-matthew,2,3,major-damage,destroyed,0.95160073,0.0017820728,0.011569968,0.035047244,0.95160073
hurricane-matthew_00000104__b0065,hurricane-matthew,1,3,minor-damage,destroyed,0.32467026,0.30710003,0.06894438,0.29928535,0.32467026
hurricane-matthew_00000104__b0079,hurricane-matthew,1,0,minor-damage,no-damage,0.7646977,0.7646977,0.07680447,0.12902594,0.029471979
hurricane-matthew_00000400__b0059,hurricane-matthew,3,3,destroyed,destroyed,0.99624133,4.9556977e-05,0.00059483206,0.003114216,0.99624133
hurricane-matthew_00000329__b0028,hurricane-matthew,2,3,major-damage,destroyed,0.44230044,0.08840085,0.24151014,0.22778854,0.44230044
hurricane-matthew_00000035__b0055,hurricane-matthew,0,2,no-damage,major-damage,0.6681776,0.00815496,0.28874788,0.6681776,0.034919538
hurricane-matthew_00000166__b0004,hurricane-matthew,0,3,no-damage,destroyed,0.52581775,0.24063379,0.131047,0.1025015,0.52581775
hurricane-matthew_00000104__b0181,hurricane-matthew,1,0,minor-damage,no-damage,0.70772123,0.70772123,0.21717001,0.05761081,0.017497899
hurricane-matthew_00000385__b0030,hurricane-matthew,3,3,destroyed,destroyed,0.840191,0.015283288,0.045067668,0.099458076,0.840191
hurricane-matthew_00000035__b0046,hurricane-matthew,0,0,no-damage,no-damage,0.39598382,0.39598382,0.14393675,0.067833826,0.3922456
hurricane-matthew_00000104__b0259,hurricane-matthew,2,2,major-damage,major-damage,0.5912946,0.12506333,0.08726507,0.5912946,0.19637704
hurricane-matthew_00000104__b0308,hurricane-matthew,1,2,minor-damage,major-damage,0.68003124,0.0465162,0.094356604,0.68003124,0.17909601
hurricane-matthew_00000104__b0015,hurricane-matthew,2,2,major-damage,major-damage,0.7690177,0.053066384,0.13308127,0.7690177,0.044834632
hurricane-matthew_00000065__b0084,hurricane-matthew,2,3,major-damage,destroyed,0.80788565,0.0039158184,0.051133215,0.13706532,0.80788565
hurricane-matthew_00000044__b0206,hurricane-matthew,0,3,no-damage,destroyed,0.75636405,0.18898772,0.028330594,0.026317699,0.75636405
hurricane-matthew_00000044__b0151,hurricane-matthew,0,0,no-damage,no-damage,0.39595637,0.39595637,0.3613113,0.13357806,0.10915431
hurricane-matthew_00000104__b0008,hurricane-matthew,1,1,minor-damage,minor-damage,0.4836796,0.2880011,0.4836796,0.13317955,0.09513985
hurricane-matthew_00000044__b0158,hurricane-matthew,0,1,no-damage,minor-damage,0.4777133,0.06836462,0.4777133,0.1933148,0.26060724
hurricane-matthew_00000104__b0230,hurricane-matthew,1,2,minor-damage,major-damage,0.7017734,0.026638472,0.15522349,0.7017734,0.116364665
hurricane-matthew_00000104__b0033,hurricane-matthew,1,0,minor-damage,no-damage,0.41932082,0.41932082,0.24998848,0.19462682,0.13606386
hurricane-matthew_00000104__b0044,hurricane-matthew,1,0,minor-damage,no-damage,0.5936549,0.5936549,0.21009395,0.11180886,0.08444228
hurricane-matthew_00000166__b0017,hurricane-matthew,3,3,destroyed,destroyed,0.8109733,0.0084189745,0.048388425,0.13221931,0.8109733
hurricane-matthew_00000035__b0005,hurricane-matthew,0,1,no-damage,minor-damage,0.36921936,0.3451419,0.36921936,0.11775939,0.16787927
hurricane-matthew_00000400__b0060,hurricane-matthew,2,3,major-damage,destroyed,0.9934149,0.00029814398,0.0019863201,0.0043006716,0.9934149
hurricane-matthew_00000302__b0067,hurricane-matthew,0,0,no-damage,no-damage,0.34683725,0.34683725,0.18880473,0.24925718,0.21510081
hurricane-matthew_00000385__b0034,hurricane-matthew,3,3,destroyed,destroyed,0.9847728,0.00025918643,0.003444074,0.011523926,0.9847728
hurricane-matthew_00000044__b0257,hurricane-matthew,0,1,no-damage,minor-damage,0.4670837,0.17334609,0.4670837,0.2646685,0.09490177
hurricane-matthew_00000385__b0026,hurricane-matthew,3,3,destroyed,destroyed,0.9983753,0.00012794232,0.00050426833,0.0009925022,0.9983753
hurricane-matthew_00000260__b0057,hurricane-matthew,0,3,no-damage,destroyed,0.3095199,0.30875564,0.23696153,0.14476289,0.3095199
hurricane-matthew_00000044__b0179,hurricane-matthew,0,3,no-damage,destroyed,0.801351,0.09231351,0.04349375,0.06284177,0.801351
hurricane-matthew_00000302__b0024,hurricane-matthew,0,2,no-damage,major-damage,0.5112809,0.20693414,0.19628821,0.5112809,0.08549673
hurricane-matthew_00000276__b0000,hurricane-matthew,0,3,no-damage,destroyed,0.5307571,0.32145834,0.06617886,0.08160561,0.5307571
hurricane-matthew_00000104__b0240,hurricane-matthew,1,1,minor-damage,minor-damage,0.5383096,0.014502212,0.5383096,0.27271116,0.17447707
hurricane-matthew_00000104__b0297,hurricane-matthew,1,0,minor-damage,no-damage,0.5965301,0.5965301,0.25743467,0.085403994,0.060631197
hurricane-matthew_00000104__b0063,hurricane-matthew,2,1,major-damage,minor-damage,0.5856087,0.15274505,0.5856087,0.14367284,0.11797337
hurricane-matthew_00000376__b0002,hurricane-matthew,3,3,destroyed,destroyed,0.9892069,0.0011882233,0.0032708908,0.0063338885,0.9892069
hurricane-matthew_00000104__b0084,hurricane-matthew,2,2,major-damage,major-damage,0.84782493,0.06367915,0.03497543,0.84782493,0.05352042
hurricane-matthew_00000104__b0247,hurricane-matthew,1,1,minor-damage,minor-damage,0.6537961,0.25825083,0.6537961,0.059131652,0.028821427
hurricane-matthew_00000065__b0106,hurricane-matthew,2,3,major-damage,destroyed,0.41002375,0.09571121,0.28122267,0.21304236,0.41002375
hurricane-matthew_00000044__b0054,hurricane-matthew,0,2,no-damage,major-damage,0.4710837,0.030391643,0.42597473,0.4710837,0.07254992
hurricane-matthew_00000302__b0129,hurricane-matthew,0,2,no-damage,major-damage,0.41778415,0.025242316,0.27200457,0.41778415,0.28496897
hurricane-matthew_00000044__b0061,hurricane-matthew,2,3,major-damage,destroyed,0.89092875,0.022101998,0.04652053,0.040448662,0.89092875
hurricane-matthew_00000104__b0149,hurricane-matthew,1,0,minor-damage,no-damage,0.51117915,0.51117915,0.11493481,0.28899235,0.08489368
hurricane-matthew_00000104__b0290,hurricane-matthew,2,2,major-damage,major-damage,0.7682347,0.059141878,0.061272617,0.7682347,0.11135074
hurricane-matthew_00000104__b0296,hurricane-matthew,1,1,minor-damage,minor-damage,0.4396474,0.35520604,0.4396474,0.13327892,0.071867675
hurricane-matthew_00000044__b0137,hurricane-matthew,0,2,no-damage,major-damage,0.38841102,0.024720386,0.28351447,0.38841102,0.30335417
hurricane-matthew_00000044__b0125,hurricane-matthew,0,3,no-damage,destroyed,0.58090687,0.02270567,0.16906938,0.2273181,0.58090687
hurricane-matthew_00000044__b0229,hurricane-matthew,0,3,no-damage,destroyed,0.61328673,0.06783963,0.14980377,0.1690699,0.61328673
hurricane-matthew_00000385__b0105,hurricane-matthew,3,3,destroyed,destroyed,0.8229219,0.0042570992,0.051002685,0.12181841,0.8229219
hurricane-matthew_00000104__b0124,hurricane-matthew,1,1,minor-damage,minor-damage,0.56285423,0.05670418,0.56285423,0.30178064,0.07866098
hurricane-matthew_00000104__b0102,hurricane-matthew,1,2,minor-damage,major-damage,0.37498882,0.24511656,0.12737934,0.37498882,0.2525153
hurricane-matthew_00000385__b0064,hurricane-matthew,3,3,destroyed,destroyed,0.99181014,0.0005461332,0.002692069,0.004951669,0.99181014
hurricane-matthew_00000104__b0135,hurricane-matthew,1,2,minor-damage,major-damage,0.68613327,0.053702362,0.20321287,0.68613327,0.056951497
hurricane-matthew_00000385__b0080,hurricane-matthew,3,3,destroyed,destroyed,0.9949635,0.00021893757,0.001307404,0.0035101394,0.9949635
hurricane-matthew_00000065__b0066,hurricane-matthew,3,0,destroyed,no-damage,0.5274528,0.5274528,0.14426073,0.08279845,0.24548799
hurricane-matthew_00000044__b0063,hurricane-matthew,0,2,no-damage,major-damage,0.2995362,0.2904991,0.23817128,0.2995362,0.17179343
hurricane-matthew_00000104__b0121,hurricane-matthew,1,2,minor-damage,major-damage,0.62996745,0.25034052,0.060902197,0.62996745,0.05878985
hurricane-matthew_00000400__b0021,hurricane-matthew,3,3,destroyed,destroyed,0.9899102,0.00020325025,0.0023546321,0.007531934,0.9899102
hurricane-matthew_00000376__b0015,hurricane-matthew,3,3,destroyed,destroyed,0.91801697,0.0073277815,0.018425837,0.05622931,0.91801697
hurricane-matthew_00000385__b0122,hurricane-matthew,3,3,destroyed,destroyed,0.4350213,0.14265026,0.15903607,0.26329243,0.4350213
hurricane-matthew_00000376__b0013,hurricane-matthew,3,3,destroyed,destroyed,0.48777035,0.29498813,0.07569453,0.14154704,0.48777035
hurricane-matthew_00000104__b0248,hurricane-matthew,1,1,minor-damage,minor-damage,0.5491475,0.19481437,0.5491475,0.19719881,0.058839303
hurricane-matthew_00000400__b0050,hurricane-matthew,2,3,major-damage,destroyed,0.7125867,0.029966926,0.08932892,0.16811742,0.7125867
hurricane-matthew_00000044__b0213,hurricane-matthew,0,3,no-damage,destroyed,0.41113198,0.054848697,0.26809984,0.2659195,0.41113198
hurricane-matthew_00000104__b0208,hurricane-matthew,2,2,major-damage,major-damage,0.8610501,0.044904944,0.06337587,0.8610501,0.030669117
hurricane-matthew_00000104__b0107,hurricane-matthew,1,0,minor-damage,no-damage,0.74704146,0.74704146,0.10570758,0.046603147,0.100647815
hurricane-matthew_00000104__b0029,hurricane-matthew,1,0,minor-damage,no-damage,0.87524337,0.87524337,0.08029559,0.026444437,0.018016608
hurricane-matthew_00000400__b0045,hurricane-matthew,3,3,destroyed,destroyed,0.95264685,0.0020168656,0.010892067,0.034444254,0.95264685
hurricane-matthew_00000104__b0090,hurricane-matthew,1,0,minor-damage,no-damage,0.45289725,0.45289725,0.32284257,0.15643622,0.06782402
hurricane-matthew_00000104__b0069,hurricane-matthew,1,0,minor-damage,no-damage,0.50319725,0.50319725,0.28384835,0.17133708,0.04161727
hurricane-matthew_00000104__b0293,hurricane-matthew,1,2,minor-damage,major-damage,0.54977465,0.14097074,0.267761,0.54977465,0.041493654
hurricane-matthew_00000400__b0037,hurricane-matthew,3,3,destroyed,destroyed,0.9201296,0.0015525002,0.025003929,0.053313956,0.9201296
hurricane-matthew_00000104__b0245,hurricane-matthew,1,0,minor-damage,no-damage,0.6861823,0.6861823,0.15715729,0.1139231,0.042737283
hurricane-matthew_00000369__b0006,hurricane-matthew,2,3,major-damage,destroyed,0.6234219,0.012158525,0.045888826,0.31853083,0.6234219
hurricane-matthew_00000400__b0015,hurricane-matthew,3,3,destroyed,destroyed,0.9366033,0.0017943961,0.01782967,0.04377257,0.9366033
hurricane-matthew_00000385__b0035,hurricane-matthew,3,3,destroyed,destroyed,0.99583364,7.834559e-05,0.0008823434,0.0032055834,0.99583364
hurricane-matthew_00000104__b0151,hurricane-matthew,1,2,minor-damage,major-damage,0.5497084,0.044367723,0.28639245,0.5497084,0.11953141
hurricane-matthew_00000385__b0005,hurricane-matthew,3,3,destroyed,destroyed,0.6828977,0.02222635,0.115873106,0.17900288,0.6828977
hurricane-matthew_00000145__b0021,hurricane-matthew,2,0,major-damage,no-damage,0.561406,0.561406,0.12955731,0.13439399,0.17464273
hurricane-matthew_00000385__b0012,hurricane-matthew,3,3,destroyed,destroyed,0.818579,0.006326559,0.04757789,0.12751652,0.818579
hurricane-matthew_00000104__b0251,hurricane-matthew,1,1,minor-damage,minor-damage,0.39369345,0.2906275,0.39369345,0.13892259,0.17675647
hurricane-matthew_00000104__b0185,hurricane-matthew,1,1,minor-damage,minor-damage,0.45206586,0.35520643,0.45206586,0.1251201,0.06760755
hurricane-matthew_00000104__b0227,hurricane-matthew,2,3,major-damage,destroyed,0.44177857,0.018237248,0.10357219,0.436412,0.44177857
hurricane-matthew_00000065__b0157,hurricane-matthew,2,3,major-damage,destroyed,0.5219519,0.06689803,0.2701289,0.1410211,0.5219519
hurricane-matthew_00000302__b0100,hurricane-matthew,0,2,no-damage,major-damage,0.7272278,0.05609747,0.10885585,0.7272278,0.10781882
hurricane-matthew_00000116__b0000,hurricane-matthew,2,2,major-damage,major-damage,0.6840148,0.022358466,0.12396599,0.6840148,0.16966084
hurricane-matthew_00000044__b0037,hurricane-matthew,0,3,no-damage,destroyed,0.5628029,0.1807705,0.12763196,0.12879467,0.5628029
hurricane-matthew_00000104__b0292,hurricane-matthew,1,0,minor-damage,no-damage,0.6400143,0.6400143,0.066841,0.14254342,0.15060131
hurricane-matthew_00000400__b0009,hurricane-matthew,3,3,destroyed,destroyed,0.8838617,0.008464825,0.043176103,0.06449737,0.8838617
hurricane-matthew_00000376__b0009,hurricane-matthew,3,3,destroyed,destroyed,0.96047115,0.0018601672,0.009016877,0.028651845,0.96047115
hurricane-matthew_00000044__b0214,hurricane-matthew,0,3,no-damage,destroyed,0.36721337,0.23646203,0.22850518,0.16781941,0.36721337
hurricane-matthew_00000044__b0147,hurricane-matthew,2,3,major-damage,destroyed,0.42177424,0.14577153,0.23621689,0.19623734,0.42177424
hurricane-matthew_00000104__b0106,hurricane-matthew,2,0,major-damage,no-damage,0.66031724,0.66031724,0.15421842,0.09682921,0.08863511
hurricane-matthew_00000400__b0024,hurricane-matthew,2,3,major-damage,destroyed,0.34057665,0.06304388,0.33435902,0.26202047,0.34057665
hurricane-matthew_00000104__b0179,hurricane-matthew,1,2,minor-damage,major-damage,0.6356858,0.034987353,0.13702042,0.6356858,0.19230638
hurricane-matthew_00000044__b0072,hurricane-matthew,0,3,no-damage,destroyed,0.47143707,0.066104986,0.2546266,0.20783137,0.47143707
hurricane-matthew_00000104__b0142,hurricane-matthew,1,0,minor-damage,no-damage,0.7147387,0.7147387,0.16960864,0.09870814,0.016944457
hurricane-matthew_00000400__b0066,hurricane-matthew,2,3,major-damage,destroyed,0.67937976,0.041346435,0.08467717,0.19459666,0.67937976
hurricane-matthew_00000260__b0049,hurricane-matthew,2,3,major-damage,destroyed,0.6630303,0.13877554,0.06862416,0.12956989,0.6630303
hurricane-matthew_00000104__b0093,hurricane-matthew,1,0,minor-damage,no-damage,0.43039784,0.43039784,0.0835745,0.4051001,0.08092755
hurricane-matthew_00000166__b0002,hurricane-matthew,3,3,destroyed,destroyed,0.47218484,0.031105999,0.15336606,0.34334314,0.47218484
hurricane-matthew_00000104__b0110,hurricane-matthew,2,2,major-damage,major-damage,0.38322878,0.14550126,0.3619253,0.38322878,0.1093447
hurricane-matthew_00000104__b0272,hurricane-matthew,1,2,minor-damage,major-damage,0.6996576,0.16973351,0.06168665,0.6996576,0.06892226
hurricane-matthew_00000035__b0013,hurricane-matthew,0,0,no-damage,no-damage,0.42177144,0.42177144,0.35024214,0.10227909,0.1257073
hurricane-matthew_00000385__b0103,hurricane-matthew,3,3,destroyed,destroyed,0.90839595,0.0026685023,0.02548132,0.06345419,0.90839595
hurricane-matthew_00000104__b0286,hurricane-matthew,2,2,major-damage,major-damage,0.5892253,0.1908208,0.06502426,0.5892253,0.15492962
hurricane-matthew_00000104__b0254,hurricane-matthew,2,0,major-damage,no-damage,0.4132219,0.4132219,0.06474445,0.3616441,0.1603895
hurricane-matthew_00000302__b0039,hurricane-matthew,0,2,no-damage,major-damage,0.5487501,0.015949933,0.07407676,0.5487501,0.36122322
hurricane-matthew_00000376__b0005,hurricane-matthew,3,3,destroyed,destroyed,0.8111158,0.038121082,0.04115883,0.10960436,0.8111158
hurricane-matthew_00000260__b0045,hurricane-matthew,2,3,major-damage,destroyed,0.6222795,0.084094085,0.12850012,0.16512631,0.6222795
hurricane-matthew_00000044__b0237,hurricane-matthew,0,3,no-damage,destroyed,0.39908516,0.12822454,0.19402412,0.2786662,0.39908516
hurricane-matthew_00000104__b0071,hurricane-matthew,1,2,minor-damage,major-damage,0.5375166,0.28930318,0.08111352,0.5375166,0.09206671
hurricane-matthew_00000166__b0013,hurricane-matthew,3,3,destroyed,destroyed,0.6382651,0.12149562,0.11636269,0.12387663,0.6382651
hurricane-matthew_00000104__b0228,hurricane-matthew,2,0,major-damage,no-damage,0.52324593,0.52324593,0.33614033,0.07309492,0.06751883
hurricane-matthew_00000104__b0017,hurricane-matthew,1,0,minor-damage,no-damage,0.5587245,0.5587245,0.1769763,0.22170202,0.042597186
hurricane-matthew_00000104__b0047,hurricane-matthew,1,0,minor-damage,no-damage,0.8848778,0.8848778,0.04222601,0.051652096,0.021244105
hurricane-matthew_00000104__b0037,hurricane-matthew,2,2,major-damage,major-damage,0.35760188,0.22800693,0.26691476,0.35760188,0.14747643
hurricane-matthew_00000206__b0005,hurricane-matthew,3,3,destroyed,destroyed,0.9242697,0.0018991423,0.016490918,0.057340246,0.9242697
hurricane-matthew_00000035__b0062,hurricane-matthew,0,3,no-damage,destroyed,0.33052948,0.26997414,0.26395002,0.13554642,0.33052948
hurricane-matthew_00000044__b0145,hurricane-matthew,0,0,no-damage,no-damage,0.80229133,0.80229133,0.109798685,0.03432147,0.05358854
hurricane-matthew_00000104__b0088,hurricane-matthew,1,2,minor-damage,major-damage,0.35415062,0.28961074,0.25609925,0.35415062,0.10013938
hurricane-matthew_00000385__b0090,hurricane-matthew,3,3,destroyed,destroyed,0.99756134,0.00013837515,0.00061913085,0.0016811602,0.99756134
hurricane-matthew_00000104__b0183,hurricane-matthew,1,2,minor-damage,major-damage,0.48783684,0.25287536,0.1653123,0.48783684,0.09397549
hurricane-matthew_00000075__b0130,hurricane-matthew,0,0,no-damage,no-damage,0.53308856,0.53308856,0.24498805,0.15889543,0.063028015
hurricane-matthew_00000104__b0144,hurricane-matthew,1,3,minor-damage,destroyed,0.37038687,0.12904392,0.34807658,0.15249254,0.37038687
hurricane-matthew_00000044__b0131,hurricane-matthew,2,3,major-damage,destroyed,0.52734596,0.029906014,0.15266658,0.29008147,0.52734596
hurricane-matthew_00000065__b0127,hurricane-matthew,2,1,major-damage,minor-damage,0.44369775,0.053045683,0.44369775,0.42052892,0.082727596
hurricane-matthew_00000104__b0030,hurricane-matthew,1,0,minor-damage,no-damage,0.698466,0.698466,0.11097725,0.1451197,0.04543705
hurricane-matthew_00000110__b0008,hurricane-matthew,2,3,major-damage,destroyed,0.45104322,0.15078487,0.15698841,0.24118349,0.45104322
hurricane-matthew_00000104__b0100,hurricane-matthew,1,1,minor-damage,minor-damage,0.47251526,0.12937461,0.47251526,0.169031,0.22907913
hurricane-matthew_00000329__b0024,hurricane-matthew,2,3,major-damage,destroyed,0.5974244,0.123928204,0.09482556,0.18382181,0.5974244
hurricane-matthew_00000104__b0109,hurricane-matthew,1,0,minor-damage,no-damage,0.50369084,0.50369084,0.32565188,0.14193697,0.028720314
hurricane-matthew_00000385__b0123,hurricane-matthew,3,3,destroyed,destroyed,0.77299917,0.015200269,0.07546767,0.13633287,0.77299917
hurricane-matthew_00000260__b0016,hurricane-matthew,3,3,destroyed,destroyed,0.7910885,0.08249985,0.05019622,0.076215364,0.7910885
hurricane-matthew_00000152__b0115,hurricane-matthew,2,1,major-damage,minor-damage,0.35173717,0.25865567,0.35173717,0.21627659,0.17333059
hurricane-matthew_00000044__b0115,hurricane-matthew,2,1,major-damage,minor-damage,0.3717996,0.1842928,0.3717996,0.12666833,0.31723925
hurricane-matthew_00000385__b0116,hurricane-matthew,3,3,destroyed,destroyed,0.99550015,0.00021224598,0.001228723,0.0030588,0.99550015
hurricane-matthew_00000104__b0012,hurricane-matthew,1,0,minor-damage,no-damage,0.47728977,0.47728977,0.27502555,0.0994709,0.14821376
hurricane-matthew_00000385__b0027,hurricane-matthew,3,3,destroyed,destroyed,0.99892396,4.3685017e-05,0.0002879444,0.0007443991,0.99892396
hurricane-matthew_00000104__b0287,hurricane-matthew,1,0,minor-damage,no-damage,0.4082082,0.4082082,0.18889192,0.293189,0.10971082
hurricane-matthew_00000302__b0026,hurricane-matthew,2,2,major-damage,major-damage,0.6884131,0.12615108,0.05081828,0.6884131,0.13461758
hurricane-matthew_00000104__b0210,hurricane-matthew,1,0,minor-damage,no-damage,0.8248358,0.8248358,0.060667932,0.08763669,0.02685964
hurricane-matthew_00000104__b0073,hurricane-matthew,1,0,minor-damage,no-damage,0.68544245,0.68544245,0.1683373,0.11308253,0.033137757
hurricane-matthew_00000385__b0021,hurricane-matthew,3,3,destroyed,destroyed,0.99589765,8.38785e-05,0.0009362108,0.0030822514,0.99589765
hurricane-matthew_00000385__b0114,hurricane-matthew,3,3,destroyed,destroyed,0.9988738,2.3140154e-05,0.00024045585,0.0008626569,0.9988738
hurricane-matthew_00000075__b0115,hurricane-matthew,2,0,major-damage,no-damage,0.6245929,0.6245929,0.0548557,0.04852321,0.2720282
hurricane-matthew_00000065__b0064,hurricane-matthew,2,3,major-damage,destroyed,0.40992323,0.3464464,0.14573927,0.097891055,0.40992323
hurricane-matthew_00000044__b0239,hurricane-matthew,0,3,no-damage,destroyed,0.34322494,0.21593845,0.23783185,0.20300475,0.34322494
hurricane-matthew_00000104__b0252,hurricane-matthew,2,2,major-damage,major-damage,0.35410818,0.07790554,0.33675528,0.35410818,0.231231
hurricane-matthew_00000104__b0026,hurricane-matthew,1,0,minor-damage,no-damage,0.5075539,0.5075539,0.14288127,0.23593839,0.11362651
hurricane-matthew_00000385__b0120,hurricane-matthew,2,3,major-damage,destroyed,0.9937203,0.00018540543,0.0018788116,0.0042155706,0.9937203
hurricane-matthew_00000044__b0247,hurricane-matthew,0,3,no-damage,destroyed,0.5856714,0.27033567,0.06647504,0.07751789,0.5856714
hurricane-matthew_00000400__b0068,hurricane-matthew,3,3,destroyed,destroyed,0.8280059,0.007338069,0.06324415,0.10141187,0.8280059
hurricane-matthew_00000104__b0203,hurricane-matthew,1,2,minor-damage,major-damage,0.8127762,0.04510892,0.03866396,0.8127762,0.10345093
hurricane-matthew_00000385__b0037,hurricane-matthew,3,3,destroyed,destroyed,0.99819595,7.114048e-05,0.00051524653,0.0012177227,0.99819595
hurricane-matthew_00000104__b0061,hurricane-matthew,1,0,minor-damage,no-damage,0.52280486,0.52280486,0.14824969,0.2272322,0.101713255
hurricane-matthew_00000089__b0253,hurricane-matthew,0,1,no-damage,minor-damage,0.29478678,0.29045224,0.29478678,0.20399626,0.21076472
hurricane-matthew_00000302__b0035,hurricane-matthew,0,3,no-damage,destroyed,0.54514194,0.06742266,0.053352274,0.3340831,0.54514194
hurricane-matthew_00000385__b0098,hurricane-matthew,3,3,destroyed,destroyed,0.97638124,0.0008193474,0.006657056,0.01614232,0.97638124
hurricane-matthew_00000385__b0071,hurricane-matthew,3,3,destroyed,destroyed,0.999037,4.5975707e-05,0.00027358774,0.0006435063,0.999037
hurricane-matthew_00000044__b0030,hurricane-matthew,0,0,no-damage,no-damage,0.5103442,0.5103442,0.18826856,0.1211768,0.18021049
hurricane-matthew_00000281__b0007,hurricane-matthew,3,3,destroyed,destroyed,0.8735104,0.051387955,0.02593797,0.049163625,0.8735104
hurricane-matthew_00000104__b0219,hurricane-matthew,1,0,minor-damage,no-damage,0.5684149,0.5684149,0.18485616,0.14554158,0.10118733
hurricane-matthew_00000400__b0043,hurricane-matthew,3,3,destroyed,destroyed,0.8165586,0.023214761,0.07575975,0.084466934,0.8165586
hurricane-matthew_00000104__b0043,hurricane-matthew,2,3,major-damage,destroyed,0.5724443,0.012013296,0.09102576,0.32451662,0.5724443
hurricane-matthew_00000044__b0211,hurricane-matthew,0,3,no-damage,destroyed,0.44549355,0.1671958,0.21630903,0.17100166,0.44549355
hurricane-matthew_00000260__b0032,hurricane-matthew,2,3,major-damage,destroyed,0.66817915,0.15804785,0.059592027,0.11418095,0.66817915
hurricane-matthew_00000104__b0095,hurricane-matthew,1,0,minor-damage,no-damage,0.76497257,0.76497257,0.05897963,0.109221615,0.06682617
hurricane-matthew_00000302__b0054,hurricane-matthew,0,0,no-damage,no-damage,0.43366376,0.43366376,0.10107176,0.13605413,0.32921034
hurricane-matthew_00000104__b0291,hurricane-matthew,3,3,destroyed,destroyed,0.6708427,0.02895696,0.061747137,0.23845321,0.6708427
hurricane-matthew_00000104__b0184,hurricane-matthew,1,2,minor-damage,major-damage,0.529223,0.043353256,0.114199795,0.529223,0.31322396
hurricane-matthew_00000385__b0006,hurricane-matthew,2,3,major-damage,destroyed,0.76082385,0.04064276,0.08920168,0.109331675,0.76082385
hurricane-matthew_00000385__b0097,hurricane-matthew,2,2,major-damage,major-damage,0.50877535,0.014304792,0.16701387,0.50877535,0.30990598
hurricane-matthew_00000260__b0005,hurricane-matthew,3,3,destroyed,destroyed,0.45824748,0.11397776,0.13114162,0.2966331,0.45824748
hurricane-matthew_00000065__b0051,hurricane-matthew,2,3,major-damage,destroyed,0.7273522,0.02095957,0.13063866,0.12104957,0.7273522
hurricane-matthew_00000260__b0007,hurricane-matthew,3,3,destroyed,destroyed,0.8719638,0.064636275,0.021299388,0.04210058,0.8719638
hurricane-matthew_00000385__b0001,hurricane-matthew,3,3,destroyed,destroyed,0.9781653,0.0013309829,0.00685733,0.013646368,0.9781653
hurricane-matthew_00000044__b0042,hurricane-matthew,0,3,no-damage,destroyed,0.50866437,0.07045162,0.2181981,0.20268592,0.50866437
hurricane-matthew_00000104__b0070,hurricane-matthew,1,2,minor-damage,major-damage,0.371308,0.28793597,0.24473783,0.371308,0.09601823
hurricane-matthew_00000044__b0134,hurricane-matthew,0,3,no-damage,destroyed,0.86639494,0.0152824335,0.054575857,0.063746825,0.86639494
hurricane-matthew_00000104__b0238,hurricane-matthew,1,0,minor-damage,no-damage,0.48561946,0.48561946,0.36844495,0.08954461,0.056391023
hurricane-matthew_00000104__b0092,hurricane-matthew,1,0,minor-damage,no-damage,0.5299843,0.5299843,0.24287437,0.15000014,0.07714118
hurricane-matthew_00000075__b0102,hurricane-matthew,0,0,no-damage,no-damage,0.36991152,0.36991152,0.22650526,0.29985103,0.10373226
hurricane-matthew_00000044__b0038,hurricane-matthew,2,1,major-damage,minor-damage,0.48994046,0.21222317,0.48994046,0.17067201,0.12716435
hurricane-matthew_00000376__b0010,hurricane-matthew,2,3,major-damage,destroyed,0.98733085,0.00024398991,0.002365497,0.010059644,0.98733085
hurricane-matthew_00000302__b0132,hurricane-matthew,0,3,no-damage,destroyed,0.48956087,0.035336222,0.064776845,0.41032606,0.48956087
hurricane-matthew_00000385__b0078,hurricane-matthew,3,3,destroyed,destroyed,0.9861726,0.0009160237,0.0036170974,0.009294211,0.9861726
hurricane-matthew_00000035__b0067,hurricane-matthew,0,0,no-damage,no-damage,0.31384194,0.31384194,0.30063942,0.1653215,0.22019714
hurricane-matthew_00000350__b0000,hurricane-matthew,0,3,no-damage,destroyed,0.3429864,0.2322465,0.2478645,0.17690264,0.3429864
hurricane-matthew_00000385__b0069,hurricane-matthew,3,3,destroyed,destroyed,0.98938143,0.00021908263,0.0029962603,0.0074031986,0.98938143
hurricane-matthew_00000302__b0083,hurricane-matthew,0,3,no-damage,destroyed,0.55612725,0.0967675,0.08061506,0.26649025,0.55612725
hurricane-matthew_00000400__b0057,hurricane-matthew,2,3,major-damage,destroyed,0.99322176,0.00011924457,0.0014617281,0.005197225,0.99322176
hurricane-matthew_00000044__b0011,hurricane-matthew,0,0,no-damage,no-damage,0.37249696,0.37249696,0.18993323,0.091676734,0.34589306
hurricane-matthew_00000035__b0003,hurricane-matthew,0,1,no-damage,minor-damage,0.46357048,0.34002164,0.46357048,0.12517877,0.07122906
hurricane-matthew_00000104__b0075,hurricane-matthew,1,0,minor-damage,no-damage,0.69520086,0.69520086,0.12552467,0.056431692,0.12284279
hurricane-matthew_00000260__b0025,hurricane-matthew,0,2,no-damage,major-damage,0.58793116,0.3355678,0.051933624,0.58793116,0.02456741
hurricane-matthew_00000035__b0041,hurricane-matthew,0,1,no-damage,minor-damage,0.39918205,0.16243948,0.39918205,0.33935812,0.0990203
hurricane-matthew_00000104__b0096,hurricane-matthew,1,0,minor-damage,no-damage,0.5078484,0.5078484,0.117584616,0.28943548,0.08513152
hurricane-matthew_00000400__b0026,hurricane-matthew,3,3,destroyed,destroyed,0.46027032,0.08862915,0.2603396,0.1907609,0.46027032
hurricane-matthew_00000400__b0003,hurricane-matthew,3,3,destroyed,destroyed,0.7330327,0.035466358,0.10498281,0.12651815,0.7330327
hurricane-matthew_00000104__b0051,hurricane-matthew,1,2,minor-damage,major-damage,0.5256305,0.3375911,0.09424877,0.5256305,0.04252969
hurricane-matthew_00000104__b0195,hurricane-matthew,1,0,minor-damage,no-damage,0.7441068,0.7441068,0.08373052,0.1194773,0.052685425
hurricane-matthew_00000104__b0120,hurricane-matthew,1,2,minor-damage,major-damage,0.6356597,0.06884814,0.19244634,0.6356597,0.10304582
hurricane-matthew_00000044__b0088,hurricane-matthew,0,0,no-damage,no-damage,0.40801972,0.40801972,0.2794665,0.12309913,0.18941462
hurricane-matthew_00000104__b0134,hurricane-matthew,2,0,major-damage,no-damage,0.59400123,0.59400123,0.21485923,0.13716729,0.053972207
hurricane-matthew_00000065__b0100,hurricane-matthew,3,2,destroyed,major-damage,0.36019924,0.11430302,0.35608634,0.36019924,0.16941147
hurricane-matthew_00000044__b0230,hurricane-matthew,0,3,no-damage,destroyed,0.345831,0.16675709,0.29661453,0.19079739,0.345831
hurricane-matthew_00000104__b0062,hurricane-matthew,1,2,minor-damage,major-damage,0.3845166,0.24813554,0.3183163,0.3845166,0.049031533
hurricane-matthew_00000302__b0092,hurricane-matthew,0,3,no-damage,destroyed,0.6532796,0.12971248,0.08616741,0.13084053,0.6532796
hurricane-matthew_00000104__b0122,hurricane-matthew,1,2,minor-damage,major-damage,0.35836452,0.301916,0.26849273,0.35836452,0.07122672
hurricane-matthew_00000400__b0027,hurricane-matthew,2,3,major-damage,destroyed,0.4522244,0.16429503,0.2086455,0.1748351,0.4522244
hurricane-matthew_00000044__b0118,hurricane-matthew,0,3,no-damage,destroyed,0.4970544,0.10061563,0.17191124,0.23041873,0.4970544
hurricane-matthew_00000400__b0008,hurricane-matthew,3,3,destroyed,destroyed,0.8235608,0.0073294006,0.060621884,0.10848792,0.8235608
hurricane-matthew_00000400__b0063,hurricane-matthew,3,3,destroyed,destroyed,0.40169328,0.16048712,0.28241095,0.15540867,0.40169328
hurricane-matthew_00000104__b0274,hurricane-matthew,2,1,major-damage,minor-damage,0.5754287,0.095139556,0.5754287,0.15349339,0.17593832
hurricane-matthew_00000044__b0139,hurricane-matthew,0,3,no-damage,destroyed,0.63802576,0.10018055,0.14051746,0.12127626,0.63802576
hurricane-matthew_00000104__b0295,hurricane-matthew,1,0,minor-damage,no-damage,0.8359322,0.8359322,0.016641302,0.07632291,0.071103595
hurricane-matthew_00000044__b0196,hurricane-matthew,2,3,major-damage,destroyed,0.9298809,0.004836792,0.028094675,0.037187655,0.9298809
hurricane-matthew_00000104__b0298,hurricane-matthew,2,2,major-damage,major-damage,0.41558775,0.36950967,0.084852606,0.41558775,0.13004994
hurricane-matthew_00000104__b0068,hurricane-matthew,1,0,minor-damage,no-damage,0.56916857,0.56916857,0.17378138,0.108515866,0.14853421
hurricane-matthew_00000044__b0138,hurricane-matthew,0,0,no-damage,no-damage,0.550444,0.550444,0.154482,0.18298371,0.11209028
hurricane-matthew_00000035__b0039,hurricane-matthew,0,2,no-damage,major-damage,0.51209575,0.06897707,0.3216834,0.51209575,0.09724381
hurricane-matthew_00000065__b0021,hurricane-matthew,2,1,major-damage,minor-damage,0.33547515,0.17545928,0.33547515,0.1651729,0.32389265
hurricane-matthew_00000104__b0150,hurricane-matthew,1,1,minor-damage,minor-damage,0.66481125,0.15041563,0.66481125,0.13238809,0.05238505
hurricane-matthew_00000065__b0156,hurricane-matthew,2,3,major-damage,destroyed,0.39516535,0.074586675,0.37122482,0.15902318,0.39516535
hurricane-matthew_00000302__b0117,hurricane-matthew,0,2,no-damage,major-damage,0.47006062,0.13696332,0.07747707,0.47006062,0.31549907
hurricane-matthew_00000104__b0169,hurricane-matthew,1,0,minor-damage,no-damage,0.6548766,0.6548766,0.055473726,0.24308854,0.04656107
hurricane-matthew_00000104__b0175,hurricane-matthew,1,2,minor-damage,major-damage,0.6278809,0.059543103,0.15492044,0.6278809,0.15765554
hurricane-matthew_00000075__b0135,hurricane-matthew,0,0,no-damage,no-damage,0.6203155,0.6203155,0.19087684,0.096602924,0.092204764
hurricane-matthew_00000104__b0045,hurricane-matthew,1,2,minor-damage,major-damage,0.4345175,0.26928055,0.16770995,0.4345175,0.12849201
hurricane-matthew_00000104__b0300,hurricane-matthew,1,2,minor-damage,major-damage,0.31404632,0.27309835,0.21582937,0.31404632,0.19702597
hurricane-matthew_00000104__b0283,hurricane-matthew,2,3,major-damage,destroyed,0.409457,0.09334346,0.1926602,0.3045393,0.409457
hurricane-matthew_00000385__b0003,hurricane-matthew,3,3,destroyed,destroyed,0.94210327,0.006030576,0.020077033,0.031789225,0.94210327
hurricane-matthew_00000044__b0080,hurricane-matthew,0,3,no-damage,destroyed,0.4978829,0.08546929,0.22201738,0.1946305,0.4978829
hurricane-matthew_00000302__b0114,hurricane-matthew,0,3,no-damage,destroyed,0.5442791,0.018660074,0.10017932,0.33688146,0.5442791
hurricane-matthew_00000104__b0257,hurricane-matthew,1,2,minor-damage,major-damage,0.5919299,0.020756917,0.06504808,0.5919299,0.32226515
hurricane-matthew_00000104__b0099,hurricane-matthew,1,0,minor-damage,no-damage,0.8982168,0.8982168,0.0625969,0.016891226,0.022295123
hurricane-matthew_00000145__b0018,hurricane-matthew,2,1,major-damage,minor-damage,0.3759077,0.08019414,0.3759077,0.207314,0.3365842
hurricane-matthew_00000104__b0019,hurricane-matthew,1,0,minor-damage,no-damage,0.33418247,0.33418247,0.2876968,0.26483566,0.11328511
hurricane-matthew_00000104__b0229,hurricane-matthew,2,1,major-damage,minor-damage,0.63832575,0.07580546,0.63832575,0.1374428,0.1484259
hurricane-matthew_00000145__b0027,hurricane-matthew,2,3,major-damage,destroyed,0.49963674,0.368312,0.06785345,0.06419777,0.49963674
hurricane-matthew_00000104__b0218,hurricane-matthew,1,2,minor-damage,major-damage,0.43276632,0.27019635,0.1584633,0.43276632,0.13857405
hurricane-matthew_00000385__b0023,hurricane-matthew,3,3,destroyed,destroyed,0.7514928,0.10459847,0.06612981,0.07777894,0.7514928
hurricane-matthew_00000400__b0046,hurricane-matthew,2,3,major-damage,destroyed,0.61476165,0.14031403,0.12320609,0.12171831,0.61476165
hurricane-matthew_00000281__b0006,hurricane-matthew,3,3,destroyed,destroyed,0.76003087,0.12727354,0.057966407,0.054729253,0.76003087
hurricane-matthew_00000065__b0089,hurricane-matthew,3,3,destroyed,destroyed,0.34827656,0.18772367,0.29727492,0.16672486,0.34827656
hurricane-matthew_00000104__b0217,hurricane-matthew,1,2,minor-damage,major-damage,0.7134742,0.18974291,0.062222637,0.7134742,0.034560237
hurricane-matthew_00000302__b0021,hurricane-matthew,0,3,no-damage,destroyed,0.6661546,0.0047298246,0.060258325,0.26885724,0.6661546
hurricane-matthew_00000104__b0214,hurricane-matthew,1,0,minor-damage,no-damage,0.8333481,0.8333481,0.11237099,0.041046917,0.013234009
hurricane-matthew_00000104__b0196,hurricane-matthew,1,1,minor-damage,minor-damage,0.6134112,0.23200265,0.6134112,0.101111494,0.053474713
hurricane-matthew_00000075__b0071,hurricane-matthew,2,0,major-damage,no-damage,0.6721373,0.6721373,0.07233446,0.050163332,0.2053649
hurricane-matthew_00000400__b0028,hurricane-matthew,3,3,destroyed,destroyed,0.90087533,0.014408061,0.036989503,0.047727086,0.90087533
hurricane-matthew_00000104__b0139,hurricane-matthew,2,2,major-damage,major-damage,0.4825081,0.16062585,0.1958803,0.4825081,0.16098584
hurricane-matthew_00000044__b0010,hurricane-matthew,0,1,no-damage,minor-damage,0.39772493,0.3602028,0.39772493,0.16601832,0.076053984
hurricane-matthew_00000044__b0260,hurricane-matthew,0,2,no-damage,major-damage,0.41928315,0.04284539,0.31634384,0.41928315,0.22152753
hurricane-matthew_00000400__b0055,hurricane-matthew,3,3,destroyed,destroyed,0.51197004,0.18260883,0.19610731,0.10931379,0.51197004
hurricane-matthew_00000376__b0017,hurricane-matthew,2,3,major-damage,destroyed,0.8613163,0.014931741,0.04056217,0.08318965,0.8613163
hurricane-matthew_00000075__b0080,hurricane-matthew,2,0,major-damage,no-damage,0.62574273,0.62574273,0.060487743,0.03449955,0.27927
hurricane-matthew_00000206__b0000,hurricane-matthew,2,3,major-damage,destroyed,0.9219649,0.002965377,0.017389406,0.057680286,0.9219649
hurricane-matthew_00000104__b0192,hurricane-matthew,1,0,minor-damage,no-damage,0.87225646,0.87225646,0.06882106,0.041158658,0.017763903
hurricane-matthew_00000044__b0187,hurricane-matthew,0,3,no-damage,destroyed,0.8318748,0.015855005,0.059988286,0.092281915,0.8318748
hurricane-matthew_00000044__b0121,hurricane-matthew,0,0,no-damage,no-damage,0.37076798,0.37076798,0.30550772,0.118245766,0.20547844
hurricane-matthew_00000104__b0191,hurricane-matthew,1,2,minor-damage,major-damage,0.5549186,0.030875402,0.35359988,0.5549186,0.060606092
hurricane-matthew_00000044__b0248,hurricane-matthew,0,3,no-damage,destroyed,0.5493162,0.011027656,0.13704768,0.3026084,0.5493162
hurricane-matthew_00000104__b0108,hurricane-matthew,1,2,minor-damage,major-damage,0.60440093,0.22559494,0.049941316,0.60440093,0.12006278
hurricane-matthew_00000104__b0174,hurricane-matthew,1,2,minor-damage,major-damage,0.6453177,0.038749106,0.12644851,0.6453177,0.18948472
hurricane-matthew_00000206__b0002,hurricane-matthew,3,3,destroyed,destroyed,0.9117951,0.009585751,0.02900848,0.04961065,0.9117951
hurricane-matthew_00000104__b0317,hurricane-matthew,2,2,major-damage,major-damage,0.57780504,0.0806143,0.1646232,0.57780504,0.17695749
hurricane-matthew_00000104__b0166,hurricane-matthew,1,0,minor-damage,no-damage,0.41348758,0.41348758,0.30332282,0.17437077,0.10881886
hurricane-matthew_00000044__b0048,hurricane-matthew,0,0,no-damage,no-damage,0.54972386,0.54972386,0.036000054,0.033628292,0.38064775
hurricane-matthew_00000104__b0103,hurricane-matthew,1,0,minor-damage,no-damage,0.46862873,0.46862873,0.2876903,0.19962762,0.04405329
hurricane-matthew_00000089__b0347,hurricane-matthew,0,1,no-damage,minor-damage,0.55140954,0.22291058,0.55140954,0.14208369,0.083596185
hurricane-matthew_00000044__b0208,hurricane-matthew,0,0,no-damage,no-damage,0.7481119,0.7481119,0.12136782,0.06346394,0.06705627
hurricane-matthew_00000044__b0000,hurricane-matthew,2,3,major-damage,destroyed,0.85511726,0.05035661,0.05565076,0.038875323,0.85511726
hurricane-matthew_00000044__b0097,hurricane-matthew,2,1,major-damage,minor-damage,0.314694,0.20378858,0.314694,0.1850161,0.29650134
hurricane-matthew_00000260__b0052,hurricane-matthew,2,3,major-damage,destroyed,0.5228685,0.10543468,0.15647483,0.21522191,0.5228685
hurricane-matthew_00000104__b0152,hurricane-matthew,1,1,minor-damage,minor-damage,0.63727415,0.18504125,0.63727415,0.14311312,0.03457141
hurricane-matthew_00000104__b0031,hurricane-matthew,1,0,minor-damage,no-damage,0.61641425,0.61641425,0.27686417,0.050116252,0.056605298
hurricane-matthew_00000104__b0309,hurricane-matthew,1,0,minor-damage,no-damage,0.88258296,0.88258296,0.09588448,0.012936529,0.008595945
hurricane-matthew_00000065__b0067,hurricane-matthew,2,3,major-damage,destroyed,0.6276649,0.072775275,0.15121976,0.14834002,0.6276649
hurricane-matthew_00000302__b0010,hurricane-matthew,0,3,no-damage,destroyed,0.6836887,0.030571574,0.024497986,0.26124173,0.6836887
hurricane-matthew_00000385__b0109,hurricane-matthew,3,3,destroyed,destroyed,0.992761,0.00038482138,0.0021890318,0.0046650823,0.992761
hurricane-matthew_00000104__b0205,hurricane-matthew,1,2,minor-damage,major-damage,0.42739874,0.31467137,0.13224997,0.42739874,0.1256799
hurricane-matthew_00000104__b0305,hurricane-matthew,1,0,minor-damage,no-damage,0.9291668,0.9291668,0.033519052,0.02484143,0.012472674
hurricane-matthew_00000035__b0024,hurricane-matthew,0,0,no-damage,no-damage,0.40573874,0.40573874,0.37836528,0.115789935,0.1001061
hurricane-matthew_00000385__b0044,hurricane-matthew,3,3,destroyed,destroyed,0.9742054,0.0012515285,0.0068592033,0.017683819,0.9742054
hurricane-matthew_00000104__b0211,hurricane-matthew,1,0,minor-damage,no-damage,0.72328794,0.72328794,0.06512857,0.092439905,0.11914363
hurricane-matthew_00000302__b0081,hurricane-matthew,0,3,no-damage,destroyed,0.43428412,0.120745525,0.15912701,0.28584337,0.43428412
hurricane-matthew_00000400__b0025,hurricane-matthew,3,3,destroyed,destroyed,0.9287032,0.007254438,0.025034372,0.039007913,0.9287032
hurricane-matthew_00000104__b0180,hurricane-matthew,1,2,minor-damage,major-damage,0.48624587,0.19100037,0.14512457,0.48624587,0.17762913
hurricane-matthew_00000044__b0076,hurricane-matthew,0,0,no-damage,no-damage,0.6919215,0.6919215,0.14939082,0.047600582,0.11108723
hurricane-matthew_00000104__b0278,hurricane-matthew,1,2,minor-damage,major-damage,0.5780491,0.06804695,0.30489886,0.5780491,0.049005102
hurricane-matthew_00000260__b0017,hurricane-matthew,3,3,destroyed,destroyed,0.7813231,0.17245181,0.015142122,0.031082975,0.7813231
hurricane-matthew_00000044__b0180,hurricane-matthew,0,3,no-damage,destroyed,0.8491425,0.012309136,0.056406602,0.08214184,0.8491425
hurricane-matthew_00000104__b0289,hurricane-matthew,1,0,minor-damage,no-damage,0.81593007,0.81593007,0.076467864,0.08281273,0.024789346
hurricane-matthew_00000104__b0188,hurricane-matthew,1,1,minor-damage,minor-damage,0.40359426,0.16343972,0.40359426,0.31685233,0.11611363
hurricane-matthew_00000145__b0026,hurricane-matthew,2,0,major-damage,no-damage,0.9584665,0.9584665,0.0063020936,0.005951052,0.029280374
hurricane-matthew_00000104__b0270,hurricane-matthew,1,0,minor-damage,no-damage,0.5521306,0.5521306,0.20543793,0.19300558,0.049425934
hurricane-matthew_00000385__b0095,hurricane-matthew,3,3,destroyed,destroyed,0.9832939,0.001220206,0.0049763448,0.010509565,0.9832939
hurricane-matthew_00000104__b0111,hurricane-matthew,2,2,major-damage,major-damage,0.86960626,0.022354294,0.027256206,0.86960626,0.08078324
hurricane-matthew_00000104__b0220,hurricane-matthew,1,0,minor-damage,no-damage,0.5959132,0.5959132,0.113775276,0.16042592,0.12988564
hurricane-matthew_00000104__b0083,hurricane-matthew,1,0,minor-damage,no-damage,0.865755,0.865755,0.053576894,0.051587064,0.029081035
hurricane-matthew_00000400__b0011,hurricane-matthew,3,3,destroyed,destroyed,0.8832652,0.0042044674,0.03747817,0.07505215,0.8832652
hurricane-matthew_00000166__b0012,hurricane-matthew,0,3,no-damage,destroyed,0.47852546,0.03440911,0.15188774,0.33517766,0.47852546
hurricane-matthew_00000104__b0198,hurricane-matthew,1,2,minor-damage,major-damage,0.5973202,0.25270748,0.08779391,0.5973202,0.062178377
hurricane-matthew_00000065__b0131,hurricane-matthew,2,2,major-damage,major-damage,0.36811197,0.05727479,0.27997035,0.36811197,0.29464284
hurricane-matthew_00000385__b0115,hurricane-matthew,3,3,destroyed,destroyed,0.99290013,0.00029310668,0.0016734813,0.005133186,0.99290013
hurricane-matthew_00000104__b0113,hurricane-matthew,1,0,minor-damage,no-damage,0.86313397,0.86313397,0.05840675,0.044078395,0.034380898
hurricane-matthew_00000302__b0108,hurricane-matthew,0,2,no-damage,major-damage,0.48635015,0.09109261,0.06319675,0.48635015,0.3593605
hurricane-matthew_00000302__b0029,hurricane-matthew,2,2,major-damage,major-damage,0.6688535,0.05222345,0.13105246,0.6688535,0.14787062
hurricane-matthew_00000331__b0007,hurricane-matthew,2,3,major-damage,destroyed,0.45316043,0.19807227,0.19005108,0.15871623,0.45316043
hurricane-matthew_00000035__b0036,hurricane-matthew,0,3,no-damage,destroyed,0.3939316,0.1754047,0.23929521,0.19136849,0.3939316
hurricane-matthew_00000400__b0065,hurricane-matthew,3,3,destroyed,destroyed,0.8725015,0.015488844,0.046509728,0.0654999,0.8725015
hurricane-matthew_00000385__b0094,hurricane-matthew,3,3,destroyed,destroyed,0.99886096,4.7987745e-05,0.00028166012,0.0008094991,0.99886096
hurricane-matthew_00000065__b0136,hurricane-matthew,2,3,major-damage,destroyed,0.46107182,0.09376419,0.24747577,0.19768825,0.46107182
hurricane-matthew_00000145__b0036,hurricane-matthew,2,0,major-damage,no-damage,0.40377682,0.40377682,0.33004165,0.11577064,0.15041089
hurricane-matthew_00000075__b0169,hurricane-matthew,2,3,major-damage,destroyed,0.5929825,0.045548305,0.17487688,0.18659236,0.5929825
hurricane-matthew_00000044__b0195,hurricane-matthew,0,3,no-damage,destroyed,0.45205942,0.20456633,0.19163555,0.1517388,0.45205942
hurricane-matthew_00000376__b0024,hurricane-matthew,2,3,major-damage,destroyed,0.94613683,0.004236857,0.008994553,0.040631752,0.94613683
hurricane-matthew_00000385__b0121,hurricane-matthew,3,3,destroyed,destroyed,0.9785607,0.003623357,0.0072092284,0.010606698,0.9785607
hurricane-matthew_00000044__b0202,hurricane-matthew,0,3,no-damage,destroyed,0.77349085,0.015956169,0.0863348,0.12421817,0.77349085
hurricane-matthew_00000400__b0039,hurricane-matthew,3,3,destroyed,destroyed,0.94533706,0.0029799347,0.016897975,0.034785047,0.94533706
hurricane-matthew_00000385__b0059,hurricane-matthew,3,3,destroyed,destroyed,0.9234301,0.0077218367,0.020608189,0.048239823,0.9234301
hurricane-matthew_00000302__b0052,hurricane-matthew,0,2,no-damage,major-damage,0.6829413,0.14489098,0.05394192,0.6829413,0.11822584
hurricane-matthew_00000302__b0028,hurricane-matthew,2,3,major-damage,destroyed,0.8710535,0.0076637687,0.028525656,0.092756994,0.8710535
hurricane-matthew_00000075__b0019,hurricane-matthew,2,0,major-damage,no-damage,0.7398679,0.7398679,0.08588485,0.042112827,0.13213438
hurricane-matthew_00000065__b0037,hurricane-matthew,2,0,major-damage,no-damage,0.5243765,0.5243765,0.0833114,0.04888515,0.343427
hurricane-matthew_00000104__b0025,hurricane-matthew,1,2,minor-damage,major-damage,0.49512297,0.022011645,0.3383795,0.49512297,0.14448586
hurricane-matthew_00000145__b0033,hurricane-matthew,2,3,major-damage,destroyed,0.5263707,0.04124091,0.25210875,0.18027963,0.5263707
hurricane-matthew_00000104__b0194,hurricane-matthew,1,2,minor-damage,major-damage,0.5046055,0.11511355,0.35317695,0.5046055,0.027104063
hurricane-matthew_00000075__b0178,hurricane-matthew,0,2,no-damage,major-damage,0.4373484,0.28839302,0.19076599,0.4373484,0.08349263
hurricane-matthew_00000260__b0072,hurricane-matthew,2,3,major-damage,destroyed,0.6928073,0.03462996,0.09930067,0.17326212,0.6928073
hurricane-matthew_00000104__b0032,hurricane-matthew,2,2,major-damage,major-damage,0.45177534,0.014305214,0.18061614,0.45177534,0.35330328
hurricane-matthew_00000104__b0170,hurricane-matthew,1,0,minor-damage,no-damage,0.581689,0.581689,0.3240601,0.056866396,0.03738454
hurricane-matthew_00000400__b0000,hurricane-matthew,3,3,destroyed,destroyed,0.9767919,0.0008379693,0.0058981865,0.016471948,0.9767919
hurricane-matthew_00000044__b0109,hurricane-matthew,0,2,no-damage,major-damage,0.42177966,0.018052049,0.28818852,0.42177966,0.27197975
hurricane-matthew_00000385__b0061,hurricane-matthew,3,3,destroyed,destroyed,0.99368966,0.000101048114,0.001399795,0.0048094923,0.99368966
hurricane-matthew_00000044__b0168,hurricane-matthew,2,3,major-damage,destroyed,0.50774175,0.018574307,0.19478813,0.27889583,0.50774175
hurricane-matthew_00000181__b0010,hurricane-matthew,0,3,no-damage,destroyed,0.69911593,0.0965239,0.08300718,0.12135304,0.69911593
hurricane-matthew_00000302__b0058,hurricane-matthew,0,3,no-damage,destroyed,0.49657348,0.24437127,0.11244425,0.14661096,0.49657348
hurricane-matthew_00000044__b0167,hurricane-matthew,0,0,no-damage,no-damage,0.36627907,0.36627907,0.33535644,0.08707541,0.21128912
hurricane-matthew_00000065__b0094,hurricane-matthew,2,1,major-damage,minor-damage,0.41426152,0.08768502,0.41426152,0.15672897,0.3413245
hurricane-matthew_00000065__b0000,hurricane-matthew,2,3,major-damage,destroyed,0.553605,0.16690736,0.15418442,0.12530316,0.553605
hurricane-matthew_00000044__b0130,hurricane-matthew,0,3,no-damage,destroyed,0.62543213,0.30020916,0.028537814,0.045820907,0.62543213
hurricane-matthew_00000044__b0133,hurricane-matthew,0,3,no-damage,destroyed,0.9012842,0.007974243,0.029878171,0.06086335,0.9012842
hurricane-matthew_00000385__b0108,hurricane-matthew,3,3,destroyed,destroyed,0.99944454,1.9626605e-05,0.00012649328,0.00040932733,0.99944454
hurricane-matthew_00000104__b0136,hurricane-matthew,1,2,minor-damage,major-damage,0.4575406,0.05323197,0.13855027,0.4575406,0.35067722
hurricane-matthew_00000385__b0062,hurricane-matthew,3,3,destroyed,destroyed,0.9685994,0.00088587776,0.0074397074,0.023075016,0.9685994
hurricane-matthew_00000044__b0271,hurricane-matthew,0,3,no-damage,destroyed,0.6008199,0.15485385,0.11861966,0.12570654,0.6008199
hurricane-matthew_00000104__b0052,hurricane-matthew,1,0,minor-damage,no-damage,0.31773686,0.31773686,0.31229794,0.22055951,0.14940564
hurricane-matthew_00000206__b0014,hurricane-matthew,3,3,destroyed,destroyed,0.8064692,0.021921614,0.07333945,0.09826977,0.8064692
hurricane-matthew_00000385__b0099,hurricane-matthew,3,3,destroyed,destroyed,0.99985385,5.936337e-06,3.4437104e-05,0.00010578523,0.99985385
hurricane-matthew_00000369__b0007,hurricane-matthew,2,3,major-damage,destroyed,0.46145725,0.19333386,0.17470482,0.17050412,0.46145725
hurricane-matthew_00000302__b0045,hurricane-matthew,2,3,major-damage,destroyed,0.49843937,0.04506399,0.031387698,0.42510897,0.49843937
hurricane-matthew_00000044__b0141,hurricane-matthew,2,3,major-damage,destroyed,0.794042,0.033173278,0.10315097,0.06963376,0.794042
hurricane-matthew_00000302__b0005,hurricane-matthew,0,3,no-damage,destroyed,0.7811318,0.010711935,0.04246544,0.16569087,0.7811318
hurricane-matthew_00000329__b0027,hurricane-matthew,2,3,major-damage,destroyed,0.43536913,0.08524952,0.22847754,0.25090382,0.43536913
hurricane-matthew_00000104__b0256,hurricane-matthew,2,3,major-damage,destroyed,0.41432893,0.08526317,0.20467167,0.29573622,0.41432893
hurricane-matthew_00000044__b0150,hurricane-matthew,0,3,no-damage,destroyed,0.87501556,0.012102693,0.058228485,0.054653335,0.87501556
hurricane-matthew_00000385__b0002,hurricane-matthew,3,3,destroyed,destroyed,0.9849166,0.0004000703,0.0042093373,0.010473988,0.9849166
hurricane-matthew_00000376__b0000,hurricane-matthew,2,3,major-damage,destroyed,0.9943752,0.00028413447,0.0014539744,0.0038866277,0.9943752
hurricane-matthew_00000104__b0024,hurricane-matthew,2,0,major-damage,no-damage,0.41308698,0.41308698,0.2677538,0.14399464,0.17516457
hurricane-matthew_00000104__b0112,hurricane-matthew,1,1,minor-damage,minor-damage,0.3296479,0.05259475,0.3296479,0.3035722,0.3141851
hurricane-matthew_00000044__b0266,hurricane-matthew,0,1,no-damage,minor-damage,0.47854987,0.37813276,0.47854987,0.08564351,0.057673786
hurricane-matthew_00000104__b0056,hurricane-matthew,2,3,major-damage,destroyed,0.532642,0.058119535,0.2059153,0.20332313,0.532642
hurricane-matthew_00000104__b0276,hurricane-matthew,1,0,minor-damage,no-damage,0.458712,0.458712,0.24749641,0.1868265,0.10696509
hurricane-matthew_00000065__b0028,hurricane-matthew,2,2,major-damage,major-damage,0.43758473,0.056938015,0.39939106,0.43758473,0.106086195
hurricane-matthew_00000281__b0001,hurricane-matthew,3,3,destroyed,destroyed,0.59578425,0.10874125,0.13981873,0.15565568,0.59578425
hurricane-matthew_00000260__b0009,hurricane-matthew,3,3,destroyed,destroyed,0.57124615,0.24547897,0.08681554,0.09645937,0.57124615
hurricane-matthew_00000385__b0076,hurricane-matthew,2,3,major-damage,destroyed,0.46008867,0.015348087,0.20696792,0.31759536,0.46008867
hurricane-matthew_00000104__b0081,hurricane-matthew,1,0,minor-damage,no-damage,0.9411961,0.9411961,0.030572692,0.017573262,0.010657925
hurricane-matthew_00000044__b0079,hurricane-matthew,0,0,no-damage,no-damage,0.3765745,0.3765745,0.29384926,0.14675933,0.18281695
hurricane-matthew_00000400__b0017,hurricane-matthew,3,3,destroyed,destroyed,0.66068286,0.02086102,0.13102628,0.18742995,0.66068286
hurricane-matthew_00000104__b0266,hurricane-matthew,1,2,minor-damage,major-damage,0.58111733,0.26603052,0.05149065,0.58111733,0.10136149
hurricane-matthew_00000260__b0066,hurricane-matthew,2,3,major-damage,destroyed,0.5486102,0.200451,0.13531205,0.115626775,0.5486102
hurricane-matthew_00000044__b0071,hurricane-matthew,0,1,no-damage,minor-damage,0.37596342,0.29726845,0.37596342,0.19257936,0.13418877
hurricane-matthew_00000206__b0012,hurricane-matthew,3,3,destroyed,destroyed,0.86766475,0.024034316,0.040271994,0.068028904,0.86766475
hurricane-matthew_00000104__b0138,hurricane-matthew,1,2,minor-damage,major-damage,0.60566586,0.028175192,0.07663372,0.60566586,0.28952518
hurricane-matthew_00000104__b0299,hurricane-matthew,1,0,minor-damage,no-damage,0.8641136,0.8641136,0.088668935,0.0268826,0.02033484
hurricane-matthew_00000075__b0090,hurricane-matthew,0,1,no-damage,minor-damage,0.3512919,0.1922412,0.3512919,0.32899612,0.12747078
hurricane-matthew_00000104__b0058,hurricane-matthew,1,1,minor-damage,minor-damage,0.49463382,0.20230703,0.49463382,0.18088722,0.122171886
hurricane-matthew_00000104__b0076,hurricane-matthew,1,0,minor-damage,no-damage,0.76486087,0.76486087,0.1239356,0.086374134,0.024829397
hurricane-matthew_00000385__b0074,hurricane-matthew,3,3,destroyed,destroyed,0.9872786,0.00018727538,0.0020879707,0.010446188,0.9872786
hurricane-matthew_00000044__b0124,hurricane-matthew,0,0,no-damage,no-damage,0.6015535,0.6015535,0.06790855,0.054241274,0.27629665
hurricane-matthew_00000376__b0006,hurricane-matthew,3,3,destroyed,destroyed,0.69112825,0.058835708,0.058532886,0.19150317,0.69112825
hurricane-matthew_00000044__b0046,hurricane-matthew,0,3,no-damage,destroyed,0.8483999,0.0378284,0.05043998,0.06333172,0.8483999
hurricane-matthew_00000044__b0263,hurricane-matthew,0,3,no-damage,destroyed,0.9142092,0.056053728,0.014453038,0.015284066,0.9142092
hurricane-matthew_00000145__b0004,hurricane-matthew,2,3,major-damage,destroyed,0.47751048,0.32843542,0.0688669,0.12518723,0.47751048
hurricane-matthew_00000385__b0029,hurricane-matthew,2,3,major-damage,destroyed,0.97756755,0.00045355532,0.006681653,0.015297192,0.97756755
hurricane-matthew_00000302__b0008,hurricane-matthew,0,3,no-damage,destroyed,0.680948,0.017675772,0.04426899,0.2571073,0.680948
hurricane-matthew_00000065__b0031,hurricane-matthew,2,0,major-damage,no-damage,0.39727613,0.39727613,0.29260036,0.1611298,0.14899364
hurricane-matthew_00000104__b0006,hurricane-matthew,2,1,major-damage,minor-damage,0.36932048,0.18315065,0.36932048,0.36206618,0.08546267
hurricane-matthew_00000376__b0016,hurricane-matthew,3,3,destroyed,destroyed,0.89169997,0.010684269,0.023628661,0.07398703,0.89169997
hurricane-matthew_00000075__b0051,hurricane-matthew,0,2,no-damage,major-damage,0.28737667,0.25341997,0.24762103,0.28737667,0.21158235
hurricane-matthew_00000044__b0160,hurricane-matthew,0,3,no-damage,destroyed,0.7415462,0.045891836,0.10591734,0.1066446,0.7415462
hurricane-matthew_00000206__b0017,hurricane-matthew,3,3,destroyed,destroyed,0.7677508,0.026097637,0.07056449,0.13558702,0.7677508
hurricane-matthew_00000190__b0001,hurricane-matthew,3,3,destroyed,destroyed,0.93575454,0.035511255,0.009254112,0.019480053,0.93575454
hurricane-matthew_00000302__b0030,hurricane-matthew,2,3,major-damage,destroyed,0.6597035,0.04967674,0.10018126,0.19043857,0.6597035
hurricane-matthew_00000104__b0222,hurricane-matthew,1,2,minor-damage,major-damage,0.46602648,0.11832363,0.26316962,0.46602648,0.15248026
hurricane-matthew_00000104__b0048,hurricane-matthew,1,0,minor-damage,no-damage,0.43715325,0.43715325,0.07921051,0.18070243,0.30293375
hurricane-matthew_00000400__b0033,hurricane-matthew,3,3,destroyed,destroyed,0.7563724,0.025251046,0.094198085,0.12417847,0.7563724
hurricane-matthew_00000089__b0222,hurricane-matthew,0,3,no-damage,destroyed,0.6544147,0.07995037,0.16362506,0.10200985,0.6544147
hurricane-matthew_00000044__b0222,hurricane-matthew,0,0,no-damage,no-damage,0.67421925,0.67421925,0.08420235,0.04323783,0.1983406
hurricane-matthew_00000104__b0267,hurricane-matthew,1,1,minor-damage,minor-damage,0.6397956,0.1279083,0.6397956,0.18893516,0.04336094
hurricane-matthew_00000044__b0259,hurricane-matthew,0,3,no-damage,destroyed,0.72238135,0.03985526,0.10244413,0.13531923,0.72238135
hurricane-matthew_00000104__b0209,hurricane-matthew,1,2,minor-damage,major-damage,0.53776133,0.022033792,0.3578499,0.53776133,0.08235498
hurricane-matthew_00000035__b0009,hurricane-matthew,0,0,no-damage,no-damage,0.5018597,0.5018597,0.23931427,0.15619384,0.1026322
hurricane-matthew_00000376__b0027,hurricane-matthew,3,3,destroyed,destroyed,0.9914426,0.00032727295,0.0019658776,0.006264314,0.9914426
hurricane-matthew_00000145__b0017,hurricane-matthew,2,3,major-damage,destroyed,0.8936015,0.02149525,0.031282052,0.05362114,0.8936015
hurricane-matthew_00000260__b0012,hurricane-matthew,2,3,major-damage,destroyed,0.6264027,0.100178346,0.14004327,0.1333757,0.6264027
hurricane-matthew_00000385__b0117,hurricane-matthew,3,3,destroyed,destroyed,0.9942173,0.0003290717,0.0015296851,0.0039239135,0.9942173
hurricane-matthew_00000285__b0004,hurricane-matthew,2,3,major-damage,destroyed,0.8355399,0.02500915,0.05822551,0.08122549,0.8355399
hurricane-matthew_00000376__b0007,hurricane-matthew,3,3,destroyed,destroyed,0.9440494,0.0074745864,0.015642747,0.032833192,0.9440494
hurricane-matthew_00000104__b0173,hurricane-matthew,1,2,minor-damage,major-damage,0.6100638,0.12021914,0.21442093,0.6100638,0.055296067
hurricane-matthew_00000369__b0015,hurricane-matthew,2,3,major-damage,destroyed,0.59716886,0.01885617,0.09742842,0.28654653,0.59716886
hurricane-matthew_00000260__b0006,hurricane-matthew,3,3,destroyed,destroyed,0.62960654,0.15117149,0.1077947,0.11142726,0.62960654
hurricane-matthew_00000104__b0000,hurricane-matthew,1,3,minor-damage,destroyed,0.64808965,0.09764902,0.083667986,0.17059337,0.64808965
hurricane-matthew_00000044__b0049,hurricane-matthew,0,1,no-damage,minor-damage,0.3718743,0.045510832,0.3718743,0.29959774,0.28301716
hurricane-matthew_00000044__b0220,hurricane-matthew,0,3,no-damage,destroyed,0.5075435,0.22637215,0.16309078,0.10299358,0.5075435
hurricane-matthew_00000400__b0014,hurricane-matthew,2,3,major-damage,destroyed,0.8852561,0.023469925,0.03515435,0.056119572,0.8852561
hurricane-matthew_00000385__b0051,hurricane-matthew,3,3,destroyed,destroyed,0.58637017,0.020753553,0.13454369,0.2583326,0.58637017
hurricane-matthew_00000104__b0193,hurricane-matthew,1,0,minor-damage,no-damage,0.62676746,0.62676746,0.1551396,0.106893286,0.11119961
hurricane-matthew_00000400__b0038,hurricane-matthew,3,3,destroyed,destroyed,0.97968835,0.0009848587,0.0065947394,0.012731972,0.97968835
hurricane-matthew_00000385__b0052,hurricane-matthew,3,3,destroyed,destroyed,0.88704425,0.0108691845,0.03748277,0.0646038,0.88704425
hurricane-matthew_00000035__b0019,hurricane-matthew,0,0,no-damage,no-damage,0.4452053,0.4452053,0.070203446,0.05106621,0.43352512
hurricane-matthew_00000104__b0131,hurricane-matthew,2,2,major-damage,major-damage,0.5022539,0.05110492,0.24205273,0.5022539,0.20458844
hurricane-matthew_00000104__b0178,hurricane-matthew,2,2,major-damage,major-damage,0.61357605,0.16412511,0.07873668,0.61357605,0.14356212
hurricane-matthew_00000044__b0129,hurricane-matthew,0,3,no-damage,destroyed,0.7123003,0.018418383,0.10195638,0.16732505,0.7123003
hurricane-matthew_00000385__b0036,hurricane-matthew,3,3,destroyed,destroyed,0.64899987,0.066616595,0.13798256,0.14640102,0.64899987
hurricane-matthew_00000104__b0067,hurricane-matthew,1,1,minor-damage,minor-damage,0.7902737,0.06727735,0.7902737,0.12103979,0.021409098
hurricane-matthew_00000044__b0204,hurricane-matthew,0,0,no-damage,no-damage,0.719223,0.719223,0.09270134,0.04014977,0.14792588
hurricane-matthew_00000329__b0002,hurricane-matthew,2,3,major-damage,destroyed,0.74341774,0.031530384,0.11153245,0.11351949,0.74341774
hurricane-matthew_00000385__b0024,hurricane-matthew,3,3,destroyed,destroyed,0.9632091,0.0009903086,0.009997852,0.025802754,0.9632091
hurricane-matthew_00000260__b0014,hurricane-matthew,3,0,destroyed,no-damage,0.7600629,0.7600629,0.11050578,0.056485165,0.07294624
hurricane-matthew_00000044__b0128,hurricane-matthew,2,3,major-damage,destroyed,0.9066976,0.008893758,0.04320614,0.04120256,0.9066976
hurricane-matthew_00000166__b0015,hurricane-matthew,3,3,destroyed,destroyed,0.65701836,0.109505266,0.11604622,0.11743021,0.65701836
hurricane-matthew_00000104__b0082,hurricane-matthew,1,2,minor-damage,major-damage,0.73901254,0.15889917,0.04672937,0.73901254,0.055358905
hurricane-matthew_00000302__b0043,hurricane-matthew,0,3,no-damage,destroyed,0.6433264,0.0067577097,0.050155755,0.29976013,0.6433264
hurricane-matthew_00000104__b0141,hurricane-matthew,1,0,minor-damage,no-damage,0.9023051,0.9023051,0.039468776,0.03695661,0.021269416
hurricane-matthew_00000044__b0200,hurricane-matthew,2,3,major-damage,destroyed,0.5759555,0.08149151,0.19265462,0.14989834,0.5759555
hurricane-matthew_00000044__b0185,hurricane-matthew,0,3,no-damage,destroyed,0.55063605,0.1043979,0.19342688,0.15153909,0.55063605
hurricane-matthew_00000400__b0010,hurricane-matthew,3,3,destroyed,destroyed,0.9693824,0.0012196326,0.008703778,0.020694153,0.9693824
hurricane-matthew_00000044__b0154,hurricane-matthew,0,1,no-damage,minor-damage,0.46493185,0.18327674,0.46493185,0.15095493,0.20083648
hurricane-matthew_00000044__b0173,hurricane-matthew,0,1,no-damage,minor-damage,0.35346782,0.31116685,0.35346782,0.15090303,0.18446228
hurricane-matthew_00000104__b0155,hurricane-matthew,1,2,minor-damage,major-damage,0.6588658,0.099091575,0.22121428,0.6588658,0.02082842
hurricane-matthew_00000044__b0244,hurricane-matthew,0,3,no-damage,destroyed,0.5617438,0.2294775,0.11883005,0.08994867,0.5617438
hurricane-matthew_00000104__b0288,hurricane-matthew,1,0,minor-damage,no-damage,0.9120612,0.9120612,0.053445853,0.023915615,0.010577289
hurricane-matthew_00000385__b0009,hurricane-matthew,3,3,destroyed,destroyed,0.8026237,0.012866938,0.05300005,0.13150932,0.8026237
hurricane-matthew_00000302__b0088,hurricane-matthew,0,3,no-damage,destroyed,0.92912614,0.004211263,0.018837305,0.04782533,0.92912614
hurricane-matthew_00000104__b0264,hurricane-matthew,1,0,minor-damage,no-damage,0.89536995,0.89536995,0.03272932,0.027908962,0.04399176
hurricane-matthew_00000385__b0057,hurricane-matthew,3,3,destroyed,destroyed,0.8447141,0.012218928,0.055007722,0.088059194,0.8447141
hurricane-matthew_00000044__b0055,hurricane-matthew,0,2,no-damage,major-damage,0.50296324,0.042088956,0.35421467,0.50296324,0.10073315
hurricane-matthew_00000104__b0246,hurricane-matthew,1,2,minor-damage,major-damage,0.9316927,0.014383397,0.028195998,0.9316927,0.025727859
hurricane-matthew_00000104__b0268,hurricane-matthew,2,2,major-damage,major-damage,0.62836045,0.073617384,0.15937304,0.62836045,0.13864915
hurricane-matthew_00000205__b0000,hurricane-matthew,2,3,major-damage,destroyed,0.98575854,0.00039666134,0.0044735917,0.009371208,0.98575854
hurricane-matthew_00000385__b0070,hurricane-matthew,3,3,destroyed,destroyed,0.9672715,0.00079788023,0.012216192,0.019714484,0.9672715
hurricane-matthew_00000044__b0261,hurricane-matthew,0,2,no-damage,major-damage,0.335454,0.14039424,0.27774253,0.335454,0.24640925
hurricane-matthew_00000044__b0201,hurricane-matthew,0,1,no-damage,minor-damage,0.4914224,0.09614095,0.4914224,0.32767457,0.08476205
hurricane-matthew_00000104__b0039,hurricane-matthew,1,0,minor-damage,no-damage,0.7132868,0.7132868,0.12643394,0.12953353,0.030745756
hurricane-matthew_00000104__b0258,hurricane-matthew,1,1,minor-damage,minor-damage,0.5372393,0.25725096,0.5372393,0.14411496,0.06139474
hurricane-matthew_00000385__b0092,hurricane-matthew,3,3,destroyed,destroyed,0.99873906,7.448887e-05,0.0003224258,0.00086401385,0.99873906
hurricane-matthew_00000065__b0123,hurricane-matthew,2,3,major-damage,destroyed,0.51410156,0.026727227,0.2359032,0.22326803,0.51410156
hurricane-matthew_00000400__b0018,hurricane-matthew,3,3,destroyed,destroyed,0.95077056,0.0025785486,0.015240703,0.03141017,0.95077056
hurricane-matthew_00000044__b0116,hurricane-matthew,0,0,no-damage,no-damage,0.44412076,0.44412076,0.27724785,0.09699941,0.18163197
hurricane-matthew_00000104__b0007,hurricane-matthew,1,0,minor-damage,no-damage,0.49790737,0.49790737,0.08009079,0.26064017,0.1613617
hurricane-matthew_00000205__b0012,hurricane-matthew,2,3,major-damage,destroyed,0.9108968,0.005009075,0.018529858,0.065564275,0.9108968
hurricane-matthew_00000385__b0084,hurricane-matthew,3,3,destroyed,destroyed,0.9415347,0.00201741,0.016746728,0.03970121,0.9415347
hurricane-matthew_00000044__b0210,hurricane-matthew,0,1,no-damage,minor-damage,0.29975912,0.23197466,0.29975912,0.28998587,0.17828032
hurricane-matthew_00000065__b0038,hurricane-matthew,2,3,major-damage,destroyed,0.63377076,0.029901473,0.16678466,0.16954315,0.63377076
hurricane-matthew_00000385__b0081,hurricane-matthew,3,3,destroyed,destroyed,0.8508245,0.004865647,0.029954037,0.114355855,0.8508245
hurricane-matthew_00000385__b0096,hurricane-matthew,3,3,destroyed,destroyed,0.9978011,5.8591893e-05,0.000581463,0.0015588376,0.9978011
hurricane-matthew_00000145__b0029,hurricane-matthew,2,0,major-damage,no-damage,0.4328245,0.4328245,0.14808969,0.11686505,0.30222076
hurricane-matthew_00000044__b0233,hurricane-matthew,3,3,destroyed,destroyed,0.505387,0.27045563,0.13385457,0.0903027,0.505387
hurricane-matthew_00000400__b0030,hurricane-matthew,3,3,destroyed,destroyed,0.8427051,0.023417907,0.06134335,0.07253372,0.8427051
hurricane-matthew_00000104__b0097,hurricane-matthew,1,0,minor-damage,no-damage,0.8364684,0.8364684,0.07598212,0.061002612,0.026546858
hurricane-matthew_00000104__b0176,hurricane-matthew,1,0,minor-damage,no-damage,0.4584079,0.4584079,0.080638796,0.119410865,0.34154236
hurricane-matthew_00000190__b0006,hurricane-matthew,3,3,destroyed,destroyed,0.98871624,0.00069294096,0.0030630052,0.0075276834,0.98871624
hurricane-matthew_00000400__b0032,hurricane-matthew,3,3,destroyed,destroyed,0.9266346,0.0065549593,0.023424547,0.043385904,0.9266346
hurricane-matthew_00000400__b0053,hurricane-matthew,3,3,destroyed,destroyed,0.98898953,0.00047998695,0.003324427,0.0072060144,0.98898953
hurricane-matthew_00000385__b0031,hurricane-matthew,3,3,destroyed,destroyed,0.6463585,0.05459606,0.14661314,0.15243235,0.6463585
hurricane-matthew_00000044__b0108,hurricane-matthew,0,1,no-damage,minor-damage,0.37297982,0.15080556,0.37297982,0.27528408,0.20093052
hurricane-matthew_00000376__b0021,hurricane-matthew,3,3,destroyed,destroyed,0.9837705,0.0003043955,0.003576581,0.012348551,0.9837705
hurricane-matthew_00000260__b0056,hurricane-matthew,0,0,no-damage,no-damage,0.3846355,0.3846355,0.22420801,0.1780296,0.21312694
hurricane-matthew_00000385__b0016,hurricane-matthew,3,3,destroyed,destroyed,0.97129256,0.0011397225,0.0074566877,0.020111037,0.97129256
hurricane-matthew_00000044__b0074,hurricane-matthew,0,3,no-damage,destroyed,0.45159546,0.059489172,0.2557878,0.23312752,0.45159546
hurricane-matthew_00000044__b0171,hurricane-matthew,0,3,no-damage,destroyed,0.68429875,0.12302469,0.07080395,0.121872626,0.68429875
hurricane-matthew_00000044__b0246,hurricane-matthew,0,3,no-damage,destroyed,0.97889435,0.0018400932,0.0089115705,0.01035401,0.97889435
hurricane-matthew_00000400__b0042,hurricane-matthew,3,3,destroyed,destroyed,0.9969087,5.6677738e-05,0.0005600022,0.0024746,0.9969087
hurricane-matthew_00000104__b0204,hurricane-matthew,1,2,minor-damage,major-damage,0.63067544,0.12674685,0.18553934,0.63067544,0.057038363
hurricane-matthew_00000104__b0162,hurricane-matthew,1,2,minor-damage,major-damage,0.36065528,0.32627538,0.2624164,0.36065528,0.050652985
hurricane-matthew_00000089__b0201,hurricane-matthew,0,0,no-damage,no-damage,0.37607422,0.37607422,0.34558913,0.13338335,0.14495325
hurricane-matthew_00000400__b0007,hurricane-matthew,3,3,destroyed,destroyed,0.6270321,0.08307114,0.14389718,0.14599955,0.6270321
hurricane-matthew_00000302__b0060,hurricane-matthew,0,3,no-damage,destroyed,0.69210595,0.04056883,0.10645977,0.16086549,0.69210595
hurricane-matthew_00000035__b0045,hurricane-matthew,0,1,no-damage,minor-damage,0.33742112,0.22054364,0.33742112,0.3056457,0.13638958
hurricane-matthew_00000145__b0006,hurricane-matthew,2,3,major-damage,destroyed,0.83519536,0.04504591,0.03843718,0.08132151,0.83519536
hurricane-matthew_00000044__b0262,hurricane-matthew,0,1,no-damage,minor-damage,0.43787518,0.10480807,0.43787518,0.15926662,0.29805014
hurricane-matthew_00000400__b0006,hurricane-matthew,3,3,destroyed,destroyed,0.70387506,0.073672466,0.101591125,0.12086132,0.70387506
hurricane-matthew_00000044__b0253,hurricane-matthew,0,3,no-damage,destroyed,0.8772096,0.018200634,0.044386487,0.060203243,0.8772096
hurricane-matthew_00000400__b0062,hurricane-matthew,3,3,destroyed,destroyed,0.9981446,6.277814e-05,0.0003462595,0.0014463303,0.9981446
hurricane-matthew_00000044__b0066,hurricane-matthew,0,0,no-damage,no-damage,0.5283297,0.5283297,0.23772699,0.0837164,0.15022697
hurricane-matthew_00000205__b0003,hurricane-matthew,2,3,major-damage,destroyed,0.7152682,0.08448556,0.09758103,0.10266523,0.7152682
hurricane-matthew_00000065__b0001,hurricane-matthew,2,3,major-damage,destroyed,0.6003614,0.017886646,0.15373334,0.2280186,0.6003614
hurricane-matthew_00000400__b0001,hurricane-matthew,3,3,destroyed,destroyed,0.8448416,0.0107203815,0.04701701,0.09742093,0.8448416
hurricane-matthew_00000044__b0186,hurricane-matthew,0,2,no-damage,major-damage,0.35748753,0.07899987,0.34840134,0.35748753,0.21511123
hurricane-matthew_00000104__b0059,hurricane-matthew,1,0,minor-damage,no-damage,0.7196751,0.7196751,0.19471967,0.057106376,0.02849881
hurricane-matthew_00000104__b0187,hurricane-matthew,2,0,major-damage,no-damage,0.62507904,0.62507904,0.16564783,0.15061535,0.058657743
hurricane-matthew_00000044__b0175,hurricane-matthew,3,1,destroyed,minor-damage,0.4384252,0.1557527,0.4384252,0.25951508,0.14630704
hurricane-matthew_00000104__b0226,hurricane-matthew,1,1,minor-damage,minor-damage,0.6254426,0.22627456,0.6254426,0.11599024,0.03229249
hurricane-matthew_00000302__b0069,hurricane-matthew,0,2,no-damage,major-damage,0.8333302,0.017304774,0.03960459,0.8333302,0.10976038
hurricane-matthew_00000044__b0057,hurricane-matthew,0,0,no-damage,no-damage,0.33214638,0.33214638,0.25720114,0.11222606,0.29842642
hurricane-matthew_00000044__b0184,hurricane-matthew,2,3,major-damage,destroyed,0.59364533,0.02541058,0.14396709,0.23697701,0.59364533
hurricane-matthew_00000044__b0221,hurricane-matthew,0,0,no-damage,no-damage,0.318096,0.318096,0.30870354,0.11940152,0.25379893
hurricane-matthew_00000044__b0018,hurricane-matthew,0,3,no-damage,destroyed,0.77473104,0.022942392,0.07526329,0.12706323,0.77473104
hurricane-matthew_00000260__b0028,hurricane-matthew,2,0,major-damage,no-damage,0.53130305,0.53130305,0.0725437,0.26939744,0.12675582
hurricane-matthew_00000065__b0019,hurricane-matthew,2,0,major-damage,no-damage,0.41302437,0.41302437,0.32714424,0.16732597,0.09250548
hurricane-matthew_00000044__b0065,hurricane-matthew,2,3,major-damage,destroyed,0.68519735,0.038535587,0.13031067,0.14595631,0.68519735
hurricane-matthew_00000044__b0013,hurricane-matthew,0,3,no-damage,destroyed,0.74466056,0.0823116,0.08071128,0.09231657,0.74466056
hurricane-matthew_00000385__b0118,hurricane-matthew,3,3,destroyed,destroyed,0.9949131,0.00010175912,0.0010914978,0.0038935742,0.9949131
hurricane-matthew_00000104__b0022,hurricane-matthew,1,0,minor-damage,no-damage,0.38556883,0.38556883,0.29976213,0.24577153,0.068897516
hurricane-matthew_00000190__b0003,hurricane-matthew,3,3,destroyed,destroyed,0.9739603,0.00077970227,0.0068067377,0.018453175,0.9739603
hurricane-matthew_00000166__b0009,hurricane-matthew,3,3,destroyed,destroyed,0.7993409,0.044517353,0.06112818,0.09501361,0.7993409
hurricane-matthew_00000104__b0087,hurricane-matthew,1,0,minor-damage,no-damage,0.7143235,0.7143235,0.12753771,0.05882245,0.09931642
hurricane-matthew_00000104__b0282,hurricane-matthew,1,0,minor-damage,no-damage,0.79105765,0.79105765,0.11534894,0.059136022,0.03445739
hurricane-matthew_00000376__b0012,hurricane-matthew,3,3,destroyed,destroyed,0.94864255,0.002892152,0.012440996,0.036024306,0.94864255
hurricane-matthew_00000104__b0212,hurricane-matthew,1,1,minor-damage,minor-damage,0.43439785,0.33105358,0.43439785,0.12835923,0.106189415
hurricane-matthew_00000104__b0234,hurricane-matthew,1,2,minor-damage,major-damage,0.43676308,0.06917991,0.13187797,0.43676308,0.36217904
hurricane-matthew_00000400__b0058,hurricane-matthew,3,3,destroyed,destroyed,0.7642078,0.024471618,0.094673246,0.11664732,0.7642078
hurricane-matthew_00000044__b0176,hurricane-matthew,0,0,no-damage,no-damage,0.56870013,0.56870013,0.108345315,0.06509531,0.25785926
hurricane-matthew_00000044__b0223,hurricane-matthew,0,0,no-damage,no-damage,0.39880258,0.39880258,0.20669965,0.14565742,0.24884042
hurricane-matthew_00000044__b0225,hurricane-matthew,0,3,no-damage,destroyed,0.646843,0.025571365,0.16341324,0.16417237,0.646843
hurricane-matthew_00000206__b0010,hurricane-matthew,3,3,destroyed,destroyed,0.7907339,0.05645742,0.059537083,0.09327164,0.7907339
hurricane-matthew_00000044__b0045,hurricane-matthew,0,0,no-damage,no-damage,0.37104863,0.37104863,0.21790975,0.12091199,0.29012963
hurricane-matthew_00000035__b0025,hurricane-matthew,0,1,no-damage,minor-damage,0.31978843,0.17954166,0.31978843,0.2011191,0.29955077
hurricane-matthew_00000044__b0140,hurricane-matthew,0,1,no-damage,minor-damage,0.38379952,0.11378584,0.38379952,0.2549997,0.24741499
hurricane-matthew_00000166__b0000,hurricane-matthew,3,3,destroyed,destroyed,0.7660404,0.045582864,0.08475594,0.10362082,0.7660404
hurricane-matthew_00000385__b0055,hurricane-matthew,3,3,destroyed,destroyed,0.6393449,0.06596268,0.13886873,0.1558237,0.6393449
hurricane-matthew_00000044__b0107,hurricane-matthew,0,0,no-damage,no-damage,0.45231768,0.45231768,0.27705744,0.104414895,0.16620992
hurricane-matthew_00000104__b0118,hurricane-matthew,1,0,minor-damage,no-damage,0.48079357,0.48079357,0.32190752,0.117868155,0.0794307
hurricane-matthew_00000044__b0122,hurricane-matthew,0,1,no-damage,minor-damage,0.5042871,0.28512466,0.5042871,0.12809783,0.08249036
hurricane-matthew_00000110__b0000,hurricane-matthew,2,3,major-damage,destroyed,0.56939006,0.09872149,0.094089255,0.23779921,0.56939006
hurricane-matthew_00000385__b0073,hurricane-matthew,3,3,destroyed,destroyed,0.89793974,0.0014910693,0.024603896,0.07596533,0.89793974
hurricane-matthew_00000044__b0067,hurricane-matthew,0,1,no-damage,minor-damage,0.45926633,0.09271657,0.45926633,0.18692146,0.26109558
hurricane-matthew_00000104__b0231,hurricane-matthew,3,3,destroyed,destroyed,0.625539,0.03273919,0.09010489,0.25161693,0.625539
hurricane-matthew_00000104__b0147,hurricane-matthew,1,0,minor-damage,no-damage,0.5164496,0.5164496,0.3960504,0.06290797,0.024592109
hurricane-matthew_00000104__b0086,hurricane-matthew,2,1,major-damage,minor-damage,0.37036422,0.26874247,0.37036422,0.17031465,0.19057867
hurricane-matthew_00000065__b0071,hurricane-matthew,2,1,major-damage,minor-damage,0.40745094,0.08888664,0.40745094,0.38708264,0.116579786
hurricane-matthew_00000104__b0078,hurricane-matthew,2,2,major-damage,major-damage,0.6200375,0.046752203,0.08908181,0.6200375,0.24412848
hurricane-matthew_00000044__b0172,hurricane-matthew,0,3,no-damage,destroyed,0.9720408,0.0038563707,0.0097230915,0.0143798115,0.9720408
hurricane-matthew_00000044__b0218,hurricane-matthew,0,0,no-damage,no-damage,0.41825426,0.41825426,0.11033033,0.08319847,0.3882169
hurricane-matthew_00000044__b0052,hurricane-matthew,0,3,no-damage,destroyed,0.94534844,0.01210619,0.016167922,0.026377482,0.94534844
hurricane-matthew_00000044__b0156,hurricane-matthew,0,3,no-damage,destroyed,0.5616163,0.14694543,0.18636963,0.105068676,0.5616163
hurricane-matthew_00000104__b0104,hurricane-matthew,1,0,minor-damage,no-damage,0.4653176,0.4653176,0.3671986,0.10401595,0.0634679
hurricane-matthew_00000104__b0182,hurricane-matthew,1,2,minor-damage,major-damage,0.5077458,0.088425726,0.15255448,0.5077458,0.2512739
hurricane-matthew_00000385__b0010,hurricane-matthew,2,3,major-damage,destroyed,0.93873024,0.0016417446,0.017611377,0.04201663,0.93873024
hurricane-matthew_00000385__b0100,hurricane-matthew,3,3,destroyed,destroyed,0.9795344,0.00031536695,0.0038079715,0.016342293,0.9795344
hurricane-matthew_00000104__b0172,hurricane-matthew,2,2,major-damage,major-damage,0.6847171,0.055573884,0.14520445,0.6847171,0.11450453
hurricane-matthew_00000044__b0189,hurricane-matthew,0,1,no-damage,minor-damage,0.38372144,0.3366645,0.38372144,0.12675986,0.15285417
hurricane-matthew_00000044__b0242,hurricane-matthew,2,3,major-damage,destroyed,0.76140887,0.01945078,0.09541074,0.123729624,0.76140887
hurricane-matthew_00000385__b0110,hurricane-matthew,3,3,destroyed,destroyed,0.99573046,0.00034049884,0.0013609391,0.0025681031,0.99573046
hurricane-matthew_00000302__b0031,hurricane-matthew,2,3,major-damage,destroyed,0.99247384,0.00017596674,0.0013753553,0.005974809,0.99247384
hurricane-matthew_00000044__b0099,hurricane-matthew,0,0,no-damage,no-damage,0.5801532,0.5801532,0.24765909,0.056993965,0.115193725
hurricane-matthew_00000104__b0123,hurricane-matthew,1,1,minor-damage,minor-damage,0.485747,0.15299305,0.485747,0.15724029,0.20401968
hurricane-matthew_00000044__b0003,hurricane-matthew,0,3,no-damage,destroyed,0.6427771,0.13570368,0.12214415,0.09937506,0.6427771
hurricane-matthew_00000044__b0264,hurricane-matthew,0,3,no-damage,destroyed,0.88234717,0.030435173,0.030805828,0.056411814,0.88234717
hurricane-matthew_00000260__b0013,hurricane-matthew,3,2,destroyed,major-damage,0.29320073,0.25929877,0.19849364,0.29320073,0.24900684
hurricane-matthew_00000302__b0077,hurricane-matthew,0,2,no-damage,major-damage,0.44316766,0.25284576,0.11815071,0.44316766,0.18583588
hurricane-matthew_00000385__b0087,hurricane-matthew,2,3,major-damage,destroyed,0.77359813,0.006472601,0.07570724,0.14422204,0.77359813
hurricane-matthew_00000385__b0049,hurricane-matthew,2,3,major-damage,destroyed,0.95747894,0.004231488,0.014898212,0.023391372,0.95747894
hurricane-matthew_00000260__b0023,hurricane-matthew,0,2,no-damage,major-damage,0.75470036,0.014864025,0.13752605,0.75470036,0.09290948
hurricane-matthew_00000376__b0023,hurricane-matthew,3,3,destroyed,destroyed,0.9264209,0.031331,0.015325545,0.026922489,0.9264209
hurricane-matthew_00000035__b0027,hurricane-matthew,2,1,major-damage,minor-damage,0.48018664,0.19028795,0.48018664,0.22627774,0.10324772
hurricane-matthew_00000400__b0002,hurricane-matthew,3,3,destroyed,destroyed,0.82323366,0.01508863,0.0752544,0.08642328,0.82323366
hurricane-matthew_00000104__b0091,hurricane-matthew,1,1,minor-damage,minor-damage,0.44051906,0.24847896,0.44051906,0.21627223,0.09472971
hurricane-matthew_00000206__b0011,hurricane-matthew,3,3,destroyed,destroyed,0.9984492,1.0405418e-05,0.00021665472,0.001323695,0.9984492
hurricane-matthew_00000145__b0016,hurricane-matthew,2,0,major-damage,no-damage,0.41074044,0.41074044,0.126062,0.06518286,0.39801475
hurricane-matthew_00000104__b0237,hurricane-matthew,1,1,minor-damage,minor-damage,0.31471175,0.2530006,0.31471175,0.19144428,0.2408434
hurricane-matthew_00000104__b0163,hurricane-matthew,1,0,minor-damage,no-damage,0.67921054,0.67921054,0.19611914,0.069379486,0.055290878
hurricane-matthew_00000104__b0265,hurricane-matthew,1,2,minor-damage,major-damage,0.39760807,0.3857871,0.10431971,0.39760807,0.11228505
hurricane-matthew_00000065__b0096,hurricane-matthew,2,1,major-damage,minor-damage,0.3714125,0.2841254,0.3714125,0.17969099,0.16477115
hurricane-matthew_00000281__b0009,hurricane-matthew,3,3,destroyed,destroyed,0.82633054,0.07049923,0.03615602,0.06701418,0.82633054
hurricane-matthew_00000400__b0054,hurricane-matthew,3,3,destroyed,destroyed,0.9247222,0.0040055304,0.025083842,0.046188448,0.9247222
hurricane-matthew_00000104__b0041,hurricane-matthew,2,2,major-damage,major-damage,0.7120116,0.1407285,0.044079382,0.7120116,0.10318047
hurricane-matthew_00000400__b0020,hurricane-matthew,3,3,destroyed,destroyed,0.9900051,0.00026763955,0.002313425,0.007413879,0.9900051
hurricane-matthew_00000104__b0243,hurricane-matthew,1,0,minor-damage,no-damage,0.3890793,0.3890793,0.26399615,0.14155972,0.20536481
hurricane-matthew_00000104__b0261,hurricane-matthew,1,2,minor-damage,major-damage,0.6387244,0.2359273,0.0551716,0.6387244,0.070176765
hurricane-matthew_00000302__b0123,hurricane-matthew,0,2,no-damage,major-damage,0.6843521,0.1507489,0.053949412,0.6843521,0.1109496
hurricane-matthew_00000035__b0058,hurricane-matthew,0,3,no-damage,destroyed,0.37994403,0.20605098,0.26951307,0.14449188,0.37994403
hurricane-matthew_00000376__b0025,hurricane-matthew,3,3,destroyed,destroyed,0.93156904,0.003588805,0.013650268,0.05119183,0.93156904
hurricane-matthew_00000385__b0111,hurricane-matthew,3,3,destroyed,destroyed,0.99795294,9.790456e-05,0.0005025457,0.0014465651,0.99795294
hurricane-matthew_00000089__b0343,hurricane-matthew,0,1,no-damage,minor-damage,0.52035135,0.065424666,0.52035135,0.35083985,0.06338412
hurricane-matthew_00000376__b0022,hurricane-matthew,3,3,destroyed,destroyed,0.9610013,0.003598658,0.009167136,0.026232975,0.9610013
hurricane-matthew_00000104__b0115,hurricane-matthew,1,2,minor-damage,major-damage,0.5076657,0.19634065,0.22208147,0.5076657,0.073912136
hurricane-matthew_00000385__b0058,hurricane-matthew,3,3,destroyed,destroyed,0.99596316,8.65855e-05,0.00089096,0.00305934,0.99596316
hurricane-matthew_00000104__b0057,hurricane-matthew,1,0,minor-damage,no-damage,0.8980908,0.8980908,0.05735545,0.031352345,0.013201406
hurricane-matthew_00000110__b0013,hurricane-matthew,2,3,major-damage,destroyed,0.83781004,0.017183203,0.055149425,0.0898573,0.83781004
hurricane-matthew_00000044__b0084,hurricane-matthew,0,0,no-damage,no-damage,0.40522757,0.40522757,0.35947195,0.13351928,0.10178116
hurricane-matthew_00000104__b0159,hurricane-matthew,1,0,minor-damage,no-damage,0.8377606,0.8377606,0.060308296,0.058468502,0.043462522
hurricane-matthew_00000376__b0004,hurricane-matthew,3,3,destroyed,destroyed,0.9790425,0.0009620615,0.004808895,0.015186701,0.9790425
hurricane-matthew_00000104__b0072,hurricane-matthew,1,0,minor-damage,no-damage,0.7295471,0.7295471,0.046883967,0.11147094,0.11209804
hurricane-matthew_00000302__b0034,hurricane-matthew,2,3,major-damage,destroyed,0.6553309,0.006004181,0.034619723,0.30404523,0.6553309
hurricane-matthew_00000260__b0053,hurricane-matthew,2,2,major-damage,major-damage,0.49131843,0.2026811,0.14865035,0.49131843,0.15735012
hurricane-matthew_00000281__b0012,hurricane-matthew,3,3,destroyed,destroyed,0.7520184,0.04279333,0.07447359,0.13071471,0.7520184
hurricane-matthew_00000302__b0064,hurricane-matthew,0,2,no-damage,major-damage,0.41399318,0.122257195,0.12328435,0.41399318,0.34046522
hurricane-matthew_00000065__b0081,hurricane-matthew,2,3,major-damage,destroyed,0.38152748,0.13124819,0.24815513,0.23906918,0.38152748
hurricane-matthew_00000206__b0003,hurricane-matthew,3,3,destroyed,destroyed,0.98858297,0.00015275183,0.0020083706,0.009255944,0.98858297
hurricane-matthew_00000104__b0049,hurricane-matthew,2,2,major-damage,major-damage,0.47465348,0.26464304,0.21247691,0.47465348,0.048226565
hurricane-matthew_00000281__b0005,hurricane-matthew,2,3,major-damage,destroyed,0.92740804,0.0025074978,0.016824802,0.053259663,0.92740804
hurricane-matthew_00000044__b0091,hurricane-matthew,0,3,no-damage,destroyed,0.7870129,0.0981368,0.052096378,0.06275387,0.7870129
hurricane-matthew_00000385__b0083,hurricane-matthew,3,3,destroyed,destroyed,0.9404967,0.0036211377,0.025861371,0.030020852,0.9404967
hurricane-matthew_00000035__b0018,hurricane-matthew,0,3,no-damage,destroyed,0.49065307,0.10260319,0.17354262,0.23320113,0.49065307
hurricane-matthew_00000104__b0035,hurricane-matthew,2,2,major-damage,major-damage,0.92883396,0.029052975,0.032109853,0.92883396,0.01000323
hurricane-matthew_00000385__b0000,hurricane-matthew,3,3,destroyed,destroyed,0.92297167,0.0038817625,0.01825608,0.0548905,0.92297167
hurricane-matthew_00000385__b0014,hurricane-matthew,3,3,destroyed,destroyed,0.9673707,0.0025832036,0.01041927,0.019626837,0.9673707
hurricane-matthew_00000260__b0015,hurricane-matthew,3,3,destroyed,destroyed,0.46246937,0.33322254,0.07302201,0.13128601,0.46246937
hurricane-matthew_00000044__b0106,hurricane-matthew,0,3,no-damage,destroyed,0.6845988,0.03971568,0.14474757,0.13093802,0.6845988
hurricane-matthew_00000302__b0023,hurricane-matthew,0,3,no-damage,destroyed,0.50046283,0.027790315,0.042077687,0.42966908,0.50046283
hurricane-matthew_00000260__b0019,hurricane-matthew,3,3,destroyed,destroyed,0.5572728,0.12087221,0.13240287,0.18945211,0.5572728
hurricane-matthew_00000302__b0127,hurricane-matthew,0,2,no-damage,major-damage,0.39923483,0.29724982,0.121642575,0.39923483,0.18187281
hurricane-matthew_00000104__b0140,hurricane-matthew,1,3,minor-damage,destroyed,0.8414416,0.0047945674,0.051008064,0.10275582,0.8414416
hurricane-matthew_00000104__b0050,hurricane-matthew,1,2,minor-damage,major-damage,0.7471205,0.1266488,0.05159024,0.7471205,0.074640475
hurricane-matthew_00000385__b0104,hurricane-matthew,3,3,destroyed,destroyed,0.4986633,0.09926382,0.18366747,0.21840537,0.4986633
hurricane-matthew_00000104__b0020,hurricane-matthew,1,2,minor-damage,major-damage,0.45517096,0.14027075,0.26669043,0.45517096,0.13786782
hurricane-matthew_00000385__b0068,hurricane-matthew,3,3,destroyed,destroyed,0.84184474,0.041439537,0.04941621,0.0672995,0.84184474
hurricane-matthew_00000385__b0047,hurricane-matthew,3,3,destroyed,destroyed,0.9279519,0.0027188126,0.02229759,0.047031704,0.9279519
hurricane-matthew_00000104__b0042,hurricane-matthew,1,1,minor-damage,minor-damage,0.5290816,0.04793937,0.5290816,0.28805697,0.13492209
hurricane-matthew_00000104__b0303,hurricane-matthew,1,2,minor-damage,major-damage,0.52832776,0.068446405,0.27706116,0.52832776,0.12616464
hurricane-matthew_00000302__b0001,hurricane-matthew,2,3,major-damage,destroyed,0.6728869,0.02764704,0.042917028,0.25654897,0.6728869
hurricane-matthew_00000104__b0011,hurricane-matthew,2,0,major-damage,no-damage,0.62971264,0.62971264,0.042980652,0.26084185,0.06646483
hurricane-matthew_00000065__b0145,hurricane-matthew,3,2,destroyed,major-damage,0.37064973,0.060239006,0.27403232,0.37064973,0.29507893
hurricane-matthew_00000385__b0032,hurricane-matthew,3,3,destroyed,destroyed,0.93428046,0.0013142078,0.013123067,0.05128225,0.93428046
hurricane-matthew_00000044__b0005,hurricane-matthew,0,3,no-damage,destroyed,0.9122087,0.022198752,0.0337851,0.031807538,0.9122087
hurricane-matthew_00000104__b0304,hurricane-matthew,1,0,minor-damage,no-damage,0.48419607,0.48419607,0.2775178,0.13177416,0.106511936
hurricane-matthew_00000089__b0228,hurricane-matthew,0,0,no-damage,no-damage,0.3977585,0.3977585,0.35075042,0.15662007,0.09487104
hurricane-matthew_00000104__b0018,hurricane-matthew,1,2,minor-damage,major-damage,0.59601724,0.19816464,0.15711723,0.59601724,0.04870085
hurricane-matthew_00000281__b0011,hurricane-matthew,3,3,destroyed,destroyed,0.940762,0.0077482667,0.021024745,0.030465031,0.940762
hurricane-matthew_00000145__b0009,hurricane-matthew,2,0,major-damage,no-damage,0.8465411,0.8465411,0.054438096,0.029092416,0.06992829
hurricane-matthew_00000065__b0144,hurricane-matthew,3,3,destroyed,destroyed,0.37989214,0.0748139,0.25017032,0.29512364,0.37989214
hurricane-matthew_00000260__b0071,hurricane-matthew,2,3,major-damage,destroyed,0.3483071,0.09490601,0.3001904,0.25659648,0.3483071
hurricane-matthew_00000385__b0065,hurricane-matthew,3,3,destroyed,destroyed,0.9979796,0.00011111987,0.0005578154,0.0013514552,0.9979796
hurricane-matthew_00000302__b0040,hurricane-matthew,2,2,major-damage,major-damage,0.58271945,0.09458354,0.08313093,0.58271945,0.23956607
hurricane-matthew_00000400__b0048,hurricane-matthew,2,3,major-damage,destroyed,0.6089763,0.02311848,0.11013251,0.2577727,0.6089763
hurricane-matthew_00000065__b0135,hurricane-matthew,2,1,major-damage,minor-damage,0.44093552,0.042400826,0.44093552,0.42422354,0.09244018
hurricane-matthew_00000385__b0013,hurricane-matthew,3,3,destroyed,destroyed,0.9984773,3.530848e-05,0.0003543562,0.0011330572,0.9984773
hurricane-matthew_00000065__b0047,hurricane-matthew,2,1,major-damage,minor-damage,0.33045667,0.17929699,0.33045667,0.22234355,0.26790276
hurricane-matthew_00000104__b0085,hurricane-matthew,1,0,minor-damage,no-damage,0.6611327,0.6611327,0.12311534,0.16289742,0.052854594
hurricane-matthew_00000104__b0128,hurricane-matthew,1,0,minor-damage,no-damage,0.740595,0.740595,0.18141302,0.040582106,0.0374099
hurricane-matthew_00000104__b0307,hurricane-matthew,2,2,major-damage,major-damage,0.5188804,0.088115394,0.30595317,0.5188804,0.08705099
hurricane-matthew_00000385__b0089,hurricane-matthew,3,3,destroyed,destroyed,0.918553,0.013771228,0.02530821,0.042367574,0.918553
hurricane-matthew_00000206__b0016,hurricane-matthew,3,3,destroyed,destroyed,0.92855144,0.004449167,0.01724578,0.04975354,0.92855144
hurricane-matthew_00000376__b0003,hurricane-matthew,2,3,major-damage,destroyed,0.6461072,0.03227384,0.03289752,0.28872138,0.6461072
hurricane-matthew_00000104__b0216,hurricane-matthew,1,0,minor-damage,no-damage,0.44112766,0.44112766,0.066681765,0.4347835,0.05740707
hurricane-matthew_00000044__b0232,hurricane-matthew,2,3,major-damage,destroyed,0.9285062,0.0053422083,0.030369945,0.03578158,0.9285062
hurricane-matthew_00000104__b0275,hurricane-matthew,1,2,minor-damage,major-damage,0.41547927,0.27632475,0.10154334,0.41547927,0.20665261
hurricane-matthew_00000044__b0035,hurricane-matthew,0,1,no-damage,minor-damage,0.36854547,0.2032849,0.36854547,0.23835118,0.18981849
hurricane-matthew_00000145__b0030,hurricane-matthew,2,0,major-damage,no-damage,0.48262104,0.48262104,0.060423788,0.09115468,0.36580044
hurricane-matthew_00000104__b0281,hurricane-matthew,2,3,major-damage,destroyed,0.6327479,0.01575057,0.05846029,0.29304123,0.6327479
hurricane-matthew_00000385__b0038,hurricane-matthew,3,3,destroyed,destroyed,0.9611319,0.0015563463,0.013414618,0.023897158,0.9611319
hurricane-matthew_00000035__b0022,hurricane-matthew,0,1,no-damage,minor-damage,0.43457273,0.10635009,0.43457273,0.33891705,0.12016011
hurricane-matthew_00000385__b0007,hurricane-matthew,3,3,destroyed,destroyed,0.6312392,0.06256609,0.13817869,0.16801605,0.6312392
hurricane-matthew_00000044__b0117,hurricane-matthew,0,1,no-damage,minor-damage,0.44421935,0.060007114,0.44421935,0.3389228,0.1568508
hurricane-matthew_00000400__b0035,hurricane-matthew,2,3,major-damage,destroyed,0.98989177,0.00018557318,0.0024003093,0.0075223683,0.98989177
hurricane-matthew_00000385__b0015,hurricane-matthew,3,3,destroyed,destroyed,0.71747667,0.05981777,0.10848108,0.11422446,0.71747667
hurricane-matthew_00000104__b0269,hurricane-matthew,2,2,major-damage,major-damage,0.8179412,0.09221528,0.062760845,0.8179412,0.027082667
hurricane-matthew_00000104__b0027,hurricane-matthew,1,0,minor-damage,no-damage,0.54871184,0.54871184,0.27628905,0.085492015,0.08950709
hurricane-matthew_00000302__b0018,hurricane-matthew,0,3,no-damage,destroyed,0.92942375,0.004820943,0.024475759,0.041279603,0.92942375
hurricane-matthew_00000104__b0129,hurricane-matthew,1,2,minor-damage,major-damage,0.67542046,0.24164964,0.03215333,0.67542046,0.050776523
hurricane-matthew_00000104__b0013,hurricane-matthew,1,2,minor-damage,major-damage,0.57937944,0.09263839,0.07803922,0.57937944,0.24994293
hurricane-matthew_00000385__b0022,hurricane-matthew,3,3,destroyed,destroyed,0.95722175,0.0009492473,0.014894571,0.026934521,0.95722175
hurricane-matthew_00000044__b0002,hurricane-matthew,2,3,major-damage,destroyed,0.9807324,0.0011447953,0.00667399,0.0114489375,0.9807324
hurricane-matthew_00000302__b0046,hurricane-matthew,0,2,no-damage,major-damage,0.741997,0.030157786,0.05002547,0.741997,0.17781977
hurricane-matthew_00000354__b0009,hurricane-matthew,2,3,major-damage,destroyed,0.5598839,0.13509393,0.16205266,0.14296952,0.5598839
hurricane-matthew_00000116__b0001,hurricane-matthew,2,2,major-damage,major-damage,0.43088275,0.076369844,0.16973035,0.43088275,0.32301712
hurricane-matthew_00000104__b0158,hurricane-matthew,1,0,minor-damage,no-damage,0.8890541,0.8890541,0.06883463,0.031234281,0.010876953
hurricane-matthew_00000104__b0312,hurricane-matthew,2,3,major-damage,destroyed,0.3537157,0.16877696,0.12776594,0.3497414,0.3537157
hurricane-matthew_00000260__b0048,hurricane-matthew,2,0,major-damage,no-damage,0.48596847,0.48596847,0.104087956,0.13863268,0.27131087
hurricane-matthew_00000104__b0306,hurricane-matthew,2,2,major-damage,major-damage,0.5416999,0.06388943,0.3577396,0.5416999,0.03667113
hurricane-matthew_00000385__b0011,hurricane-matthew,3,3,destroyed,destroyed,0.9905161,0.00039623133,0.0031131196,0.005974445,0.9905161
hurricane-matthew_00000104__b0207,hurricane-matthew,1,1,minor-damage,minor-damage,0.73350346,0.08003809,0.73350346,0.13235992,0.054098587
hurricane-matthew_00000385__b0088,hurricane-matthew,3,3,destroyed,destroyed,0.9972295,6.728853e-05,0.00058375666,0.0021193651,0.9972295
hurricane-matthew_00000104__b0250,hurricane-matthew,1,0,minor-damage,no-damage,0.3704685,0.3704685,0.16271381,0.32507432,0.1417434
hurricane-matthew_00000400__b0012,hurricane-matthew,3,3,destroyed,destroyed,0.74542236,0.017770858,0.103936,0.13287075,0.74542236
hurricane-matthew_00000044__b0205,hurricane-matthew,0,3,no-damage,destroyed,0.44920617,0.3030788,0.15334234,0.09437267,0.44920617
hurricane-matthew_00000104__b0105,hurricane-matthew,1,0,minor-damage,no-damage,0.31648603,0.31648603,0.29109567,0.2028253,0.18959296
hurricane-matthew_00000044__b0039,hurricane-matthew,0,3,no-damage,destroyed,0.64672244,0.042995896,0.17021382,0.14006785,0.64672244
hurricane-matthew_00000104__b0089,hurricane-matthew,1,2,minor-damage,major-damage,0.44265985,0.0458508,0.36957678,0.44265985,0.14191261
hurricane-matthew_00000044__b0159,hurricane-matthew,2,1,major-damage,minor-damage,0.40495878,0.28231007,0.40495878,0.14719683,0.16553436
hurricane-matthew_00000104__b0001,hurricane-matthew,1,2,minor-damage,major-damage,0.59552395,0.22964878,0.12753762,0.59552395,0.047289655
hurricane-matthew_00000400__b0052,hurricane-matthew,3,3,destroyed,destroyed,0.4423733,0.116936855,0.27592793,0.164762,0.4423733
hurricane-matthew_00000302__b0032,hurricane-matthew,0,2,no-damage,major-damage,0.73030496,0.11814075,0.04829275,0.73030496,0.103261515
hurricane-matthew_00000385__b0106,hurricane-matthew,3,3,destroyed,destroyed,0.9311601,0.001997991,0.025632227,0.04120967,0.9311601
hurricane-matthew_00000104__b0213,hurricane-matthew,2,2,major-damage,major-damage,0.4242007,0.31960452,0.14070512,0.4242007,0.11548964
hurricane-matthew_00000075__b0183,hurricane-matthew,0,3,no-damage,destroyed,0.6201646,0.08079662,0.16897479,0.13006407,0.6201646
hurricane-matthew_00000302__b0042,hurricane-matthew,2,3,major-damage,destroyed,0.54245573,0.008970422,0.03549507,0.41307884,0.54245573
hurricane-matthew_00000104__b0165,hurricane-matthew,1,0,minor-damage,no-damage,0.62103087,0.62103087,0.0628082,0.20735846,0.108802445
hurricane-matthew_00000104__b0273,hurricane-matthew,2,2,major-damage,major-damage,0.4211914,0.18149102,0.26880813,0.4211914,0.12850949
hurricane-matthew_00000400__b0044,hurricane-matthew,3,3,destroyed,destroyed,0.34216768,0.16117248,0.29958212,0.19707768,0.34216768
hurricane-matthew_00000044__b0181,hurricane-matthew,2,3,major-damage,destroyed,0.72215146,0.019942842,0.11334005,0.1445657,0.72215146
hurricane-matthew_00000281__b0004,hurricane-matthew,3,3,destroyed,destroyed,0.54238486,0.21604228,0.11461867,0.12695421,0.54238486
hurricane-matthew_00000400__b0051,hurricane-matthew,3,3,destroyed,destroyed,0.8820401,0.010390325,0.041431952,0.06613765,0.8820401
hurricane-matthew_00000260__b0077,hurricane-matthew,0,3,no-damage,destroyed,0.8092713,0.06341685,0.02636674,0.10094515,0.8092713
hurricane-matthew_00000035__b0031,hurricane-matthew,0,0,no-damage,no-damage,0.42611438,0.42611438,0.25633082,0.1255021,0.19205265
hurricane-matthew_00000104__b0028,hurricane-matthew,2,2,major-damage,major-damage,0.73080194,0.025277765,0.036800858,0.73080194,0.20711944
hurricane-matthew_00000385__b0086,hurricane-matthew,3,3,destroyed,destroyed,0.3664772,0.2847628,0.18171372,0.1670463,0.3664772
hurricane-matthew_00000104__b0284,hurricane-matthew,1,0,minor-damage,no-damage,0.4958201,0.4958201,0.10328747,0.26500037,0.13589205
hurricane-matthew_00000385__b0008,hurricane-matthew,3,3,destroyed,destroyed,0.7663152,0.03850571,0.09497734,0.10020172,0.7663152
hurricane-matthew_00000104__b0021,hurricane-matthew,1,1,minor-damage,minor-damage,0.3926103,0.31475696,0.3926103,0.20553842,0.087094314
hurricane-matthew_00000104__b0277,hurricane-matthew,1,0,minor-damage,no-damage,0.8298362,0.8298362,0.10956638,0.03848652,0.022110922
hurricane-matthew_00000385__b0039,hurricane-matthew,3,3,destroyed,destroyed,0.9764948,0.004339153,0.006478499,0.01268748,0.9764948
hurricane-matthew_00000400__b0031,hurricane-matthew,3,3,destroyed,destroyed,0.71049887,0.032010756,0.10485994,0.15263042,0.71049887
hurricane-matthew_00000104__b0294,hurricane-matthew,1,2,minor-damage,major-damage,0.6520249,0.04499045,0.054589942,0.6520249,0.24839471
hurricane-matthew_00000400__b0049,hurricane-matthew,3,3,destroyed,destroyed,0.77234745,0.05938236,0.086126894,0.08214327,0.77234745
hurricane-matthew_00000385__b0060,hurricane-matthew,3,3,destroyed,destroyed,0.925598,0.014793377,0.02352698,0.036081564,0.925598
hurricane-matthew_00000329__b0029,hurricane-matthew,2,3,major-damage,destroyed,0.53032774,0.15960184,0.09651608,0.21355437,0.53032774
hurricane-matthew_00000302__b0102,hurricane-matthew,0,3,no-damage,destroyed,0.3631402,0.25471038,0.21891879,0.1632307,0.3631402
hurricane-matthew_00000302__b0118,hurricane-matthew,0,3,no-damage,destroyed,0.64254415,0.041427925,0.09614475,0.21988316,0.64254415
hurricane-matthew_00000400__b0016,hurricane-matthew,3,3,destroyed,destroyed,0.9631603,0.0027756002,0.014304465,0.019759618,0.9631603
hurricane-matthew_00000190__b0004,hurricane-matthew,3,3,destroyed,destroyed,0.93829405,0.001224515,0.013037028,0.04744438,0.93829405
hurricane-matthew_00000206__b0004,hurricane-matthew,2,3,major-damage,destroyed,0.94292927,0.0014355832,0.012849913,0.042785235,0.94292927
hurricane-matthew_00000385__b0040,hurricane-matthew,3,3,destroyed,destroyed,0.9739382,0.0011893114,0.007788169,0.017084258,0.9739382
hurricane-matthew_00000181__b0016,hurricane-matthew,0,3,no-damage,destroyed,0.56839085,0.026552333,0.14912501,0.25593185,0.56839085
hurricane-matthew_00000044__b0025,hurricane-matthew,0,0,no-damage,no-damage,0.8724514,0.8724514,0.034316435,0.03659769,0.05663445
hurricane-matthew_00000385__b0053,hurricane-matthew,3,3,destroyed,destroyed,0.98420113,0.002043224,0.0049429,0.0088127265,0.98420113
hurricane-matthew_00000104__b0036,hurricane-matthew,1,0,minor-damage,no-damage,0.88863933,0.88863933,0.05484702,0.035798635,0.02071504
hurricane-matthew_00000104__b0002,hurricane-matthew,1,0,minor-damage,no-damage,0.2786306,0.2786306,0.16571681,0.27731076,0.27834183
hurricane-matthew_00000190__b0000,hurricane-matthew,3,3,destroyed,destroyed,0.957358,0.0034742102,0.013780821,0.025387015,0.957358
hurricane-matthew_00000104__b0053,hurricane-matthew,1,0,minor-damage,no-damage,0.7133426,0.7133426,0.20199743,0.059712946,0.024947064
hurricane-matthew_00000035__b0065,hurricane-matthew,0,0,no-damage,no-damage,0.39532372,0.39532372,0.28857625,0.17347442,0.14262567
hurricane-matthew_00000104__b0010,hurricane-matthew,1,0,minor-damage,no-damage,0.5900598,0.5900598,0.2762926,0.10350533,0.03014227
hurricane-matthew_00000044__b0148,hurricane-matthew,0,0,no-damage,no-damage,0.59881294,0.59881294,0.06671296,0.04771221,0.28676194
hurricane-matthew_00000104__b0145,hurricane-matthew,1,2,minor-damage,major-damage,0.44129962,0.029216807,0.09202334,0.44129962,0.4374602
hurricane-matthew_00000385__b0082,hurricane-matthew,3,3,destroyed,destroyed,0.4162319,0.25709128,0.135302,0.19137487,0.4162319
hurricane-matthew_00000104__b0271,hurricane-matthew,2,0,major-damage,no-damage,0.33879957,0.33879957,0.25649148,0.29528064,0.10942838
hurricane-matthew_00000104__b0244,hurricane-matthew,1,2,minor-damage,major-damage,0.7971371,0.09028358,0.07981058,0.7971371,0.032768767
hurricane-matthew_00000385__b0119,hurricane-matthew,3,3,destroyed,destroyed,0.9927617,0.00041364259,0.0022989362,0.0045257965,0.9927617
hurricane-matthew_00000400__b0005,hurricane-matthew,2,3,major-damage,destroyed,0.955923,0.0010304772,0.009179184,0.033867303,0.955923
hurricane-matthew_00000206__b0006,hurricane-matthew,2,3,major-damage,destroyed,0.64222264,0.05585073,0.13197392,0.16995268,0.64222264
hurricane-matthew_00000104__b0310,hurricane-matthew,1,0,minor-damage,no-damage,0.39529094,0.39529094,0.22895174,0.20234957,0.17340775
hurricane-matthew_00000104__b0038,hurricane-matthew,1,0,minor-damage,no-damage,0.85103595,0.85103595,0.062577344,0.07240279,0.013983854
hurricane-matthew_00000281__b0003,hurricane-matthew,3,3,destroyed,destroyed,0.9175379,0.013660834,0.026844246,0.041957036,0.9175379
hurricane-matthew_00000385__b0077,hurricane-matthew,3,3,destroyed,destroyed,0.9794094,0.0002591102,0.0039569633,0.016374629,0.9794094
hurricane-matthew_00000152__b0248,hurricane-matthew,0,0,no-damage,no-damage,0.8843566,0.8843566,0.08565761,0.013574599,0.016411096
hurricane-matthew_00000104__b0046,hurricane-matthew,1,2,minor-damage,major-damage,0.6852859,0.24035347,0.027961103,0.6852859,0.046399515
hurricane-matthew_00000385__b0079,hurricane-matthew,3,3,destroyed,destroyed,0.99125904,0.0004031657,0.0022020529,0.006135755,0.99125904
hurricane-matthew_00000145__b0023,hurricane-matthew,2,0,major-damage,no-damage,0.372916,0.372916,0.10948544,0.35095906,0.16663949
hurricane-matthew_00000104__b0215,hurricane-matthew,1,3,minor-damage,destroyed,0.40087482,0.2335465,0.14252198,0.22305672,0.40087482
hurricane-matthew_00000260__b0039,hurricane-matthew,2,0,major-damage,no-damage,0.64012766,0.64012766,0.09534684,0.17631309,0.08821244
hurricane-matthew_00000166__b0003,hurricane-matthew,3,3,destroyed,destroyed,0.9901688,9.9456374e-05,0.0015355204,0.00819624,0.9901688
hurricane-matthew_00000104__b0171,hurricane-matthew,1,0,minor-damage,no-damage,0.7762216,0.7762216,0.14502226,0.053649414,0.025106752
hurricane-matthew_00000104__b0060,hurricane-matthew,1,1,minor-damage,minor-damage,0.6004205,0.2618666,0.6004205,0.09007862,0.047634263
hurricane-matthew_00000104__b0153,hurricane-matthew,2,3,major-damage,destroyed,0.469973,0.17584896,0.10781553,0.2463626,0.469973
hurricane-matthew_00000104__b0186,hurricane-matthew,1,2,minor-damage,major-damage,0.40722135,0.3664541,0.14266731,0.40722135,0.08365725
hurricane-matthew_00000104__b0148,hurricane-matthew,1,3,minor-damage,destroyed,0.51883274,0.040277563,0.17348209,0.2674076,0.51883274
hurricane-matthew_00000089__b0431,hurricane-matthew,0,3,no-damage,destroyed,0.3599295,0.13186568,0.21698262,0.29122213,0.3599295
hurricane-matthew_00000302__b0002,hurricane-matthew,2,2,major-damage,major-damage,0.77044475,0.010119272,0.16643268,0.77044475,0.053003274
hurricane-matthew_00000104__b0040,hurricane-matthew,1,3,minor-damage,destroyed,0.43742496,0.091581635,0.1797901,0.29120326,0.43742496
hurricane-matthew_00000044__b0050,hurricane-matthew,0,3,no-damage,destroyed,0.5731542,0.02559352,0.12960398,0.27164835,0.5731542
hurricane-matthew_00000104__b0074,hurricane-matthew,1,0,minor-damage,no-damage,0.2829458,0.2829458,0.25345436,0.22424047,0.23935932
hurricane-matthew_00000104__b0236,hurricane-matthew,1,2,minor-damage,major-damage,0.49752536,0.4519617,0.040244304,0.49752536,0.010268693
hurricane-matthew_00000065__b0101,hurricane-matthew,2,3,major-damage,destroyed,0.67392486,0.05960994,0.1512801,0.115185075,0.67392486
hurricane-matthew_00000302__b0025,hurricane-matthew,0,2,no-damage,major-damage,0.7248905,0.13181715,0.04651127,0.7248905,0.0967811
hurricane-matthew_00000044__b0090,hurricane-matthew,0,3,no-damage,destroyed,0.3423113,0.13793463,0.32700598,0.1927481,0.3423113
hurricane-matthew_00000104__b0164,hurricane-matthew,1,3,minor-damage,destroyed,0.53538346,0.104929335,0.0771758,0.28251138,0.53538346
hurricane-matthew_00000302__b0063,hurricane-matthew,0,3,no-damage,destroyed,0.55118644,0.008782728,0.04181082,0.39822,0.55118644
hurricane-matthew_00000376__b0019,hurricane-matthew,3,3,destroyed,destroyed,0.9852448,0.0002656092,0.0026788,0.011810806,0.9852448
hurricane-matthew_00000104__b0054,hurricane-matthew,1,0,minor-damage,no-damage,0.62787646,0.62787646,0.045236837,0.15463582,0.17225091
hurricane-matthew_00000065__b0148,hurricane-matthew,2,3,major-damage,destroyed,0.68542975,0.05228335,0.124250695,0.13803618,0.68542975
hurricane-matthew_00000044__b0022,hurricane-matthew,2,3,major-damage,destroyed,0.58043325,0.03508441,0.19686,0.18762232,0.58043325
hurricane-matthew_00000205__b0011,hurricane-matthew,2,3,major-damage,destroyed,0.86302286,0.0029739211,0.0252828,0.108720355,0.86302286
hurricane-matthew_00000104__b0285,hurricane-matthew,2,2,major-damage,major-damage,0.42866048,0.32408938,0.09466992,0.42866048,0.15258019
hurricane-matthew_00000166__b0016,hurricane-matthew,3,3,destroyed,destroyed,0.5218779,0.046503402,0.14908665,0.28253204,0.5218779
hurricane-matthew_00000044__b0193,hurricane-matthew,0,3,no-damage,destroyed,0.9351858,0.0066252993,0.022660999,0.035527937,0.9351858
hurricane-matthew_00000044__b0101,hurricane-matthew,3,3,destroyed,destroyed,0.6278791,0.168565,0.07850798,0.1250479,0.6278791
hurricane-matthew_00000302__b0133,hurricane-matthew,0,2,no-damage,major-damage,0.47862288,0.10553149,0.055990364,0.47862288,0.3598552
hurricane-matthew_00000104__b0201,hurricane-matthew,1,1,minor-damage,minor-damage,0.6527197,0.22609782,0.6527197,0.091798,0.029384587
hurricane-matthew_00000035__b0030,hurricane-matthew,0,2,no-damage,major-damage,0.3486712,0.11295032,0.31275836,0.3486712,0.22562014
hurricane-matthew_00000400__b0064,hurricane-matthew,2,3,major-damage,destroyed,0.9620217,0.0011564528,0.009384106,0.027437808,0.9620217
hurricane-matthew_00000104__b0126,hurricane-matthew,1,0,minor-damage,no-damage,0.8407718,0.8407718,0.080727465,0.051076274,0.027424455
hurricane-matthew_00000065__b0105,hurricane-matthew,2,3,major-damage,destroyed,0.3474958,0.27548164,0.25563562,0.12138691,0.3474958
hurricane-matthew_00000044__b0073,hurricane-matthew,2,3,major-damage,destroyed,0.4615201,0.04095,0.3142541,0.18327574,0.4615201
hurricane-matthew_00000385__b0101,hurricane-matthew,3,3,destroyed,destroyed,0.9838431,0.0011651168,0.0046483474,0.010343377,0.9838431
hurricane-matthew_00000385__b0004,hurricane-matthew,3,3,destroyed,destroyed,0.91923815,0.006035094,0.022437887,0.05228891,0.91923815
hurricane-matthew_00000104__b0094,hurricane-matthew,2,2,major-damage,major-damage,0.6025067,0.10117657,0.18794626,0.6025067,0.108370416
hurricane-matthew_00000385__b0028,hurricane-matthew,3,3,destroyed,destroyed,0.9406743,0.0024296276,0.020699458,0.03619654,0.9406743
hurricane-matthew_00000181__b0018,hurricane-matthew,2,3,major-damage,destroyed,0.9909628,0.00039971765,0.0027688465,0.005868589,0.9909628
hurricane-matthew_00000281__b0008,hurricane-matthew,3,3,destroyed,destroyed,0.8431117,0.09062837,0.024665324,0.041594554,0.8431117
hurricane-matthew_00000035__b0056,hurricane-matthew,2,2,major-damage,major-damage,0.33630773,0.2487004,0.26367214,0.33630773,0.15131971
hurricane-matthew_00000035__b0034,hurricane-matthew,0,2,no-damage,major-damage,0.5395289,0.04048887,0.31421718,0.5395289,0.105765015
hurricane-matthew_00000044__b0164,hurricane-matthew,0,3,no-damage,destroyed,0.81442684,0.07814441,0.050030883,0.05739781,0.81442684
hurricane-matthew_00000044__b0103,hurricane-matthew,0,1,no-damage,minor-damage,0.3995989,0.16304514,0.3995989,0.15853083,0.27882513
hurricane-matthew_00000044__b0007,hurricane-matthew,0,3,no-damage,destroyed,0.59998727,0.13513036,0.13946994,0.12541251,0.59998727
hurricane-matthew_00000044__b0077,hurricane-matthew,0,0,no-damage,no-damage,0.7208306,0.7208306,0.08405992,0.037658226,0.15745117
hurricane-matthew_00000044__b0075,hurricane-matthew,0,1,no-damage,minor-damage,0.4636348,0.04209394,0.4636348,0.34908953,0.14518172
hurricane-matthew_00000035__b0051,hurricane-matthew,2,1,major-damage,minor-damage,0.4151009,0.117657036,0.4151009,0.15192166,0.31532046
hurricane-matthew_00000385__b0107,hurricane-matthew,3,3,destroyed,destroyed,0.99837226,6.3561056e-05,0.00036564164,0.0011985573,0.99837226
hurricane-matthew_00000104__b0077,hurricane-matthew,1,0,minor-damage,no-damage,0.40863487,0.40863487,0.1649434,0.39012593,0.03629576
hurricane-matthew_00000260__b0079,hurricane-matthew,2,2,major-damage,major-damage,0.4496001,0.034630384,0.19931582,0.4496001,0.31645367
hurricane-matthew_00000385__b0033,hurricane-matthew,2,3,major-damage,destroyed,0.96224725,0.00080012827,0.0116545465,0.025298106,0.96224725
hurricane-matthew_00000044__b0126,hurricane-matthew,0,3,no-damage,destroyed,0.5592163,0.29056534,0.0805564,0.06966194,0.5592163
hurricane-matthew_00000104__b0260,hurricane-matthew,1,0,minor-damage,no-damage,0.7826722,0.7826722,0.12581189,0.061145976,0.030369908
hurricane-matthew_00000145__b0002,hurricane-matthew,2,3,major-damage,destroyed,0.52000254,0.39303705,0.048017714,0.038942724,0.52000254
hurricane-matthew_00000104__b0224,hurricane-matthew,1,0,minor-damage,no-damage,0.54526037,0.54526037,0.18099827,0.13230015,0.1414412
hurricane-matthew_00000104__b0117,hurricane-matthew,1,2,minor-damage,major-damage,0.5330525,0.033596247,0.12304528,0.5330525,0.3103059
hurricane-matthew_00000104__b0003,hurricane-matthew,1,2,minor-damage,major-damage,0.5205022,0.3032972,0.11665317,0.5205022,0.059547476
hurricane-matthew_00000104__b0005,hurricane-matthew,1,1,minor-damage,minor-damage,0.5012205,0.17819427,0.5012205,0.17489164,0.1456936
hurricane-matthew_00000104__b0242,hurricane-matthew,1,2,minor-damage,major-damage,0.8124529,0.02879573,0.07321786,0.8124529,0.08553347
hurricane-matthew_00000385__b0054,hurricane-matthew,3,3,destroyed,destroyed,0.81571627,0.009576452,0.0655083,0.10919898,0.81571627
hurricane-matthew_00000166__b0007,hurricane-matthew,3,3,destroyed,destroyed,0.649517,0.11832575,0.12615658,0.106000684,0.649517
hurricane-matthew_00000385__b0017,hurricane-matthew,3,3,destroyed,destroyed,0.5595772,0.0064977068,0.094052225,0.3398728,0.5595772
hurricane-matthew_00000376__b0001,hurricane-matthew,3,3,destroyed,destroyed,0.5538287,0.13483606,0.09939522,0.21194002,0.5538287
hurricane-matthew_00000044__b0016,hurricane-matthew,0,1,no-damage,minor-damage,0.4833006,0.21912836,0.4833006,0.15777099,0.1398
hurricane-matthew_00000302__b0006,hurricane-matthew,0,3,no-damage,destroyed,0.78606,0.03453729,0.05024271,0.12915999,0.78606
hurricane-matthew_00000104__b0232,hurricane-matthew,2,2,major-damage,major-damage,0.7452836,0.021975895,0.10098298,0.7452836,0.13175751
hurricane-matthew_00000104__b0066,hurricane-matthew,1,0,minor-damage,no-damage,0.46744776,0.46744776,0.06818494,0.37910476,0.085262544
hurricane-matthew_00000065__b0118,hurricane-matthew,2,1,major-damage,minor-damage,0.58479697,0.082554884,0.58479697,0.18526098,0.14738722
hurricane-matthew_00000104__b0125,hurricane-matthew,1,2,minor-damage,major-damage,0.39347416,0.14773615,0.10856606,0.39347416,0.35022363
hurricane-matthew_00000302__b0007,hurricane-matthew,2,2,major-damage,major-damage,0.63446826,0.039040692,0.047383804,0.63446826,0.27910727
hurricane-matthew_00000065__b0128,hurricane-matthew,2,1,major-damage,minor-damage,0.36923555,0.15410116,0.36923555,0.13739361,0.3392697
hurricane-matthew_00000104__b0055,hurricane-matthew,1,2,minor-damage,major-damage,0.47082436,0.23152989,0.15971449,0.47082436,0.1379312
hurricane-matthew_00000104__b0302,hurricane-matthew,1,2,minor-damage,major-damage,0.533841,0.048149202,0.36702627,0.533841,0.050983567
hurricane-matthew_00000260__b0000,hurricane-matthew,3,3,destroyed,destroyed,0.5269192,0.08085647,0.12468619,0.2675382,0.5269192
hurricane-matthew_00000044__b0226,hurricane-matthew,0,3,no-damage,destroyed,0.60169965,0.13661748,0.12594011,0.13574274,0.60169965
hurricane-matthew_00000044__b0190,hurricane-matthew,0,3,no-damage,destroyed,0.368715,0.044204075,0.23586291,0.35121801,0.368715
hurricane-matthew_00000044__b0245,hurricane-matthew,0,3,no-damage,destroyed,0.67920613,0.028058626,0.13850106,0.15423417,0.67920613
hurricane-matthew_00000385__b0050,hurricane-matthew,3,3,destroyed,destroyed,0.99869823,3.1200685e-05,0.00030159138,0.0009689726,0.99869823
hurricane-matthew_00000065__b0060,hurricane-matthew,2,1,major-damage,minor-damage,0.34143415,0.11796625,0.34143415,0.32380918,0.21679042
hurricane-matthew_00000104__b0280,hurricane-matthew,2,2,major-damage,major-damage,0.83730984,0.054999214,0.02355901,0.83730984,0.08413188
hurricane-matthew_00000104__b0137,hurricane-matthew,1,1,minor-damage,minor-damage,0.52784467,0.11615127,0.52784467,0.29502603,0.060978025
hurricane-matthew_00000044__b0059,hurricane-matthew,0,0,no-damage,no-damage,0.47263604,0.47263604,0.10630968,0.13464773,0.28640658
hurricane-matthew_00000376__b0011,hurricane-matthew,3,3,destroyed,destroyed,0.63362366,0.1542194,0.08477602,0.12738095,0.63362366
hurricane-matthew_00000044__b0006,hurricane-matthew,0,3,no-damage,destroyed,0.595653,0.19007674,0.090552576,0.12371768,0.595653
hurricane-matthew_00000065__b0098,hurricane-matthew,2,3,major-damage,destroyed,0.3596804,0.054514144,0.25684837,0.3289571,0.3596804
hurricane-matthew_00000035__b0023,hurricane-matthew,0,1,no-damage,minor-damage,0.40225238,0.18058233,0.40225238,0.23406051,0.18310475
hurricane-matthew_00000104__b0235,hurricane-matthew,1,2,minor-damage,major-damage,0.45845872,0.4358577,0.07103262,0.45845872,0.03465102
hurricane-matthew_00000044__b0034,hurricane-matthew,0,3,no-damage,destroyed,0.39395782,0.20058286,0.26804355,0.1374158,0.39395782
hurricane-matthew_00000104__b0249,hurricane-matthew,1,2,minor-damage,major-damage,0.5350302,0.395956,0.027928943,0.5350302,0.041084792
hurricane-matthew_00000302__b0012,hurricane-matthew,0,3,no-damage,destroyed,0.68852836,0.0486992,0.07895172,0.18382072,0.68852836
hurricane-matthew_00000044__b0009,hurricane-matthew,3,3,destroyed,destroyed,0.938604,0.0040880363,0.021143721,0.03616431,0.938604
hurricane-matthew_00000104__b0223,hurricane-matthew,1,0,minor-damage,no-damage,0.41438162,0.41438162,0.34137458,0.12581903,0.11842477
hurricane-matthew_00000044__b0078,hurricane-matthew,0,1,no-damage,minor-damage,0.4306658,0.12762977,0.4306658,0.32659483,0.11510969
hurricane-matthew_00000104__b0009,hurricane-matthew,1,2,minor-damage,major-damage,0.39761308,0.31392157,0.14648162,0.39761308,0.14198369
hurricane-matthew_00000035__b0001,hurricane-matthew,0,3,no-damage,destroyed,0.4642025,0.24757066,0.14113955,0.1470873,0.4642025
hurricane-matthew_00000104__b0255,hurricane-matthew,1,2,minor-damage,major-damage,0.66755676,0.03479153,0.13037318,0.66755676,0.16727851
hurricane-matthew_00000110__b0014,hurricane-matthew,2,3,major-damage,destroyed,0.9207758,0.0053117666,0.032836117,0.041076384,0.9207758
hurricane-matthew_00000181__b0009,hurricane-matthew,2,3,major-damage,destroyed,0.5829564,0.027460294,0.0763927,0.3131907,0.5829564
hurricane-matthew_00000089__b0239,hurricane-matthew,0,3,no-damage,destroyed,0.7524956,0.03008156,0.123511896,0.09391095,0.7524956
hurricane-matthew_00000065__b0121,hurricane-matthew,3,2,destroyed,major-damage,0.5863852,0.03909266,0.25977203,0.5863852,0.114750125
hurricane-matthew_00000035__b0028,hurricane-matthew,0,2,no-damage,major-damage,0.5134467,0.076119386,0.28818774,0.5134467,0.12224619
hurricane-matthew_00000104__b0133,hurricane-matthew,1,2,minor-damage,major-damage,0.65033156,0.104585245,0.20226708,0.65033156,0.0428161
hurricane-matthew_00000302__b0053,hurricane-matthew,0,2,no-damage,major-damage,0.5753512,0.36541918,0.017631821,0.5753512,0.04159781
hurricane-matthew_00000205__b0009,hurricane-matthew,2,3,major-damage,destroyed,0.91103685,0.0041435454,0.030723892,0.05409571,0.91103685
hurricane-matthew_00000044__b0120,hurricane-matthew,0,3,no-damage,destroyed,0.5035499,0.13221684,0.18252581,0.18170746,0.5035499
hurricane-matthew_00000302__b0041,hurricane-matthew,2,3,major-damage,destroyed,0.55431074,0.05246467,0.1361139,0.2571107,0.55431074
hurricane-matthew_00000035__b0033,hurricane-matthew,0,3,no-damage,destroyed,0.5425985,0.28121603,0.08985901,0.0863265,0.5425985
hurricane-matthew_00000385__b0043,hurricane-matthew,3,3,destroyed,destroyed,0.9716024,0.0010634578,0.010223435,0.017110715,0.9716024
hurricane-matthew_00000206__b0001,hurricane-matthew,3,3,destroyed,destroyed,0.6884524,0.06788651,0.097734764,0.14592634,0.6884524
hurricane-matthew_00000065__b0153,hurricane-matthew,2,1,major-damage,minor-damage,0.4081549,0.22697163,0.4081549,0.16968688,0.19518657
hurricane-matthew_00000044__b0014,hurricane-matthew,0,3,no-damage,destroyed,0.8803442,0.013228431,0.05046218,0.055965245,0.8803442
hurricane-matthew_00000281__b0002,hurricane-matthew,3,3,destroyed,destroyed,0.80312896,0.017875647,0.07707961,0.101915866,0.80312896
hurricane-matthew_00000104__b0143,hurricane-matthew,2,3,major-damage,destroyed,0.6037895,0.041486055,0.13242689,0.22229752,0.6037895
hurricane-matthew_00000302__b0113,hurricane-matthew,0,3,no-damage,destroyed,0.47942597,0.08725421,0.19624455,0.23707537,0.47942597
hurricane-matthew_00000400__b0056,hurricane-matthew,3,3,destroyed,destroyed,0.533266,0.05562331,0.18118542,0.22992526,0.533266
hurricane-matthew_00000166__b0010,hurricane-matthew,3,3,destroyed,destroyed,0.749242,0.11117584,0.0636917,0.075890444,0.749242
hurricane-matthew_00000065__b0062,hurricane-matthew,3,3,destroyed,destroyed,0.82928526,0.016568976,0.076276675,0.07786912,0.82928526
hurricane-matthew_00000104__b0114,hurricane-matthew,1,2,minor-damage,major-damage,0.62320244,0.25490183,0.09078425,0.62320244,0.03111147
hurricane-matthew_00000385__b0102,hurricane-matthew,3,3,destroyed,destroyed,0.9307507,0.0039157076,0.023357922,0.04197556,0.9307507
hurricane-matthew_00000302__b0065,hurricane-matthew,0,3,no-damage,destroyed,0.72391903,0.013581782,0.03423829,0.22826093,0.72391903
hurricane-matthew_00000385__b0085,hurricane-matthew,2,3,major-damage,destroyed,0.91286343,0.002896087,0.037702866,0.046537586,0.91286343
hurricane-matthew_00000376__b0018,hurricane-matthew,3,3,destroyed,destroyed,0.85283864,0.019950574,0.039853044,0.08735772,0.85283864
hurricane-matthew_00000206__b0018,hurricane-matthew,3,3,destroyed,destroyed,0.62738115,0.12760028,0.12581708,0.11920149,0.62738115
hurricane-matthew_00000376__b0008,hurricane-matthew,3,3,destroyed,destroyed,0.9175325,0.0064803823,0.030589769,0.045397345,0.9175325
hurricane-matthew_00000044__b0197,hurricane-matthew,0,3,no-damage,destroyed,0.38708562,0.25225556,0.25825673,0.102402136,0.38708562
hurricane-matthew_00000044__b0243,hurricane-matthew,0,3,no-damage,destroyed,0.33208779,0.12199833,0.32482803,0.22108583,0.33208779
hurricane-matthew_00000400__b0040,hurricane-matthew,2,3,major-damage,destroyed,0.9072862,0.004303594,0.022796484,0.06561367,0.9072862
hurricane-matthew_00000302__b0134,hurricane-matthew,0,3,no-damage,destroyed,0.8771461,0.008855855,0.031708058,0.082289934,0.8771461
hurricane-matthew_00000260__b0067,hurricane-matthew,2,2,major-damage,major-damage,0.52693975,0.011693804,0.3844097,0.52693975,0.07695679
hurricane-matthew_00000400__b0019,hurricane-matthew,2,3,major-damage,destroyed,0.58888966,0.047045037,0.12073047,0.24333489,0.58888966
hurricane-matthew_00000110__b0006,hurricane-matthew,2,3,major-damage,destroyed,0.41857836,0.08029816,0.14219198,0.35893148,0.41857836
hurricane-matthew_00000104__b0116,hurricane-matthew,1,0,minor-damage,no-damage,0.6624525,0.6624525,0.22144637,0.07017623,0.045924835
hurricane-matthew_00000260__b0074,hurricane-matthew,2,3,major-damage,destroyed,0.7396023,0.12172246,0.05295897,0.085716285,0.7396023
hurricane-matthew_00000104__b0119,hurricane-matthew,1,0,minor-damage,no-damage,0.40345386,0.40345386,0.4033721,0.16377378,0.029400261
hurricane-matthew_00000145__b0008,hurricane-matthew,2,3,major-damage,destroyed,0.6518084,0.08135849,0.10774885,0.15908435,0.6518084
hurricane-matthew_00000104__b0004,hurricane-matthew,1,0,minor-damage,no-damage,0.7059439,0.7059439,0.07865437,0.17408448,0.041317258
hurricane-matthew_00000376__b0020,hurricane-matthew,3,3,destroyed,destroyed,0.94434243,0.0013575089,0.011281021,0.043019064,0.94434243
hurricane-matthew_00000065__b0036,hurricane-matthew,2,1,major-damage,minor-damage,0.4997175,0.075313985,0.4997175,0.15567198,0.26929653
hurricane-matthew_00000400__b0034,hurricane-matthew,3,3,destroyed,destroyed,0.98699284,0.00052637473,0.003611929,0.008868858,0.98699284
hurricane-matthew_00000385__b0025,hurricane-matthew,2,3,major-damage,destroyed,0.960785,0.0018522518,0.012079945,0.02528281,0.960785
hurricane-matthew_00000385__b0113,hurricane-matthew,2,3,major-damage,destroyed,0.9435637,0.005500717,0.019309334,0.03162623,0.9435637
hurricane-matthew_00000035__b0008,hurricane-matthew,0,1,no-damage,minor-damage,0.4728926,0.053192034,0.4728926,0.23235613,0.24155927
hurricane-matthew_00000104__b0154,hurricane-matthew,1,0,minor-damage,no-damage,0.49455634,0.49455634,0.15533419,0.21272454,0.13738495
hurricane-matthew_00000400__b0029,hurricane-matthew,2,3,major-damage,destroyed,0.9802352,0.0006106544,0.004475927,0.014678225,0.9802352
hurricane-matthew_00000104__b0127,hurricane-matthew,1,1,minor-damage,minor-damage,0.42333063,0.19844402,0.42333063,0.19504017,0.18318522
hurricane-matthew_00000044__b0249,hurricane-matthew,0,1,no-damage,minor-damage,0.32582662,0.22155726,0.32582662,0.1735696,0.2790465
hurricane-matthew_00000104__b0190,hurricane-matthew,1,0,minor-damage,no-damage,0.46499437,0.46499437,0.23057376,0.20138375,0.10304809
hurricane-matthew_00000400__b0067,hurricane-matthew,3,3,destroyed,destroyed,0.96919,0.00054114405,0.0062215542,0.024047349,0.96919
hurricane-matthew_00000104__b0301,hurricane-matthew,1,0,minor-damage,no-damage,0.31447425,0.31447425,0.27434245,0.23706843,0.17411481
hurricane-matthew_00000044__b0105,hurricane-matthew,0,3,no-damage,destroyed,0.6268355,0.09760437,0.10265554,0.17290458,0.6268355
hurricane-matthew_00000104__b0016,hurricane-matthew,1,2,minor-damage,major-damage,0.4367477,0.017157776,0.18623538,0.4367477,0.3598592
hurricane-matthew_00000145__b0012,hurricane-matthew,2,0,major-damage,no-damage,0.40536585,0.40536585,0.20443253,0.10504553,0.28515604
hurricane-matthew_00000104__b0225,hurricane-matthew,1,2,minor-damage,major-damage,0.6184638,0.094896525,0.10540637,0.6184638,0.18123339
hurricane-matthew_00000376__b0014,hurricane-matthew,2,3,major-damage,destroyed,0.76790255,0.0430286,0.045693327,0.14337555,0.76790255
hurricane-matthew_00000400__b0022,hurricane-matthew,2,3,major-damage,destroyed,0.63250864,0.012029886,0.12396828,0.2314932,0.63250864
hurricane-matthew_00000302__b0009,hurricane-matthew,2,3,major-damage,destroyed,0.50150865,0.044403292,0.057567906,0.39652014,0.50150865
hurricane-matthew_00000104__b0160,hurricane-matthew,1,0,minor-damage,no-damage,0.80302286,0.80302286,0.13924363,0.038930494,0.018803068
hurricane-matthew_00000044__b0095,hurricane-matthew,0,3,no-damage,destroyed,0.92641693,0.0054650884,0.028746665,0.039371375,0.92641693
hurricane-matthew_00000104__b0098,hurricane-matthew,1,0,minor-damage,no-damage,0.86691475,0.86691475,0.051149424,0.058813825,0.023121914
hurricane-matthew_00000104__b0253,hurricane-matthew,1,1,minor-damage,minor-damage,0.677264,0.12764005,0.677264,0.12712947,0.06796642
hurricane-matthew_00000044__b0183,hurricane-matthew,0,1,no-damage,minor-damage,0.36150005,0.1371105,0.36150005,0.30461314,0.19677632
hurricane-matthew_00000104__b0262,hurricane-matthew,1,0,minor-damage,no-damage,0.7614796,0.7614796,0.094697736,0.09843376,0.04538881
hurricane-matthew_00000385__b0042,hurricane-matthew,3,3,destroyed,destroyed,0.9361991,0.004083169,0.024324175,0.035393562,0.9361991
hurricane-matthew_00000035__b0011,hurricane-matthew,0,1,no-damage,minor-damage,0.40040126,0.243636,0.40040126,0.17855772,0.17740512
hurricane-matthew_00000104__b0146,hurricane-matthew,1,0,minor-damage,no-damage,0.5413404,0.5413404,0.07289342,0.3164431,0.06932313
hurricane-matthew_00000369__b0010,hurricane-matthew,2,3,major-damage,destroyed,0.8184656,0.028209543,0.051652703,0.10167218,0.8184656
hurricane-matthew_00000065__b0072,hurricane-matthew,2,1,major-damage,minor-damage,0.3247599,0.19768913,0.3247599,0.26740342,0.21014753
hurricane-matthew_00000400__b0069,hurricane-matthew,3,3,destroyed,destroyed,0.61754864,0.020267786,0.14982583,0.21235773,0.61754864
hurricane-matthew_00000104__b0197,hurricane-matthew,1,0,minor-damage,no-damage,0.7923668,0.7923668,0.079705045,0.11027109,0.01765708
hurricane-matthew_00000152__b0412,hurricane-matthew,0,0,no-damage,no-damage,0.9431048,0.9431048,0.030546365,0.0110542765,0.01529453
hurricane-matthew_00000166__b0011,hurricane-matthew,3,3,destroyed,destroyed,0.62089926,0.0681689,0.12153064,0.18940116,0.62089926
hurricane-matthew_00000065__b0009,hurricane-matthew,3,1,destroyed,minor-damage,0.83505344,0.03882425,0.83505344,0.090964995,0.035157297
hurricane-matthew_00000104__b0202,hurricane-matthew,1,0,minor-damage,no-damage,0.5630028,0.5630028,0.34435633,0.060193177,0.032447673
hurricane-matthew_00000302__b0004,hurricane-matthew,2,3,major-damage,destroyed,0.91985476,0.006527666,0.017669706,0.05594783,0.91985476
hurricane-matthew_00000044__b0021,hurricane-matthew,3,3,destroyed,destroyed,0.54171115,0.15807448,0.13852961,0.16168481,0.54171115
hurricane-matthew_00000035__b0029,hurricane-matthew,0,0,no-damage,no-damage,0.5232021,0.5232021,0.27121016,0.082410924,0.12317682
hurricane-matthew_00000089__b0268,hurricane-matthew,0,3,no-damage,destroyed,0.56992656,0.045065403,0.20169182,0.18331623,0.56992656
hurricane-matthew_00000044__b0152,hurricane-matthew,2,3,major-damage,destroyed,0.70506614,0.09332503,0.11445384,0.087155014,0.70506614
hurricane-matthew_00000302__b0049,hurricane-matthew,0,3,no-damage,destroyed,0.4593139,0.07925456,0.113800354,0.34763122,0.4593139
hurricane-matthew_00000206__b0008,hurricane-matthew,3,3,destroyed,destroyed,0.75036496,0.06944731,0.06940532,0.110782385,0.75036496
hurricane-matthew_00000400__b0023,hurricane-matthew,3,3,destroyed,destroyed,0.9943135,0.00020977309,0.0017382593,0.003738556,0.9943135
hurricane-matthew_00000104__b0206,hurricane-matthew,1,3,minor-damage,destroyed,0.79371965,0.072597735,0.043445736,0.09023689,0.79371965
hurricane-matthew_00000260__b0003,hurricane-matthew,0,0,no-damage,no-damage,0.65585744,0.65585744,0.13127123,0.14571398,0.06715737
hurricane-matthew_00000385__b0112,hurricane-matthew,3,3,destroyed,destroyed,0.7806144,0.029541878,0.08178397,0.10805973,0.7806144
hurricane-matthew_00000104__b0200,hurricane-matthew,2,2,major-damage,major-damage,0.45269677,0.13925913,0.11292975,0.45269677,0.29511434
hurricane-matthew_00000044__b0215,hurricane-matthew,0,3,no-damage,destroyed,0.3250432,0.2425771,0.29537517,0.1370045,0.3250432
hurricane-matthew_00000302__b0020,hurricane-matthew,0,3,no-damage,destroyed,0.9441789,0.0008140809,0.009954144,0.045052994,0.9441789
hurricane-matthew_00000302__b0003,hurricane-matthew,0,2,no-damage,major-damage,0.88305926,0.04307479,0.0267371,0.88305926,0.04712893
hurricane-matthew_00000104__b0064,hurricane-matthew,1,2,minor-damage,major-damage,0.30769178,0.2300477,0.23585932,0.30769178,0.22640118
hurricane-matthew_00000302__b0044,hurricane-matthew,0,3,no-damage,destroyed,0.68691975,0.033653148,0.06521997,0.21420714,0.68691975
hurricane-matthew_00000329__b0005,hurricane-matthew,2,0,major-damage,no-damage,0.31957623,0.31957623,0.30305624,0.21818574,0.15918174
hurricane-matthew_00000285__b0001,hurricane-matthew,2,3,major-damage,destroyed,0.7095227,0.070429936,0.11678319,0.1032642,0.7095227
hurricane-matthew_00000075__b0017,hurricane-matthew,0,3,no-damage,destroyed,0.7867897,0.021685816,0.101149775,0.090374716,0.7867897
hurricane-matthew_00000104__b0161,hurricane-matthew,1,0,minor-damage,no-damage,0.7893677,0.7893677,0.07790794,0.100669935,0.03205446
hurricane-matthew_00000104__b0034,hurricane-matthew,1,0,minor-damage,no-damage,0.78576154,0.78576154,0.14806925,0.037827626,0.028341623
hurricane-matthew_00000104__b0241,hurricane-matthew,2,0,major-damage,no-damage,0.46580017,0.46580017,0.16187674,0.2584035,0.11391962
hurricane-matthew_00000385__b0020,hurricane-matthew,2,3,major-damage,destroyed,0.99479735,0.00015004625,0.0013751717,0.0036773644,0.99479735
hurricane-matthew_00000400__b0061,hurricane-matthew,3,3,destroyed,destroyed,0.7553099,0.075209744,0.09017694,0.07930351,0.7553099
hurricane-matthew_00000385__b0093,hurricane-matthew,2,3,major-damage,destroyed,0.90980244,0.0011918667,0.018444674,0.07056094,0.90980244
hurricane-matthew_00000104__b0189,hurricane-matthew,1,2,minor-damage,major-damage,0.56190604,0.044825446,0.09720452,0.56190604,0.296064
hurricane-matthew_00000075__b0073,hurricane-matthew,0,2,no-damage,major-damage,0.46889046,0.15765215,0.24148102,0.46889046,0.13197641
hurricane-matthew_00000385__b0091,hurricane-matthew,3,3,destroyed,destroyed,0.873939,0.0020475658,0.035453748,0.088559724,0.873939
hurricane-matthew_00000385__b0048,hurricane-matthew,3,3,destroyed,destroyed,0.8765652,0.05056917,0.027065685,0.045799915,0.8765652
hurricane-matthew_00000104__b0130,hurricane-matthew,1,2,minor-damage,major-damage,0.66379386,0.30074048,0.023010714,0.66379386,0.012454945
