crop_id,disaster,y_true,y_pred,true_label,predicted_label,confidence,prob_no-damage,prob_minor-damage,prob_major-damage,prob_destroyed
hurricane-matthew_00000400__b0004,hurricane-matthew,3,3,destroyed,destroyed,0.9288529,0.012578404,0.022475742,0.036092952,0.9288529
hurricane-matthew_00000205__b0008,hurricane-matthew,2,3,major-damage,destroyed,0.95564556,0.006670247,0.013113762,0.024570461,0.95564556
hurricane-matthew_00000044__b0255,hurricane-matthew,2,1,major-damage,minor-damage,0.42264912,0.12054017,0.42264912,0.39075595,0.06605477
hurricane-matthew_00000104__b0157,hurricane-matthew,2,3,major-damage,destroyed,0.4548335,0.016189601,0.077194184,0.45178267,0.4548335
hurricane-matthew_00000385__b0041,hurricane-matthew,3,3,destroyed,destroyed,0.9736322,0.0024673531,0.00816533,0.015735056,0.9736322
hurricane-matthew_00000104__b0199,hurricane-matthew,1,2,minor-damage,major-damage,0.5769454,0.21118148,0.076374635,0.5769454,0.13549846
hurricane-matthew_00000354__b0005,hurricane-matthew,2,3,major-damage,destroyed,0.7949395,0.032969426,0.04881751,0.12327354,0.7949395
hurricane-matthew_00000329__b0016,hurricane-matthew,2,3,major-damage,destroyed,0.6624326,0.16983475,0.0406087,0.12712389,0.6624326
hurricane-matthew_00000302__b0116,hurricane-matthew,0,3,no-damage,destroyed,0.5926326,0.01002787,0.021184769,0.37615478,0.5926326
hurricane-matthew_00000385__b0056,hurricane-matthew,3,3,destroyed,destroyed,0.9843461,0.0015084713,0.005140925,0.009004514,0.9843461
hurricane-matthew_00000206__b0015,hurricane-matthew,3,3,destroyed,destroyed,0.8680394,0.020995934,0.044606287,0.06635834,0.8680394
hurricane-matthew_00000281__b0000,hurricane-matthew,3,3,destroyed,destroyed,0.9709043,0.004528481,0.006842699,0.017724507,0.9709043
hurricane-matthew_00000104__b0156,hurricane-matthew,1,3,minor-damage,destroyed,0.48659173,0.016730811,0.13706832,0.35960916,0.48659173
hurricane-matthew_00000166__b0014,hurricane-matthew,3,3,destroyed,destroyed,0.79972935,0.067429915,0.034542426,0.098298326,0.79972935
hurricane-matthew_00000104__b0101,hurricane-matthew,1,3,minor-damage,destroyed,0.30337587,0.1702718,0.28659806,0.2397543,0.30337587
hurricane-matthew_00000385__b0045,hurricane-matthew,3,3,destroyed,destroyed,0.95880586,0.0017765613,0.007675956,0.031741623,0.95880586
hurricane-matthew_00000044__b0015,hurricane-matthew,0,0,no-damage,no-damage,0.73281115,0.73281115,0.061922308,0.06595423,0.13931227
hurricane-matthew_00000104__b0177,hurricane-matthew,1,2,minor-damage,major-damage,0.31636724,0.24627055,0.24611446,0.31636724,0.19124779
hurricane-matthew_00000104__b0263,hurricane-matthew,2,2,major-damage,major-damage,0.31619388,0.19874816,0.2895798,0.31619388,0.19547814
hurricane-matthew_00000035__b0000,hurricane-matthew,0,0,no-damage,no-damage,0.50865966,0.50865966,0.046430696,0.08617842,0.35873127
hurricane-matthew_00000385__b0067,hurricane-matthew,3,3,destroyed,destroyed,0.9805023,0.0012649985,0.003782697,0.014449981,0.9805023
hurricane-matthew_00000065__b0023,hurricane-matthew,3,3,destroyed,destroyed,0.44883722,0.17391767,0.21926002,0.15798509,0.44883722
hurricane-matthew_00000385__b0075,hurricane-matthew,3,3,destroyed,destroyed,0.9999082,1.291228e-06,1.6039057e-05,7.435627e-05,0.9999082
hurricane-matthew_00000104__b0233,hurricane-matthew,2,2,major-damage,major-damage,0.32209677,0.3173614,0.092254214,0.32209677,0.2682876
hurricane-matthew_00000260__b0004,hurricane-matthew,3,3,destroyed,destroyed,0.68581486,0.044273432,0.09411508,0.17579666,0.68581486
hurricane-matthew_00000168__b0007,hurricane-matthew,2,3,major-damage,destroyed,0.99104273,0.00034483214,0.0019598221,0.006652591,0.99104273
hurricane-matthew_00000044__b0029,hurricane-matthew,0,1,no-damage,minor-damage,0.5821367,0.11866261,0.5821367,0.24528638,0.053914342
hurricane-matthew_00000104__b0221,hurricane-matthew,1,2,minor-damage,major-damage,0.47739807,0.0677926,0.23559427,0.47739807,0.21921511
hurricane-matthew_00000104__b0132,hurricane-matthew,1,3,minor-damage,destroyed,0.7944002,0.03930804,0.064767,0.101524785,0.7944002
hurricane-matthew_00000044__b0207,hurricane-matthew,0,2,no-damage,major-damage,0.42998987,0.16975112,0.09690932,0.42998987,0.30334967
hurricane-matthew_00000044__b0224,hurricane-matthew,0,1,no-damage,minor-damage,0.48128262,0.16996369,0.48128262,0.17633633,0.17241739
hurricane-matthew_00000400__b0047,hurricane-matthew,3,3,destroyed,destroyed,0.87119496,0.017798398,0.03599234,0.07501429,0.87119496
hurricane-matthew_00000044__b0256,hurricane-matthew,0,0,no-damage,no-damage,0.3696824,0.3696824,0.26852843,0.15795922,0.2038299
hurricane-matthew_00000104__b0168,hurricane-matthew,1,2,minor-damage,major-damage,0.47412413,0.029730096,0.09189013,0.47412413,0.40425575
hurricane-matthew_00000400__b0013,hurricane-matthew,3,3,destroyed,destroyed,0.92588013,0.003589994,0.01364497,0.056885008,0.92588013
hurricane-matthew_00000104__b0080,hurricane-matthew,1,2,minor-damage,major-damage,0.47753042,0.03577109,0.087494105,0.47753042,0.39920437
hurricane-matthew_00000104__b0279,hurricane-matthew,1,3,minor-damage,destroyed,0.39972332,0.07357248,0.1615582,0.36514607,0.39972332
hurricane-matthew_00000044__b0135,hurricane-matthew,0,1,no-damage,minor-damage,0.4731092,0.044202313,0.4731092,0.38399628,0.098692186
hurricane-matthew_00000104__b0239,hurricane-matthew,1,3,minor-damage,destroyed,0.7001866,0.013513215,0.034881372,0.25141883,0.7001866
hurricane-matthew_00000044__b0182,hurricane-matthew,0,3,no-damage,destroyed,0.35315406,0.070606306,0.27552298,0.3007167,0.35315406
hurricane-matthew_00000385__b0066,hurricane-matthew,3,3,destroyed,destroyed,0.99918777,3.7103102e-05,0.00020593904,0.0005691804,0.99918777
hurricane-matthew_00000260__b0031,hurricane-matthew,2,3,major-damage,destroyed,0.6485442,0.08677075,0.0996358,0.16504924,0.6485442
hurricane-matthew_00000104__b0023,hurricane-matthew,2,3,major-damage,destroyed,0.57973933,0.01821763,0.06574565,0.33629736,0.57973933
hurricane-matthew_00000104__b0014,hurricane-matthew,1,2,minor-damage,major-damage,0.51408637,0.06517912,0.23595238,0.51408637,0.18478216
hurricane-matthew_00000044__b0269,hurricane-matthew,0,1,no-damage,minor-damage,0.44071883,0.29674882,0.44071883,0.09995606,0.16257624
hurricane-matthew_00000385__b0046,hurricane-matthew,3,3,destroyed,destroyed,0.99987125,3.4739276e-06,2.1775482e-05,0.00010344449,0.99987125
hurricane-matthew_00000065__b0002,hurricane-matthew,2,3,major-damage,destroyed,0.53212553,0.15969369,0.11989322,0.18828757,0.53212553
hurricane-matthew_00000400__b0036,hurricane-matthew,3,3,destroyed,destroyed,0.99793965,4.5262772e-05,0.00024664708,0.0017684095,0.99793965
hurricane-matthew_00000385__b0063,hurricane-matthew,3,3,destroyed,destroyed,0.9876681,0.0023687198,0.0044345865,0.005528604,0.9876681
hurricane-matthew_00000104__b0167,hurricane-matthew,2,3,major-damage,destroyed,0.4780375,0.0972765,0.2398228,0.1848631,0.4780375
hurricane-matthew_00000206__b0013,hurricane-matthew,2,3,major-damage,destroyed,0.9274177,0.005259224,0.013911013,0.05341207,0.9274177
hurricane-matthew_00000104__b0065,hurricane-matthew,1,3,minor-damage,destroyed,0.45002615,0.29954323,0.045958553,0.20447212,0.45002615
hurricane-matthew_00000104__b0079,hurricane-matthew,1,2,minor-damage,major-damage,0.42481184,0.13720779,0.15844095,0.42481184,0.27953944
hurricane-matthew_00000400__b0059,hurricane-matthew,3,3,destroyed,destroyed,0.99684554,7.381713e-05,0.0006364864,0.0024441965,0.99684554
hurricane-matthew_00000329__b0028,hurricane-matthew,2,1,major-damage,minor-damage,0.29473105,0.19627018,0.29473105,0.28634366,0.22265504
hurricane-matthew_00000035__b0055,hurricane-matthew,0,1,no-damage,minor-damage,0.40556672,0.08778645,0.40556672,0.40285778,0.103789054
hurricane-matthew_00000166__b0004,hurricane-matthew,0,3,no-damage,destroyed,0.74413115,0.0859718,0.0188691,0.15102799,0.74413115
hurricane-matthew_00000104__b0181,hurricane-matthew,1,2,minor-damage,major-damage,0.39714772,0.06962156,0.35680717,0.39714772,0.17642356
hurricane-matthew_00000385__b0030,hurricane-matthew,3,3,destroyed,destroyed,0.91298735,0.007696348,0.028681643,0.05063475,0.91298735
hurricane-matthew_00000035__b0046,hurricane-matthew,0,3,no-damage,destroyed,0.5703749,0.26943997,0.06762651,0.092558615,0.5703749
hurricane-matthew_00000104__b0259,hurricane-matthew,2,2,major-damage,major-damage,0.6408007,0.15313727,0.058732294,0.6408007,0.14732972
hurricane-matthew_00000104__b0308,hurricane-matthew,1,2,minor-damage,major-damage,0.6737825,0.017738182,0.024388112,0.6737825,0.28409117
hurricane-matthew_00000104__b0015,hurricane-matthew,2,2,major-damage,major-damage,0.87580186,0.014893246,0.016616814,0.87580186,0.092688024
hurricane-matthew_00000065__b0084,hurricane-matthew,2,3,major-damage,destroyed,0.45412925,0.074461155,0.20653315,0.26487643,0.45412925
hurricane-matthew_00000044__b0206,hurricane-matthew,0,0,no-damage,no-damage,0.82813764,0.82813764,0.038253676,0.04352703,0.09008165
hurricane-matthew_00000044__b0151,hurricane-matthew,0,0,no-damage,no-damage,0.29414427,0.29414427,0.28596458,0.23991218,0.17997898
hurricane-matthew_00000104__b0008,hurricane-matthew,1,3,minor-damage,destroyed,0.5161354,0.0648257,0.14774321,0.27129573,0.5161354
hurricane-matthew_00000044__b0158,hurricane-matthew,0,1,no-damage,minor-damage,0.5535994,0.056358766,0.5535994,0.31334597,0.07669587
hurricane-matthew_00000104__b0230,hurricane-matthew,1,3,minor-damage,destroyed,0.62535864,0.005465326,0.019880423,0.34929556,0.62535864
hurricane-matthew_00000104__b0033,hurricane-matthew,1,2,minor-damage,major-damage,0.3686456,0.2351506,0.21094497,0.3686456,0.18525882
hurricane-matthew_00000104__b0044,hurricane-matthew,1,2,minor-damage,major-damage,0.49080664,0.060123634,0.17498325,0.49080664,0.2740865
hurricane-matthew_00000166__b0017,hurricane-matthew,3,3,destroyed,destroyed,0.9303607,0.005819458,0.017968478,0.045851387,0.9303607
hurricane-matthew_00000035__b0005,hurricane-matthew,0,0,no-damage,no-damage,0.95894945,0.95894945,0.0041202814,0.02008357,0.016846666
hurricane-matthew_00000400__b0060,hurricane-matthew,2,3,major-damage,destroyed,0.97517836,0.0016892012,0.0034917165,0.019640809,0.97517836
hurricane-matthew_00000302__b0067,hurricane-matthew,0,2,no-damage,major-damage,0.5544079,0.026287625,0.06974381,0.5544079,0.34956062
hurricane-matthew_00000385__b0034,hurricane-matthew,3,3,destroyed,destroyed,0.994925,0.00021927261,0.0011649608,0.0036907082,0.994925
hurricane-matthew_00000044__b0257,hurricane-matthew,0,0,no-damage,no-damage,0.43720123,0.43720123,0.3834604,0.12507558,0.054262806
hurricane-matthew_00000385__b0026,hurricane-matthew,3,3,destroyed,destroyed,0.9989466,6.2084175e-05,0.000299268,0.00069210475,0.9989466
hurricane-matthew_00000260__b0057,hurricane-matthew,0,3,no-damage,destroyed,0.4997642,0.09381096,0.14398915,0.26243567,0.4997642
hurricane-matthew_00000044__b0179,hurricane-matthew,0,3,no-damage,destroyed,0.7874346,0.10356955,0.028702058,0.080293804,0.7874346
hurricane-matthew_00000302__b0024,hurricane-matthew,0,2,no-damage,major-damage,0.43268913,0.304857,0.21198517,0.43268913,0.050468724
hurricane-matthew_00000276__b0000,hurricane-matthew,0,3,no-damage,destroyed,0.8900877,0.03945855,0.025257748,0.04519595,0.8900877
hurricane-matthew_00000104__b0240,hurricane-matthew,1,3,minor-damage,destroyed,0.48659614,0.011530824,0.10390419,0.39796883,0.48659614
hurricane-matthew_00000104__b0297,hurricane-matthew,1,2,minor-damage,major-damage,0.38942823,0.18051963,0.25127935,0.38942823,0.17877275
hurricane-matthew_00000104__b0063,hurricane-matthew,2,2,major-damage,major-damage,0.37291873,0.12023201,0.3369385,0.37291873,0.1699108
hurricane-matthew_00000376__b0002,hurricane-matthew,3,3,destroyed,destroyed,0.9986909,1.7216698e-05,0.0001199323,0.0011720408,0.9986909
hurricane-matthew_00000104__b0084,hurricane-matthew,2,2,major-damage,major-damage,0.72901726,0.049121536,0.057511248,0.72901726,0.16435002
hurricane-matthew_00000104__b0247,hurricane-matthew,1,2,minor-damage,major-damage,0.3795838,0.102451816,0.36369702,0.3795838,0.1542674
hurricane-matthew_00000065__b0106,hurricane-matthew,2,2,major-damage,major-damage,0.42799065,0.05146922,0.30014077,0.42799065,0.22039936
hurricane-matthew_00000044__b0054,hurricane-matthew,0,1,no-damage,minor-damage,0.50620383,0.28381404,0.50620383,0.15814698,0.05183517
hurricane-matthew_00000302__b0129,hurricane-matthew,0,2,no-damage,major-damage,0.44305536,0.114191286,0.12167064,0.44305536,0.32108268
hurricane-matthew_00000044__b0061,hurricane-matthew,2,1,major-damage,minor-damage,0.59277576,0.09682528,0.59277576,0.25834107,0.0520579
hurricane-matthew_00000104__b0149,hurricane-matthew,1,0,minor-damage,no-damage,0.47318357,0.47318357,0.082702845,0.2043154,0.2397981
hurricane-matthew_00000104__b0290,hurricane-matthew,2,3,major-damage,destroyed,0.89765954,0.0044041043,0.0066822967,0.091254,0.89765954
hurricane-matthew_00000104__b0296,hurricane-matthew,1,3,minor-damage,destroyed,0.779075,0.030021584,0.069293655,0.121609695,0.779075
hurricane-matthew_00000044__b0137,hurricane-matthew,0,1,no-damage,minor-damage,0.43296534,0.12805288,0.43296534,0.31803197,0.12094983
hurricane-matthew_00000044__b0125,hurricane-matthew,0,1,no-damage,minor-damage,0.6676093,0.05705422,0.6676093,0.2382176,0.03711898
hurricane-matthew_00000044__b0229,hurricane-matthew,0,3,no-damage,destroyed,0.5478143,0.061071474,0.18041833,0.2106959,0.5478143
hurricane-matthew_00000385__b0105,hurricane-matthew,3,3,destroyed,destroyed,0.97209024,0.00072421675,0.0056097875,0.021575762,0.97209024
hurricane-matthew_00000104__b0124,hurricane-matthew,1,2,minor-damage,major-damage,0.5477107,0.021778084,0.13653286,0.5477107,0.29397833
hurricane-matthew_00000104__b0102,hurricane-matthew,1,3,minor-damage,destroyed,0.7556542,0.027819809,0.052371033,0.16415492,0.7556542
hurricane-matthew_00000385__b0064,hurricane-matthew,3,3,destroyed,destroyed,0.9943355,0.0007032517,0.0024408146,0.0025203584,0.9943355
hurricane-matthew_00000104__b0135,hurricane-matthew,1,3,minor-damage,destroyed,0.6161651,0.021591118,0.06411614,0.29812762,0.6161651
hurricane-matthew_00000385__b0080,hurricane-matthew,3,3,destroyed,destroyed,0.9878241,0.00064540084,0.001914013,0.009616444,0.9878241
hurricane-matthew_00000065__b0066,hurricane-matthew,3,0,destroyed,no-damage,0.40030888,0.40030888,0.25466305,0.19675487,0.14827318
hurricane-matthew_00000044__b0063,hurricane-matthew,0,0,no-damage,no-damage,0.89037657,0.89037657,0.04540223,0.030791739,0.03342946
hurricane-matthew_00000104__b0121,hurricane-matthew,1,2,minor-damage,major-damage,0.5225288,0.16934218,0.1000186,0.5225288,0.20811044
hurricane-matthew_00000400__b0021,hurricane-matthew,3,3,destroyed,destroyed,0.994487,0.00027841804,0.0011234594,0.004111067,0.994487
hurricane-matthew_00000376__b0015,hurricane-matthew,3,3,destroyed,destroyed,0.998329,2.0938965e-05,0.00017077659,0.0014793021,0.998329
hurricane-matthew_00000385__b0122,hurricane-matthew,3,3,destroyed,destroyed,0.77037364,0.037983652,0.08318105,0.10846164,0.77037364
hurricane-matthew_00000376__b0013,hurricane-matthew,3,3,destroyed,destroyed,0.80107564,0.04609485,0.060492054,0.09233746,0.80107564
hurricane-matthew_00000104__b0248,hurricane-matthew,1,3,minor-damage,destroyed,0.45008203,0.06436724,0.2104618,0.27508894,0.45008203
hurricane-matthew_00000400__b0050,hurricane-matthew,2,3,major-damage,destroyed,0.5909057,0.054057706,0.091940135,0.26309645,0.5909057
hurricane-matthew_00000044__b0213,hurricane-matthew,0,1,no-damage,minor-damage,0.5585237,0.22050454,0.5585237,0.16746396,0.05350782
hurricane-matthew_00000104__b0208,hurricane-matthew,2,2,major-damage,major-damage,0.71530116,0.036451265,0.051583845,0.71530116,0.19666372
hurricane-matthew_00000104__b0107,hurricane-matthew,1,0,minor-damage,no-damage,0.6815758,0.6815758,0.08935475,0.070135504,0.15893407
hurricane-matthew_00000104__b0029,hurricane-matthew,1,2,minor-damage,major-damage,0.38438487,0.13909549,0.3597507,0.38438487,0.11676888
hurricane-matthew_00000400__b0045,hurricane-matthew,3,3,destroyed,destroyed,0.9977689,0.00010448522,0.00046692757,0.0016596937,0.9977689
hurricane-matthew_00000104__b0090,hurricane-matthew,1,2,minor-damage,major-damage,0.41549727,0.059524238,0.12969875,0.41549727,0.39527974
hurricane-matthew_00000104__b0069,hurricane-matthew,1,3,minor-damage,destroyed,0.4763629,0.058233794,0.25277176,0.21263146,0.4763629
hurricane-matthew_00000104__b0293,hurricane-matthew,1,3,minor-damage,destroyed,0.4607411,0.028542586,0.10008547,0.41063082,0.4607411
hurricane-matthew_00000400__b0037,hurricane-matthew,3,3,destroyed,destroyed,0.99713695,0.00020187256,0.0008740007,0.0017871842,0.99713695
hurricane-matthew_00000104__b0245,hurricane-matthew,1,2,minor-damage,major-damage,0.6438594,0.059598442,0.12706123,0.6438594,0.169481
hurricane-matthew_00000369__b0006,hurricane-matthew,2,3,major-damage,destroyed,0.83409107,0.0066269655,0.014321223,0.1449608,0.83409107
hurricane-matthew_00000400__b0015,hurricane-matthew,3,3,destroyed,destroyed,0.9969779,4.0885036e-05,0.00039627476,0.0025849133,0.9969779
hurricane-matthew_00000385__b0035,hurricane-matthew,3,3,destroyed,destroyed,0.999395,1.713119e-05,9.398784e-05,0.00049383973,0.999395
hurricane-matthew_00000104__b0151,hurricane-matthew,1,2,minor-damage,major-damage,0.65012044,0.03207905,0.09775432,0.65012044,0.22004618
hurricane-matthew_00000385__b0005,hurricane-matthew,3,3,destroyed,destroyed,0.6232119,0.053695876,0.12348471,0.19960752,0.6232119
hurricane-matthew_00000145__b0021,hurricane-matthew,2,3,major-damage,destroyed,0.45682898,0.28030574,0.171767,0.09109823,0.45682898
hurricane-matthew_00000385__b0012,hurricane-matthew,3,3,destroyed,destroyed,0.98058975,0.0013328744,0.0056120693,0.012465337,0.98058975
hurricane-matthew_00000104__b0251,hurricane-matthew,1,2,minor-damage,major-damage,0.36726686,0.08906353,0.25789115,0.36726686,0.28577843
hurricane-matthew_00000104__b0185,hurricane-matthew,1,1,minor-damage,minor-damage,0.45413485,0.20410645,0.45413485,0.23241743,0.109341286
hurricane-matthew_00000104__b0227,hurricane-matthew,2,3,major-damage,destroyed,0.94731086,0.0024511886,0.0090219835,0.041216012,0.94731086
hurricane-matthew_00000065__b0157,hurricane-matthew,2,3,major-damage,destroyed,0.2902008,0.16158344,0.2689185,0.2792972,0.2902008
hurricane-matthew_00000302__b0100,hurricane-matthew,0,2,no-damage,major-damage,0.5467349,0.13401288,0.14317437,0.5467349,0.17607777
hurricane-matthew_00000116__b0000,hurricane-matthew,2,3,major-damage,destroyed,0.5746844,0.111522906,0.04902558,0.2647672,0.5746844
hurricane-matthew_00000044__b0037,hurricane-matthew,0,0,no-damage,no-damage,0.47127783,0.47127783,0.11289687,0.17603676,0.23978859
hurricane-matthew_00000104__b0292,hurricane-matthew,1,3,minor-damage,destroyed,0.8532288,0.06429295,0.010836674,0.07164155,0.8532288
hurricane-matthew_00000400__b0009,hurricane-matthew,3,3,destroyed,destroyed,0.961191,0.004722936,0.015008973,0.019077057,0.961191
hurricane-matthew_00000376__b0009,hurricane-matthew,3,3,destroyed,destroyed,0.9945702,0.00014931461,0.00092928606,0.0043511773,0.9945702
hurricane-matthew_00000044__b0214,hurricane-matthew,0,3,no-damage,destroyed,0.51650363,0.24706092,0.11789105,0.11854442,0.51650363
hurricane-matthew_00000044__b0147,hurricane-matthew,2,1,major-damage,minor-damage,0.40315852,0.35251918,0.40315852,0.12762658,0.11669575
hurricane-matthew_00000104__b0106,hurricane-matthew,2,2,major-damage,major-damage,0.3942677,0.28376287,0.17281109,0.3942677,0.14915833
hurricane-matthew_00000400__b0024,hurricane-matthew,2,3,major-damage,destroyed,0.98203504,0.0034484556,0.004713487,0.009802992,0.98203504
hurricane-matthew_00000104__b0179,hurricane-matthew,1,3,minor-damage,destroyed,0.72599024,0.016160706,0.031509362,0.22633967,0.72599024
hurricane-matthew_00000044__b0072,hurricane-matthew,0,1,no-damage,minor-damage,0.5068566,0.085294776,0.5068566,0.27667388,0.13117476
hurricane-matthew_00000104__b0142,hurricane-matthew,1,1,minor-damage,minor-damage,0.4664203,0.06803439,0.4664203,0.3056886,0.15985675
hurricane-matthew_00000400__b0066,hurricane-matthew,2,3,major-damage,destroyed,0.8072293,0.035544332,0.06351169,0.09371469,0.8072293
hurricane-matthew_00000260__b0049,hurricane-matthew,2,3,major-damage,destroyed,0.75459504,0.041021407,0.040057804,0.16432573,0.75459504
hurricane-matthew_00000104__b0093,hurricane-matthew,1,0,minor-damage,no-damage,0.50476277,0.50476277,0.033937473,0.08597342,0.37532628
hurricane-matthew_00000166__b0002,hurricane-matthew,3,3,destroyed,destroyed,0.957182,0.0015042975,0.0036513319,0.03766231,0.957182
hurricane-matthew_00000104__b0110,hurricane-matthew,2,2,major-damage,major-damage,0.45124313,0.078971446,0.122889765,0.45124313,0.3468957
hurricane-matthew_00000104__b0272,hurricane-matthew,1,2,minor-damage,major-damage,0.65298676,0.14820662,0.098304436,0.65298676,0.10050216
hurricane-matthew_00000035__b0013,hurricane-matthew,0,0,no-damage,no-damage,0.5391594,0.5391594,0.24791175,0.098084204,0.11484466
hurricane-matthew_00000385__b0103,hurricane-matthew,3,3,destroyed,destroyed,0.78338593,0.0036239845,0.020174187,0.19281584,0.78338593
hurricane-matthew_00000104__b0286,hurricane-matthew,2,3,major-damage,destroyed,0.776087,0.03731721,0.019538714,0.16705702,0.776087
hurricane-matthew_00000104__b0254,hurricane-matthew,2,2,major-damage,major-damage,0.4658316,0.15493385,0.07632978,0.4658316,0.30290473
hurricane-matthew_00000302__b0039,hurricane-matthew,0,3,no-damage,destroyed,0.8193892,0.0068092067,0.01711325,0.15668832,0.8193892
hurricane-matthew_00000376__b0005,hurricane-matthew,3,3,destroyed,destroyed,0.95711154,0.0035867302,0.013380193,0.025921497,0.95711154
hurricane-matthew_00000260__b0045,hurricane-matthew,2,3,major-damage,destroyed,0.49431956,0.13415967,0.13038363,0.2411371,0.49431956
hurricane-matthew_00000044__b0237,hurricane-matthew,0,0,no-damage,no-damage,0.7931547,0.7931547,0.08067139,0.062909275,0.06326456
hurricane-matthew_00000104__b0071,hurricane-matthew,1,2,minor-damage,major-damage,0.7635455,0.030579139,0.03762238,0.7635455,0.168253
hurricane-matthew_00000166__b0013,hurricane-matthew,3,3,destroyed,destroyed,0.7606595,0.06495077,0.056621157,0.1177686,0.7606595
hurricane-matthew_00000104__b0228,hurricane-matthew,2,3,major-damage,destroyed,0.3912121,0.15369602,0.21067195,0.2444199,0.3912121
hurricane-matthew_00000104__b0017,hurricane-matthew,1,3,minor-damage,destroyed,0.44704366,0.03096391,0.10962272,0.41236967,0.44704366
hurricane-matthew_00000104__b0047,hurricane-matthew,1,0,minor-damage,no-damage,0.3049206,0.3049206,0.16789433,0.28009436,0.24709073
hurricane-matthew_00000104__b0037,hurricane-matthew,2,3,major-damage,destroyed,0.67623246,0.049823325,0.065645345,0.20829886,0.67623246
hurricane-matthew_00000206__b0005,hurricane-matthew,3,3,destroyed,destroyed,0.9346053,0.0048528914,0.015754372,0.044787433,0.9346053
hurricane-matthew_00000035__b0062,hurricane-matthew,0,0,no-damage,no-damage,0.37838104,0.37838104,0.048900556,0.19598486,0.37673357
hurricane-matthew_00000044__b0145,hurricane-matthew,0,0,no-damage,no-damage,0.971365,0.971365,0.0040755784,0.017366854,0.0071926196
hurricane-matthew_00000104__b0088,hurricane-matthew,1,2,minor-damage,major-damage,0.45993513,0.054057974,0.123742945,0.45993513,0.3622639
hurricane-matthew_00000385__b0090,hurricane-matthew,3,3,destroyed,destroyed,0.99648774,9.374277e-05,0.0006416201,0.0027769953,0.99648774
hurricane-matthew_00000104__b0183,hurricane-matthew,1,3,minor-damage,destroyed,0.82059675,0.013066049,0.033322398,0.1330147,0.82059675
hurricane-matthew_00000075__b0130,hurricane-matthew,0,0,no-damage,no-damage,0.849194,0.849194,0.05435253,0.072279744,0.024173815
hurricane-matthew_00000104__b0144,hurricane-matthew,1,2,minor-damage,major-damage,0.41168803,0.114332885,0.3291583,0.41168803,0.1448208
hurricane-matthew_00000044__b0131,hurricane-matthew,2,3,major-damage,destroyed,0.32749587,0.13075261,0.29406363,0.2476879,0.32749587
hurricane-matthew_00000065__b0127,hurricane-matthew,2,1,major-damage,minor-damage,0.3341926,0.28015065,0.3341926,0.18612143,0.19953531
hurricane-matthew_00000104__b0030,hurricane-matthew,1,0,minor-damage,no-damage,0.5084029,0.5084029,0.12937,0.16381529,0.19841182
hurricane-matthew_00000110__b0008,hurricane-matthew,2,3,major-damage,destroyed,0.84633535,0.11572011,0.009645724,0.028298832,0.84633535
hurricane-matthew_00000104__b0100,hurricane-matthew,1,3,minor-damage,destroyed,0.5927618,0.042585604,0.19326822,0.17138432,0.5927618
hurricane-matthew_00000329__b0024,hurricane-matthew,2,3,major-damage,destroyed,0.70291704,0.07327938,0.07685724,0.14694628,0.70291704
hurricane-matthew_00000104__b0109,hurricane-matthew,1,1,minor-damage,minor-damage,0.37272856,0.07497129,0.37272856,0.34906548,0.20323467
hurricane-matthew_00000385__b0123,hurricane-matthew,3,3,destroyed,destroyed,0.83711076,0.016094388,0.044883884,0.101911,0.83711076
hurricane-matthew_00000260__b0016,hurricane-matthew,3,3,destroyed,destroyed,0.70903844,0.126804,0.03999207,0.124165446,0.70903844
hurricane-matthew_00000152__b0115,hurricane-matthew,2,3,major-damage,destroyed,0.46726757,0.031014945,0.17471294,0.3270045,0.46726757
hurricane-matthew_00000044__b0115,hurricane-matthew,2,1,major-damage,minor-damage,0.48155063,0.198425,0.48155063,0.21282531,0.10719908
hurricane-matthew_00000385__b0116,hurricane-matthew,3,3,destroyed,destroyed,0.99947673,1.6581926e-05,8.892666e-05,0.00041779512,0.99947673
hurricane-matthew_00000104__b0012,hurricane-matthew,1,3,minor-damage,destroyed,0.77700424,0.036977597,0.07290422,0.113113925,0.77700424
hurricane-matthew_00000385__b0027,hurricane-matthew,3,3,destroyed,destroyed,0.999383,3.368014e-05,0.00016599444,0.0004173106,0.999383
hurricane-matthew_00000104__b0287,hurricane-matthew,1,3,minor-damage,destroyed,0.55991817,0.16126662,0.083744384,0.19507076,0.55991817
hurricane-matthew_00000302__b0026,hurricane-matthew,2,2,major-damage,major-damage,0.6260432,0.118219726,0.08915236,0.6260432,0.1665848
hurricane-matthew_00000104__b0210,hurricane-matthew,1,1,minor-damage,minor-damage,0.40319902,0.11400969,0.40319902,0.22674288,0.25604844
hurricane-matthew_00000104__b0073,hurricane-matthew,1,1,minor-damage,minor-damage,0.3504873,0.27926654,0.3504873,0.2752301,0.09501602
hurricane-matthew_00000385__b0021,hurricane-matthew,3,3,destroyed,destroyed,0.9701357,0.00076260004,0.0043781935,0.024723481,0.9701357
hurricane-matthew_00000385__b0114,hurricane-matthew,3,3,destroyed,destroyed,0.9988141,2.1312651e-05,0.00018602662,0.0009786559,0.9988141
hurricane-matthew_00000075__b0115,hurricane-matthew,2,0,major-damage,no-damage,0.77894723,0.77894723,0.053054918,0.06681597,0.10118191
hurricane-matthew_00000065__b0064,hurricane-matthew,2,0,major-damage,no-damage,0.7703148,0.7703148,0.07751079,0.053891152,0.098283246
hurricane-matthew_00000044__b0239,hurricane-matthew,0,0,no-damage,no-damage,0.76022077,0.76022077,0.12016212,0.059115503,0.060501635
hurricane-matthew_00000104__b0252,hurricane-matthew,2,3,major-damage,destroyed,0.6441949,0.033104684,0.043672252,0.27902818,0.6441949
hurricane-matthew_00000104__b0026,hurricane-matthew,1,2,minor-damage,major-damage,0.60047925,0.15716112,0.12994216,0.60047925,0.11241746
hurricane-matthew_00000385__b0120,hurricane-matthew,2,3,major-damage,destroyed,0.9924671,0.00052082207,0.0025895704,0.0044225096,0.9924671
hurricane-matthew_00000044__b0247,hurricane-matthew,0,0,no-damage,no-damage,0.32279268,0.32279268,0.24453841,0.15365043,0.27901855
hurricane-matthew_00000400__b0068,hurricane-matthew,3,3,destroyed,destroyed,0.9287586,0.0068459013,0.015344171,0.049051333,0.9287586
hurricane-matthew_00000104__b0203,hurricane-matthew,1,2,minor-damage,major-damage,0.474569,0.07035401,0.0828575,0.474569,0.37221947
hurricane-matthew_00000385__b0037,hurricane-matthew,3,3,destroyed,destroyed,0.9977276,6.492479e-05,0.00044604266,0.0017614783,0.9977276
hurricane-matthew_00000104__b0061,hurricane-matthew,1,3,minor-damage,destroyed,0.7641128,0.024455782,0.06411043,0.14732108,0.7641128
hurricane-matthew_00000089__b0253,hurricane-matthew,0,1,no-damage,minor-damage,0.50018454,0.2523738,0.50018454,0.1938005,0.053641155
hurricane-matthew_00000302__b0035,hurricane-matthew,0,3,no-damage,destroyed,0.83634984,0.0075177755,0.0144267725,0.14170562,0.83634984
hurricane-matthew_00000385__b0098,hurricane-matthew,3,3,destroyed,destroyed,0.96224034,0.0011545611,0.0058516366,0.030753478,0.96224034
hurricane-matthew_00000385__b0071,hurricane-matthew,3,3,destroyed,destroyed,0.9986065,8.838248e-05,0.00035470384,0.00095043593,0.9986065
hurricane-matthew_00000044__b0030,hurricane-matthew,0,0,no-damage,no-damage,0.5723662,0.5723662,0.15210876,0.115820915,0.15970415
hurricane-matthew_00000281__b0007,hurricane-matthew,3,3,destroyed,destroyed,0.77938676,0.08564116,0.038873043,0.09609903,0.77938676
hurricane-matthew_00000104__b0219,hurricane-matthew,1,3,minor-damage,destroyed,0.44499415,0.2039801,0.086117655,0.26490816,0.44499415
hurricane-matthew_00000400__b0043,hurricane-matthew,3,3,destroyed,destroyed,0.9257085,0.00894336,0.021441447,0.043906745,0.9257085
hurricane-matthew_00000104__b0043,hurricane-matthew,2,3,major-damage,destroyed,0.86077917,0.0034147403,0.011891736,0.12391437,0.86077917
hurricane-matthew_00000044__b0211,hurricane-matthew,0,0,no-damage,no-damage,0.41954342,0.41954342,0.29117694,0.12015646,0.16912322
hurricane-matthew_00000260__b0032,hurricane-matthew,2,3,major-damage,destroyed,0.67196923,0.12849484,0.052474547,0.14706138,0.67196923
hurricane-matthew_00000104__b0095,hurricane-matthew,1,0,minor-damage,no-damage,0.45194447,0.45194447,0.084725626,0.20344381,0.25988615
hurricane-matthew_00000302__b0054,hurricane-matthew,0,3,no-damage,destroyed,0.4318894,0.06746359,0.10624171,0.39440525,0.4318894
hurricane-matthew_00000104__b0291,hurricane-matthew,3,2,destroyed,major-damage,0.5239734,0.16546318,0.053611472,0.5239734,0.25695196
hurricane-matthew_00000104__b0184,hurricane-matthew,1,3,minor-damage,destroyed,0.89342237,0.006558334,0.013799069,0.08622021,0.89342237
hurricane-matthew_00000385__b0006,hurricane-matthew,2,3,major-damage,destroyed,0.83355486,0.10078467,0.023741467,0.04191895,0.83355486
hurricane-matthew_00000385__b0097,hurricane-matthew,2,3,major-damage,destroyed,0.8585268,0.011676492,0.03508635,0.09471037,0.8585268
hurricane-matthew_00000260__b0005,hurricane-matthew,3,3,destroyed,destroyed,0.78711486,0.02778744,0.0746282,0.110469446,0.78711486
hurricane-matthew_00000065__b0051,hurricane-matthew,2,3,major-damage,destroyed,0.38718438,0.041694157,0.22661372,0.34450772,0.38718438
hurricane-matthew_00000260__b0007,hurricane-matthew,3,3,destroyed,destroyed,0.8234873,0.059848353,0.043302417,0.07336196,0.8234873
hurricane-matthew_00000385__b0001,hurricane-matthew,3,3,destroyed,destroyed,0.99648297,0.00026769366,0.0011086127,0.0021406466,0.99648297
hurricane-matthew_00000044__b0042,hurricane-matthew,0,1,no-damage,minor-damage,0.5752121,0.08435097,0.5752121,0.28190932,0.058527652
hurricane-matthew_00000104__b0070,hurricane-matthew,1,3,minor-damage,destroyed,0.6466895,0.02263552,0.1053733,0.22530174,0.6466895
hurricane-matthew_00000044__b0134,hurricane-matthew,0,3,no-damage,destroyed,0.47205716,0.14795488,0.24790432,0.13208362,0.47205716
hurricane-matthew_00000104__b0238,hurricane-matthew,1,3,minor-damage,destroyed,0.48611385,0.10640356,0.2604987,0.14698385,0.48611385
hurricane-matthew_00000104__b0092,hurricane-matthew,1,2,minor-damage,major-damage,0.64091086,0.1080844,0.11692745,0.64091086,0.13407727
hurricane-matthew_00000075__b0102,hurricane-matthew,0,0,no-damage,no-damage,0.9143609,0.9143609,0.045716245,0.025926452,0.01399646
hurricane-matthew_00000044__b0038,hurricane-matthew,2,1,major-damage,minor-damage,0.44463885,0.4062259,0.44463885,0.094336376,0.05479893
hurricane-matthew_00000376__b0010,hurricane-matthew,2,3,major-damage,destroyed,0.99724424,3.6128746e-05,0.00023077465,0.0024889212,0.99724424
hurricane-matthew_00000302__b0132,hurricane-matthew,0,3,no-damage,destroyed,0.9159943,0.0044525815,0.010922369,0.06863078,0.9159943
hurricane-matthew_00000385__b0078,hurricane-matthew,3,3,destroyed,destroyed,0.9789281,0.0020203153,0.0073283575,0.01172322,0.9789281
hurricane-matthew_00000035__b0067,hurricane-matthew,0,0,no-damage,no-damage,0.76395667,0.76395667,0.11877939,0.0714025,0.045861512
hurricane-matthew_00000350__b0000,hurricane-matthew,0,3,no-damage,destroyed,0.53138983,0.1038834,0.101750344,0.26297644,0.53138983
hurricane-matthew_00000385__b0069,hurricane-matthew,3,3,destroyed,destroyed,0.98664075,0.00030212718,0.001881772,0.011175356,0.98664075
hurricane-matthew_00000302__b0083,hurricane-matthew,0,3,no-damage,destroyed,0.6786654,0.09508614,0.05310436,0.17314404,0.6786654
hurricane-matthew_00000400__b0057,hurricane-matthew,2,3,major-damage,destroyed,0.9742332,0.0004190402,0.002886168,0.022461595,0.9742332
hurricane-matthew_00000044__b0011,hurricane-matthew,0,0,no-damage,no-damage,0.41585052,0.41585052,0.1858566,0.07402603,0.32426688
hurricane-matthew_00000035__b0003,hurricane-matthew,0,0,no-damage,no-damage,0.515654,0.515654,0.07364022,0.31923816,0.091467604
hurricane-matthew_00000104__b0075,hurricane-matthew,1,3,minor-damage,destroyed,0.38172576,0.19541064,0.17328133,0.24958222,0.38172576
hurricane-matthew_00000260__b0025,hurricane-matthew,0,0,no-damage,no-damage,0.8199779,0.8199779,0.028513707,0.10715839,0.044350058
hurricane-matthew_00000035__b0041,hurricane-matthew,0,1,no-damage,minor-damage,0.44719875,0.33848035,0.44719875,0.16218074,0.05214006
hurricane-matthew_00000104__b0096,hurricane-matthew,1,2,minor-damage,major-damage,0.41467375,0.25698575,0.12317093,0.41467375,0.20516957
hurricane-matthew_00000400__b0026,hurricane-matthew,3,3,destroyed,destroyed,0.89269096,0.011647994,0.039360043,0.05630096,0.89269096
hurricane-matthew_00000400__b0003,hurricane-matthew,3,3,destroyed,destroyed,0.5663631,0.1561114,0.14004722,0.13747823,0.5663631
hurricane-matthew_00000104__b0051,hurricane-matthew,1,1,minor-damage,minor-damage,0.35750946,0.13942687,0.35750946,0.25059575,0.25246796
hurricane-matthew_00000104__b0195,hurricane-matthew,1,3,minor-damage,destroyed,0.8102398,0.038189776,0.07251813,0.07905229,0.8102398
hurricane-matthew_00000104__b0120,hurricane-matthew,1,3,minor-damage,destroyed,0.42994082,0.03827986,0.12977341,0.40200597,0.42994082
hurricane-matthew_00000044__b0088,hurricane-matthew,0,0,no-damage,no-damage,0.77617884,0.77617884,0.03774039,0.058522232,0.12755853
hurricane-matthew_00000104__b0134,hurricane-matthew,2,2,major-damage,major-damage,0.42837828,0.11753012,0.27009845,0.42837828,0.1839931
hurricane-matthew_00000065__b0100,hurricane-matthew,3,2,destroyed,major-damage,0.41969532,0.1805168,0.27990416,0.41969532,0.1198838
hurricane-matthew_00000044__b0230,hurricane-matthew,0,1,no-damage,minor-damage,0.560188,0.21906373,0.560188,0.17201781,0.04873049
hurricane-matthew_00000104__b0062,hurricane-matthew,1,2,minor-damage,major-damage,0.41867456,0.038961146,0.13749328,0.41867456,0.40487096
hurricane-matthew_00000302__b0092,hurricane-matthew,0,3,no-damage,destroyed,0.49986282,0.08566018,0.16953602,0.24494095,0.49986282
hurricane-matthew_00000104__b0122,hurricane-matthew,1,3,minor-damage,destroyed,0.6936605,0.019044695,0.059815977,0.22747883,0.6936605
hurricane-matthew_00000400__b0027,hurricane-matthew,2,3,major-damage,destroyed,0.69587344,0.17112455,0.043152433,0.0898496,0.69587344
hurricane-matthew_00000044__b0118,hurricane-matthew,0,3,no-damage,destroyed,0.8883167,0.04619631,0.0215595,0.04392751,0.8883167
hurricane-matthew_00000400__b0008,hurricane-matthew,3,3,destroyed,destroyed,0.99410903,0.00021736187,0.0010524273,0.00462122,0.99410903
hurricane-matthew_00000400__b0063,hurricane-matthew,3,3,destroyed,destroyed,0.758192,0.094859056,0.0586224,0.08832656,0.758192
hurricane-matthew_00000104__b0274,hurricane-matthew,2,3,major-damage,destroyed,0.82491463,0.012610299,0.023861377,0.13861363,0.82491463
hurricane-matthew_00000044__b0139,hurricane-matthew,0,3,no-damage,destroyed,0.50295895,0.16055557,0.15751666,0.17896879,0.50295895
hurricane-matthew_00000104__b0295,hurricane-matthew,1,3,minor-damage,destroyed,0.9277171,0.008836952,0.0121612325,0.051284768,0.9277171
hurricane-matthew_00000044__b0196,hurricane-matthew,2,1,major-damage,minor-damage,0.4940313,0.0750608,0.4940313,0.31205025,0.11885766
hurricane-matthew_00000104__b0298,hurricane-matthew,2,2,major-damage,major-damage,0.440188,0.11860134,0.09071255,0.440188,0.35049814
hurricane-matthew_00000104__b0068,hurricane-matthew,1,3,minor-damage,destroyed,0.5585769,0.08871267,0.08874302,0.26396737,0.5585769
hurricane-matthew_00000044__b0138,hurricane-matthew,0,0,no-damage,no-damage,0.4339948,0.4339948,0.15060657,0.32107237,0.09432628
hurricane-matthew_00000035__b0039,hurricane-matthew,0,0,no-damage,no-damage,0.814797,0.814797,0.049990866,0.0700951,0.06511709
hurricane-matthew_00000065__b0021,hurricane-matthew,2,2,major-damage,major-damage,0.34319016,0.24400522,0.22907312,0.34319016,0.1837315
hurricane-matthew_00000104__b0150,hurricane-matthew,1,2,minor-damage,major-damage,0.4555911,0.025609227,0.17209877,0.4555911,0.34670082
hurricane-matthew_00000065__b0156,hurricane-matthew,2,3,major-damage,destroyed,0.4237587,0.09249703,0.22073539,0.26300898,0.4237587
hurricane-matthew_00000302__b0117,hurricane-matthew,0,3,no-damage,destroyed,0.6185559,0.022458544,0.04585663,0.31312886,0.6185559
hurricane-matthew_00000104__b0169,hurricane-matthew,1,3,minor-damage,destroyed,0.6173632,0.040879246,0.0632409,0.27851662,0.6173632
hurricane-matthew_00000104__b0175,hurricane-matthew,1,3,minor-damage,destroyed,0.7278125,0.019751115,0.047733545,0.20470282,0.7278125
hurricane-matthew_00000075__b0135,hurricane-matthew,0,0,no-damage,no-damage,0.80299777,0.80299777,0.03660203,0.06866251,0.09173767
hurricane-matthew_00000104__b0045,hurricane-matthew,1,3,minor-damage,destroyed,0.5709486,0.121453986,0.06353457,0.24406284,0.5709486
hurricane-matthew_00000104__b0300,hurricane-matthew,1,2,minor-damage,major-damage,0.31760043,0.21881557,0.2728965,0.31760043,0.19068749
hurricane-matthew_00000104__b0283,hurricane-matthew,2,3,major-damage,destroyed,0.95608777,0.0052031334,0.010771791,0.027937362,0.95608777
hurricane-matthew_00000385__b0003,hurricane-matthew,3,3,destroyed,destroyed,0.9821769,0.00029694976,0.0019060943,0.015620031,0.9821769
hurricane-matthew_00000044__b0080,hurricane-matthew,0,0,no-damage,no-damage,0.31756723,0.31756723,0.24768509,0.124301575,0.31044614
hurricane-matthew_00000302__b0114,hurricane-matthew,0,3,no-damage,destroyed,0.81036395,0.012741376,0.028600888,0.14829373,0.81036395
hurricane-matthew_00000104__b0257,hurricane-matthew,1,2,minor-damage,major-damage,0.5477374,0.070591055,0.115067035,0.5477374,0.26660454
hurricane-matthew_00000104__b0099,hurricane-matthew,1,0,minor-damage,no-damage,0.29883263,0.29883263,0.24094896,0.29172733,0.16849107
hurricane-matthew_00000145__b0018,hurricane-matthew,2,2,major-damage,major-damage,0.39374793,0.028513024,0.2862398,0.39374793,0.2914993
hurricane-matthew_00000104__b0019,hurricane-matthew,1,2,minor-damage,major-damage,0.26698816,0.2622342,0.24354345,0.26698816,0.22723414
hurricane-matthew_00000104__b0229,hurricane-matthew,2,2,major-damage,major-damage,0.47699422,0.050882205,0.23326519,0.47699422,0.23885846
hurricane-matthew_00000145__b0027,hurricane-matthew,2,0,major-damage,no-damage,0.8239297,0.8239297,0.004697458,0.01892212,0.15245073
hurricane-matthew_00000104__b0218,hurricane-matthew,1,2,minor-damage,major-damage,0.6340018,0.09111858,0.17864983,0.6340018,0.096229784
hurricane-matthew_00000385__b0023,hurricane-matthew,3,3,destroyed,destroyed,0.9408083,0.015943035,0.008775002,0.034473658,0.9408083
hurricane-matthew_00000400__b0046,hurricane-matthew,2,3,major-damage,destroyed,0.9874637,0.0052540237,0.0029809847,0.004301189,0.9874637
hurricane-matthew_00000281__b0006,hurricane-matthew,3,3,destroyed,destroyed,0.96130806,0.020550268,0.008573656,0.009567994,0.96130806
hurricane-matthew_00000065__b0089,hurricane-matthew,3,1,destroyed,minor-damage,0.3304834,0.25701752,0.3304834,0.23591077,0.17658824
hurricane-matthew_00000104__b0217,hurricane-matthew,1,2,minor-damage,major-damage,0.5489977,0.028743744,0.0636894,0.5489977,0.35856923
hurricane-matthew_00000302__b0021,hurricane-matthew,0,3,no-damage,destroyed,0.97309995,0.00071733724,0.0030276868,0.023155008,0.97309995
hurricane-matthew_00000104__b0214,hurricane-matthew,1,2,minor-damage,major-damage,0.46885347,0.06812722,0.2868732,0.46885347,0.17614618
hurricane-matthew_00000104__b0196,hurricane-matthew,1,1,minor-damage,minor-damage,0.4051511,0.04813964,0.4051511,0.3273818,0.21932743
hurricane-matthew_00000075__b0071,hurricane-matthew,2,0,major-damage,no-damage,0.6755765,0.6755765,0.04585875,0.07045058,0.20811413
hurricane-matthew_00000400__b0028,hurricane-matthew,3,3,destroyed,destroyed,0.9815856,0.0043152217,0.005712459,0.008386611,0.9815856
hurricane-matthew_00000104__b0139,hurricane-matthew,2,2,major-damage,major-damage,0.6553705,0.12491219,0.0935488,0.6553705,0.12616858
hurricane-matthew_00000044__b0010,hurricane-matthew,0,0,no-damage,no-damage,0.5883258,0.5883258,0.27958205,0.08197913,0.050113037
hurricane-matthew_00000044__b0260,hurricane-matthew,0,3,no-damage,destroyed,0.30657533,0.16456975,0.25333473,0.2755202,0.30657533
hurricane-matthew_00000400__b0055,hurricane-matthew,3,3,destroyed,destroyed,0.54283977,0.14423808,0.05145944,0.26146272,0.54283977
hurricane-matthew_00000376__b0017,hurricane-matthew,2,3,major-damage,destroyed,0.9786372,0.0007014732,0.003419074,0.01724225,0.9786372
hurricane-matthew_00000075__b0080,hurricane-matthew,2,0,major-damage,no-damage,0.66299134,0.66299134,0.09939039,0.095890425,0.14172783
hurricane-matthew_00000206__b0000,hurricane-matthew,2,3,major-damage,destroyed,0.9545595,0.0024944847,0.008704975,0.034240995,0.9545595
hurricane-matthew_00000104__b0192,hurricane-matthew,1,3,minor-damage,destroyed,0.6232911,0.05028467,0.13982885,0.18659544,0.6232911
hurricane-matthew_00000044__b0187,hurricane-matthew,0,3,no-damage,destroyed,0.44338986,0.123570904,0.19372934,0.23930986,0.44338986
hurricane-matthew_00000044__b0121,hurricane-matthew,0,0,no-damage,no-damage,0.4875958,0.4875958,0.2756436,0.0899757,0.14678484
hurricane-matthew_00000104__b0191,hurricane-matthew,1,2,minor-damage,major-damage,0.6127737,0.05037838,0.13793057,0.6127737,0.19891736
hurricane-matthew_00000044__b0248,hurricane-matthew,0,1,no-damage,minor-damage,0.43010148,0.4267727,0.43010148,0.09068986,0.05243595
hurricane-matthew_00000104__b0108,hurricane-matthew,1,0,minor-damage,no-damage,0.53894275,0.53894275,0.06596055,0.19530976,0.19978696
hurricane-matthew_00000104__b0174,hurricane-matthew,1,3,minor-damage,destroyed,0.7087754,0.013074392,0.038312986,0.23983714,0.7087754
hurricane-matthew_00000206__b0002,hurricane-matthew,3,3,destroyed,destroyed,0.97417825,0.0012013392,0.0037540116,0.0208664,0.97417825
hurricane-matthew_00000104__b0317,hurricane-matthew,2,3,major-damage,destroyed,0.7426765,0.016086353,0.047020473,0.19421671,0.7426765
hurricane-matthew_00000104__b0166,hurricane-matthew,1,1,minor-damage,minor-damage,0.32764503,0.228119,0.32764503,0.26594642,0.1782896
hurricane-matthew_00000044__b0048,hurricane-matthew,0,0,no-damage,no-damage,0.84233385,0.84233385,0.03786846,0.04386605,0.07593164
hurricane-matthew_00000104__b0103,hurricane-matthew,1,3,minor-damage,destroyed,0.38418758,0.062219895,0.22046852,0.33312398,0.38418758
hurricane-matthew_00000089__b0347,hurricane-matthew,0,0,no-damage,no-damage,0.5131955,0.5131955,0.22615507,0.10364581,0.15700357
hurricane-matthew_00000044__b0208,hurricane-matthew,0,0,no-damage,no-damage,0.79475373,0.79475373,0.04040784,0.071408205,0.09343029
hurricane-matthew_00000044__b0000,hurricane-matthew,2,1,major-damage,minor-damage,0.6163738,0.035230637,0.6163738,0.3147972,0.033598416
hurricane-matthew_00000044__b0097,hurricane-matthew,2,1,major-damage,minor-damage,0.30639902,0.22469667,0.30639902,0.26284647,0.20605785
hurricane-matthew_00000260__b0052,hurricane-matthew,2,3,major-damage,destroyed,0.83315855,0.04565462,0.075649805,0.045536987,0.83315855
hurricane-matthew_00000104__b0152,hurricane-matthew,1,2,minor-damage,major-damage,0.48747945,0.061985236,0.23950787,0.48747945,0.2110274
hurricane-matthew_00000104__b0031,hurricane-matthew,1,1,minor-damage,minor-damage,0.3483227,0.14969413,0.3483227,0.3100244,0.19195876
hurricane-matthew_00000104__b0309,hurricane-matthew,1,1,minor-damage,minor-damage,0.53878963,0.08792796,0.53878963,0.27981368,0.09346871
hurricane-matthew_00000065__b0067,hurricane-matthew,2,3,major-damage,destroyed,0.49444187,0.1278834,0.20114176,0.17653292,0.49444187
hurricane-matthew_00000302__b0010,hurricane-matthew,0,3,no-damage,destroyed,0.92175514,0.0035057554,0.008234464,0.06650465,0.92175514
hurricane-matthew_00000385__b0109,hurricane-matthew,3,3,destroyed,destroyed,0.9985721,4.3482083e-05,0.00030490893,0.0010795877,0.9985721
hurricane-matthew_00000104__b0205,hurricane-matthew,1,3,minor-damage,destroyed,0.83157766,0.123564124,0.010466755,0.03439143,0.83157766
hurricane-matthew_00000104__b0305,hurricane-matthew,1,2,minor-damage,major-damage,0.5958555,0.0876094,0.22635412,0.5958555,0.09018102
hurricane-matthew_00000035__b0024,hurricane-matthew,0,0,no-damage,no-damage,0.4163225,0.4163225,0.20696875,0.23801377,0.13869491
hurricane-matthew_00000385__b0044,hurricane-matthew,3,3,destroyed,destroyed,0.998872,7.6431184e-05,0.00033916748,0.0007124113,0.998872
hurricane-matthew_00000104__b0211,hurricane-matthew,1,3,minor-damage,destroyed,0.57203096,0.09003262,0.097224616,0.24071178,0.57203096
hurricane-matthew_00000302__b0081,hurricane-matthew,0,0,no-damage,no-damage,0.3372691,0.3372691,0.21291515,0.27672836,0.17308742
hurricane-matthew_00000400__b0025,hurricane-matthew,3,3,destroyed,destroyed,0.97405845,0.0014729156,0.0061078267,0.0183608,0.97405845
hurricane-matthew_00000104__b0180,hurricane-matthew,1,3,minor-damage,destroyed,0.56402695,0.31150812,0.059376016,0.06508891,0.56402695
hurricane-matthew_00000044__b0076,hurricane-matthew,0,3,no-damage,destroyed,0.5897502,0.09950119,0.12919731,0.18155132,0.5897502
hurricane-matthew_00000104__b0278,hurricane-matthew,1,3,minor-damage,destroyed,0.7881386,0.012063944,0.023022195,0.17677528,0.7881386
hurricane-matthew_00000260__b0017,hurricane-matthew,3,3,destroyed,destroyed,0.75259423,0.19051324,0.020058166,0.036834363,0.75259423
hurricane-matthew_00000044__b0180,hurricane-matthew,0,1,no-damage,minor-damage,0.48557943,0.07942339,0.48557943,0.23488241,0.20011477
hurricane-matthew_00000104__b0289,hurricane-matthew,1,2,minor-damage,major-damage,0.31234667,0.23572618,0.23938608,0.31234667,0.21254109
hurricane-matthew_00000104__b0188,hurricane-matthew,1,2,minor-damage,major-damage,0.5256513,0.011370067,0.056984484,0.5256513,0.4059942
hurricane-matthew_00000145__b0026,hurricane-matthew,2,0,major-damage,no-damage,0.9545995,0.9545995,0.0066528977,0.014984824,0.02376276
hurricane-matthew_00000104__b0270,hurricane-matthew,1,3,minor-damage,destroyed,0.38897845,0.066741414,0.21610105,0.3281791,0.38897845
hurricane-matthew_00000385__b0095,hurricane-matthew,3,3,destroyed,destroyed,0.9509692,0.0022196397,0.007341207,0.039469898,0.9509692
hurricane-matthew_00000104__b0111,hurricane-matthew,2,3,major-damage,destroyed,0.54047215,0.01989147,0.021923436,0.41771296,0.54047215
hurricane-matthew_00000104__b0220,hurricane-matthew,1,2,minor-damage,major-damage,0.70229244,0.103753895,0.089143656,0.70229244,0.10480997
hurricane-matthew_00000104__b0083,hurricane-matthew,1,2,minor-damage,major-damage,0.60533476,0.14258249,0.09448389,0.60533476,0.1575988
hurricane-matthew_00000400__b0011,hurricane-matthew,3,3,destroyed,destroyed,0.9567765,0.00454779,0.0117246,0.026951138,0.9567765
hurricane-matthew_00000166__b0012,hurricane-matthew,0,3,no-damage,destroyed,0.60953045,0.048958022,0.053297043,0.28821442,0.60953045
hurricane-matthew_00000104__b0198,hurricane-matthew,1,3,minor-damage,destroyed,0.7329109,0.01811415,0.0424641,0.2065109,0.7329109
hurricane-matthew_00000065__b0131,hurricane-matthew,2,3,major-damage,destroyed,0.6452294,0.07630336,0.14101414,0.13745306,0.6452294
hurricane-matthew_00000385__b0115,hurricane-matthew,3,3,destroyed,destroyed,0.99590886,0.00019144647,0.0009053189,0.0029943313,0.99590886
hurricane-matthew_00000104__b0113,hurricane-matthew,1,3,minor-damage,destroyed,0.575082,0.069880396,0.14304785,0.21198975,0.575082
hurricane-matthew_00000302__b0108,hurricane-matthew,0,2,no-damage,major-damage,0.6829473,0.037845097,0.036239333,0.6829473,0.24296832
hurricane-matthew_00000302__b0029,hurricane-matthew,2,2,major-damage,major-damage,0.40139553,0.11624639,0.118062265,0.40139553,0.36429578
hurricane-matthew_00000331__b0007,hurricane-matthew,2,3,major-damage,destroyed,0.92556906,0.035272542,0.013831256,0.025327208,0.92556906
hurricane-matthew_00000035__b0036,hurricane-matthew,0,3,no-damage,destroyed,0.34109566,0.3314883,0.10269871,0.22471729,0.34109566
hurricane-matthew_00000400__b0065,hurricane-matthew,3,3,destroyed,destroyed,0.8819017,0.020534543,0.04963846,0.04792529,0.8819017
hurricane-matthew_00000385__b0094,hurricane-matthew,3,3,destroyed,destroyed,0.9977525,0.00011951056,0.00062720274,0.0015008185,0.9977525
hurricane-matthew_00000065__b0136,hurricane-matthew,2,3,major-damage,destroyed,0.489958,0.17499025,0.22053969,0.114512056,0.489958
hurricane-matthew_00000145__b0036,hurricane-matthew,2,1,major-damage,minor-damage,0.42139223,0.27899593,0.42139223,0.14405988,0.15555201
hurricane-matthew_00000075__b0169,hurricane-matthew,2,1,major-damage,minor-damage,0.6069537,0.22019814,0.6069537,0.11500442,0.05784378
hurricane-matthew_00000044__b0195,hurricane-matthew,0,3,no-damage,destroyed,0.72441596,0.1446223,0.0602052,0.0707565,0.72441596
hurricane-matthew_00000376__b0024,hurricane-matthew,2,3,major-damage,destroyed,0.9989015,8.976618e-06,6.3066225e-05,0.0010264452,0.9989015
hurricane-matthew_00000385__b0121,hurricane-matthew,3,3,destroyed,destroyed,0.9926771,0.0012811895,0.0026352096,0.0034064474,0.9926771
hurricane-matthew_00000044__b0202,hurricane-matthew,0,1,no-damage,minor-damage,0.4551974,0.06132673,0.4551974,0.36364672,0.119829126
hurricane-matthew_00000400__b0039,hurricane-matthew,3,3,destroyed,destroyed,0.97129303,0.0022535918,0.0077561503,0.01869728,0.97129303
hurricane-matthew_00000385__b0059,hurricane-matthew,3,3,destroyed,destroyed,0.9499935,0.0039627138,0.014484454,0.031559393,0.9499935
hurricane-matthew_00000302__b0052,hurricane-matthew,0,3,no-damage,destroyed,0.69435346,0.017770573,0.018862585,0.26901335,0.69435346
hurricane-matthew_00000302__b0028,hurricane-matthew,2,3,major-damage,destroyed,0.9618289,0.0016090974,0.00408771,0.032474343,0.9618289
hurricane-matthew_00000075__b0019,hurricane-matthew,2,0,major-damage,no-damage,0.731812,0.731812,0.08311308,0.10030611,0.08476881
hurricane-matthew_00000065__b0037,hurricane-matthew,2,0,major-damage,no-damage,0.84884286,0.84884286,0.0107545825,0.042692002,0.09771055
hurricane-matthew_00000104__b0025,hurricane-matthew,1,3,minor-damage,destroyed,0.8368311,0.004462422,0.03049181,0.12821464,0.8368311
hurricane-matthew_00000145__b0033,hurricane-matthew,2,3,major-damage,destroyed,0.5896481,0.021738783,0.14551227,0.24310078,0.5896481
hurricane-matthew_00000104__b0194,hurricane-matthew,1,3,minor-damage,destroyed,0.6512388,0.022569876,0.11765066,0.20854068,0.6512388
hurricane-matthew_00000075__b0178,hurricane-matthew,0,0,no-damage,no-damage,0.8094336,0.8094336,0.09504974,0.065727614,0.029789008
hurricane-matthew_00000260__b0072,hurricane-matthew,2,3,major-damage,destroyed,0.95778054,0.000893973,0.0038020548,0.037523415,0.95778054
hurricane-matthew_00000104__b0032,hurricane-matthew,2,3,major-damage,destroyed,0.88849443,0.00379784,0.011832167,0.09587557,0.88849443
hurricane-matthew_00000104__b0170,hurricane-matthew,1,1,minor-damage,minor-damage,0.37828127,0.15606171,0.37828127,0.3376711,0.12798588
hurricane-matthew_00000400__b0000,hurricane-matthew,3,3,destroyed,destroyed,0.9784606,0.00090605713,0.0051010163,0.01553233,0.9784606
hurricane-matthew_00000044__b0109,hurricane-matthew,0,1,no-damage,minor-damage,0.5007844,0.1934489,0.5007844,0.24540713,0.060359567
hurricane-matthew_00000385__b0061,hurricane-matthew,3,3,destroyed,destroyed,0.98933184,0.00081189245,0.0035377892,0.0063185454,0.98933184
hurricane-matthew_00000044__b0168,hurricane-matthew,2,2,major-damage,major-damage,0.37506858,0.0934481,0.2908824,0.37506858,0.24060099
hurricane-matthew_00000181__b0010,hurricane-matthew,0,3,no-damage,destroyed,0.92573565,0.029110571,0.0153196575,0.02983414,0.92573565
hurricane-matthew_00000302__b0058,hurricane-matthew,0,3,no-damage,destroyed,0.7875131,0.04042005,0.030987436,0.14107941,0.7875131
hurricane-matthew_00000044__b0167,hurricane-matthew,0,2,no-damage,major-damage,0.2865185,0.17998394,0.27700824,0.2865185,0.25648934
hurricane-matthew_00000065__b0094,hurricane-matthew,2,0,major-damage,no-damage,0.29040426,0.29040426,0.24985243,0.18523267,0.27451062
hurricane-matthew_00000065__b0000,hurricane-matthew,2,3,major-damage,destroyed,0.3956683,0.28720364,0.22746724,0.08966085,0.3956683
hurricane-matthew_00000044__b0130,hurricane-matthew,0,0,no-damage,no-damage,0.46131784,0.46131784,0.100844674,0.14378592,0.2940516
hurricane-matthew_00000044__b0133,hurricane-matthew,0,3,no-damage,destroyed,0.36757287,0.1723874,0.24691781,0.21312188,0.36757287
hurricane-matthew_00000385__b0108,hurricane-matthew,3,3,destroyed,destroyed,0.99919814,2.2701422e-05,0.00016202428,0.0006171275,0.99919814
hurricane-matthew_00000104__b0136,hurricane-matthew,1,3,minor-damage,destroyed,0.6166606,0.0074057793,0.041342538,0.3345911,0.6166606
hurricane-matthew_00000385__b0062,hurricane-matthew,3,3,destroyed,destroyed,0.99881494,5.2414394e-05,0.00027173292,0.00086101535,0.99881494
hurricane-matthew_00000044__b0271,hurricane-matthew,0,3,no-damage,destroyed,0.4042001,0.2780152,0.175568,0.14221673,0.4042001
hurricane-matthew_00000104__b0052,hurricane-matthew,1,3,minor-damage,destroyed,0.8664298,0.010065553,0.031011306,0.09249326,0.8664298
hurricane-matthew_00000206__b0014,hurricane-matthew,3,3,destroyed,destroyed,0.84437746,0.009677285,0.027638925,0.11830626,0.84437746
hurricane-matthew_00000385__b0099,hurricane-matthew,3,3,destroyed,destroyed,0.9993081,1.7698045e-05,8.317772e-05,0.0005910177,0.9993081
hurricane-matthew_00000369__b0007,hurricane-matthew,2,3,major-damage,destroyed,0.54524016,0.07081844,0.08979144,0.29414994,0.54524016
hurricane-matthew_00000302__b0045,hurricane-matthew,2,3,major-damage,destroyed,0.5712111,0.075889885,0.10592907,0.24696994,0.5712111
hurricane-matthew_00000044__b0141,hurricane-matthew,2,1,major-damage,minor-damage,0.5286415,0.040153895,0.5286415,0.3658784,0.065326214
hurricane-matthew_00000302__b0005,hurricane-matthew,0,3,no-damage,destroyed,0.9453195,0.0030061202,0.008162222,0.04351224,0.9453195
hurricane-matthew_00000329__b0027,hurricane-matthew,2,3,major-damage,destroyed,0.6544689,0.10834839,0.11225101,0.12493171,0.6544689
hurricane-matthew_00000104__b0256,hurricane-matthew,2,2,major-damage,major-damage,0.48210895,0.11716759,0.20238633,0.48210895,0.19833712
hurricane-matthew_00000044__b0150,hurricane-matthew,0,1,no-damage,minor-damage,0.4619816,0.080229804,0.4619816,0.35168186,0.106106825
hurricane-matthew_00000385__b0002,hurricane-matthew,3,3,destroyed,destroyed,0.9813359,0.0025148417,0.0063505108,0.00979883,0.9813359
hurricane-matthew_00000376__b0000,hurricane-matthew,2,3,major-damage,destroyed,0.999064,1.1223166e-05,7.355964e-05,0.0008511494,0.999064
hurricane-matthew_00000104__b0024,hurricane-matthew,2,2,major-damage,major-damage,0.4821328,0.14799938,0.20986284,0.4821328,0.160005
hurricane-matthew_00000104__b0112,hurricane-matthew,1,3,minor-damage,destroyed,0.90308803,0.007256488,0.02179467,0.06786079,0.90308803
hurricane-matthew_00000044__b0266,hurricane-matthew,0,1,no-damage,minor-damage,0.5924733,0.30036342,0.5924733,0.076367855,0.030795394
hurricane-matthew_00000104__b0056,hurricane-matthew,2,2,major-damage,major-damage,0.46559778,0.18332058,0.19009526,0.46559778,0.1609864
hurricane-matthew_00000104__b0276,hurricane-matthew,1,0,minor-damage,no-damage,0.47531414,0.47531414,0.14252253,0.1361876,0.24597573
hurricane-matthew_00000065__b0028,hurricane-matthew,2,1,major-damage,minor-damage,0.30816364,0.2588577,0.30816364,0.1833269,0.24965177
hurricane-matthew_00000281__b0001,hurricane-matthew,3,3,destroyed,destroyed,0.87801576,0.049676538,0.033258837,0.03904887,0.87801576
hurricane-matthew_00000260__b0009,hurricane-matthew,3,3,destroyed,destroyed,0.85599387,0.03909567,0.027108328,0.07780222,0.85599387
hurricane-matthew_00000385__b0076,hurricane-matthew,2,3,major-damage,destroyed,0.89943266,0.0037146595,0.019847518,0.07700516,0.89943266
hurricane-matthew_00000104__b0081,hurricane-matthew,1,2,minor-damage,major-damage,0.38783926,0.30343264,0.22699875,0.38783926,0.0817293
hurricane-matthew_00000044__b0079,hurricane-matthew,0,0,no-damage,no-damage,0.7922608,0.7922608,0.091232605,0.05095736,0.06554921
hurricane-matthew_00000400__b0017,hurricane-matthew,3,3,destroyed,destroyed,0.7388634,0.09950072,0.06612669,0.09550921,0.7388634
hurricane-matthew_00000104__b0266,hurricane-matthew,1,3,minor-damage,destroyed,0.34380826,0.29329094,0.07869357,0.28420728,0.34380826
hurricane-matthew_00000260__b0066,hurricane-matthew,2,3,major-damage,destroyed,0.6996646,0.1657568,0.049262233,0.08531643,0.6996646
hurricane-matthew_00000044__b0071,hurricane-matthew,0,0,no-damage,no-damage,0.31027475,0.31027475,0.2678113,0.21120101,0.2107129
hurricane-matthew_00000206__b0012,hurricane-matthew,3,3,destroyed,destroyed,0.77583027,0.052984167,0.07201458,0.099171005,0.77583027
hurricane-matthew_00000104__b0138,hurricane-matthew,1,3,minor-damage,destroyed,0.58966863,0.017768053,0.03322922,0.35933414,0.58966863
hurricane-matthew_00000104__b0299,hurricane-matthew,1,2,minor-damage,major-damage,0.34764653,0.12864438,0.30627817,0.34764653,0.2174309
hurricane-matthew_00000075__b0090,hurricane-matthew,0,0,no-damage,no-damage,0.31313092,0.31313092,0.25027925,0.22386923,0.21272059
hurricane-matthew_00000104__b0058,hurricane-matthew,1,2,minor-damage,major-damage,0.34077823,0.10518632,0.2807758,0.34077823,0.27325967
hurricane-matthew_00000104__b0076,hurricane-matthew,1,1,minor-damage,minor-damage,0.34942156,0.07651539,0.34942156,0.3230043,0.25105876
hurricane-matthew_00000385__b0074,hurricane-matthew,3,3,destroyed,destroyed,0.99627507,0.00011523952,0.0007242216,0.0028855237,0.99627507
hurricane-matthew_00000044__b0124,hurricane-matthew,0,0,no-damage,no-damage,0.4624397,0.4624397,0.06404867,0.05198251,0.42152914
hurricane-matthew_00000376__b0006,hurricane-matthew,3,3,destroyed,destroyed,0.8534045,0.007181666,0.015076871,0.12433695,0.8534045
hurricane-matthew_00000044__b0046,hurricane-matthew,0,0,no-damage,no-damage,0.37176356,0.37176356,0.3038833,0.17769745,0.14665566
hurricane-matthew_00000044__b0263,hurricane-matthew,0,3,no-damage,destroyed,0.41962847,0.3032845,0.116995834,0.1600912,0.41962847
hurricane-matthew_00000145__b0004,hurricane-matthew,2,0,major-damage,no-damage,0.9840284,0.9840284,0.0011289404,0.004207459,0.010635085
hurricane-matthew_00000385__b0029,hurricane-matthew,2,3,major-damage,destroyed,0.9977597,0.00014485522,0.000572914,0.0015224809,0.9977597
hurricane-matthew_00000302__b0008,hurricane-matthew,0,3,no-damage,destroyed,0.91189235,0.00452182,0.010590915,0.072994985,0.91189235
hurricane-matthew_00000065__b0031,hurricane-matthew,2,0,major-damage,no-damage,0.8674354,0.8674354,0.016803741,0.0450316,0.07072925
hurricane-matthew_00000104__b0006,hurricane-matthew,2,2,major-damage,major-damage,0.63675314,0.01890171,0.08562001,0.63675314,0.2587251
hurricane-matthew_00000376__b0016,hurricane-matthew,3,3,destroyed,destroyed,0.98488116,0.00064983126,0.002939109,0.0115298,0.98488116
hurricane-matthew_00000075__b0051,hurricane-matthew,0,0,no-damage,no-damage,0.5508367,0.5508367,0.1873253,0.16354604,0.09829194
hurricane-matthew_00000044__b0160,hurricane-matthew,0,1,no-damage,minor-damage,0.33722776,0.08557601,0.33722776,0.24507612,0.33212012
hurricane-matthew_00000206__b0017,hurricane-matthew,3,3,destroyed,destroyed,0.8683436,0.0226802,0.05062167,0.058354564,0.8683436
hurricane-matthew_00000190__b0001,hurricane-matthew,3,3,destroyed,destroyed,0.4611576,0.14459889,0.09770479,0.2965388,0.4611576
hurricane-matthew_00000302__b0030,hurricane-matthew,2,3,major-damage,destroyed,0.5303829,0.024242379,0.049704384,0.39567035,0.5303829
hurricane-matthew_00000104__b0222,hurricane-matthew,1,3,minor-damage,destroyed,0.62305284,0.063011214,0.17372046,0.14021553,0.62305284
hurricane-matthew_00000104__b0048,hurricane-matthew,1,2,minor-damage,major-damage,0.5676006,0.09683653,0.066154405,0.5676006,0.26940846
hurricane-matthew_00000400__b0033,hurricane-matthew,3,3,destroyed,destroyed,0.8576852,0.026073357,0.0487921,0.067449324,0.8576852
hurricane-matthew_00000089__b0222,hurricane-matthew,0,1,no-damage,minor-damage,0.58759934,0.0787511,0.58759934,0.24351667,0.09013296
hurricane-matthew_00000044__b0222,hurricane-matthew,0,0,no-damage,no-damage,0.8385601,0.8385601,0.033055678,0.043239288,0.08514495
hurricane-matthew_00000104__b0267,hurricane-matthew,1,2,minor-damage,major-damage,0.5193543,0.022696806,0.13801457,0.5193543,0.31993428
hurricane-matthew_00000044__b0259,hurricane-matthew,0,1,no-damage,minor-damage,0.52464616,0.2040452,0.52464616,0.15873496,0.11257375
hurricane-matthew_00000104__b0209,hurricane-matthew,1,3,minor-damage,destroyed,0.6009684,0.008235132,0.06681212,0.32398432,0.6009684
hurricane-matthew_00000035__b0009,hurricane-matthew,0,1,no-damage,minor-damage,0.39567122,0.33083922,0.39567122,0.17593533,0.09755422
hurricane-matthew_00000376__b0027,hurricane-matthew,3,3,destroyed,destroyed,0.9981567,9.482129e-06,7.775654e-05,0.00175609,0.9981567
hurricane-matthew_00000145__b0017,hurricane-matthew,2,0,major-damage,no-damage,0.2832145,0.2832145,0.24611974,0.19955628,0.2711095
hurricane-matthew_00000260__b0012,hurricane-matthew,2,3,major-damage,destroyed,0.64599204,0.064864375,0.07145902,0.2176845,0.64599204
hurricane-matthew_00000385__b0117,hurricane-matthew,3,3,destroyed,destroyed,0.9923384,0.00040535134,0.0014490491,0.0058072153,0.9923384
hurricane-matthew_00000285__b0004,hurricane-matthew,2,3,major-damage,destroyed,0.8155651,0.045314766,0.02745383,0.1116663,0.8155651
hurricane-matthew_00000376__b0007,hurricane-matthew,3,3,destroyed,destroyed,0.99711156,6.753785e-05,0.000493142,0.002327685,0.99711156
hurricane-matthew_00000104__b0173,hurricane-matthew,1,2,minor-damage,major-damage,0.45915142,0.07321657,0.18734334,0.45915142,0.2802886
hurricane-matthew_00000369__b0015,hurricane-matthew,2,3,major-damage,destroyed,0.92755294,0.016848007,0.017234934,0.038364112,0.92755294
hurricane-matthew_00000260__b0006,hurricane-matthew,3,3,destroyed,destroyed,0.8348387,0.05177594,0.032194894,0.08119047,0.8348387
hurricane-matthew_00000104__b0000,hurricane-matthew,1,0,minor-damage,no-damage,0.45132715,0.45132715,0.06289135,0.13600725,0.34977427
hurricane-matthew_00000044__b0049,hurricane-matthew,0,1,no-damage,minor-damage,0.48939916,0.055841696,0.48939916,0.3829627,0.07179647
hurricane-matthew_00000044__b0220,hurricane-matthew,0,3,no-damage,destroyed,0.3105002,0.22194731,0.19128309,0.2762694,0.3105002
hurricane-matthew_00000400__b0014,hurricane-matthew,2,3,major-damage,destroyed,0.95238423,0.013660377,0.008850927,0.025104512,0.95238423
hurricane-matthew_00000385__b0051,hurricane-matthew,3,3,destroyed,destroyed,0.8504757,0.009660414,0.038128983,0.101734824,0.8504757
hurricane-matthew_00000104__b0193,hurricane-matthew,1,2,minor-damage,major-damage,0.43256328,0.11104142,0.14715287,0.43256328,0.3092424
hurricane-matthew_00000400__b0038,hurricane-matthew,3,3,destroyed,destroyed,0.9939673,0.00029823522,0.0013355649,0.0043988694,0.9939673
hurricane-matthew_00000385__b0052,hurricane-matthew,3,3,destroyed,destroyed,0.96799123,0.002839109,0.0094871335,0.019682651,0.96799123
hurricane-matthew_00000035__b0019,hurricane-matthew,0,0,no-damage,no-damage,0.54083395,0.54083395,0.05558712,0.057003833,0.3465751
hurricane-matthew_00000104__b0131,hurricane-matthew,2,2,major-damage,major-damage,0.60022706,0.017006407,0.0972768,0.60022706,0.28548974
hurricane-matthew_00000104__b0178,hurricane-matthew,2,2,major-damage,major-damage,0.6044212,0.11774826,0.10092722,0.6044212,0.17690329
hurricane-matthew_00000044__b0129,hurricane-matthew,0,3,no-damage,destroyed,0.69684124,0.018041598,0.07335881,0.21175832,0.69684124
hurricane-matthew_00000385__b0036,hurricane-matthew,3,3,destroyed,destroyed,0.9175271,0.024282029,0.033188816,0.025002081,0.9175271
hurricane-matthew_00000104__b0067,hurricane-matthew,1,1,minor-damage,minor-damage,0.43750036,0.07328264,0.43750036,0.38040334,0.10881372
hurricane-matthew_00000044__b0204,hurricane-matthew,0,0,no-damage,no-damage,0.84157294,0.84157294,0.036498595,0.03851135,0.08341717
hurricane-matthew_00000329__b0002,hurricane-matthew,2,3,major-damage,destroyed,0.6214641,0.06990611,0.13518529,0.17344451,0.6214641
hurricane-matthew_00000385__b0024,hurricane-matthew,3,3,destroyed,destroyed,0.86009485,0.018802669,0.050106272,0.07099624,0.86009485
hurricane-matthew_00000260__b0014,hurricane-matthew,3,3,destroyed,destroyed,0.42305562,0.39430732,0.044184946,0.13845217,0.42305562
hurricane-matthew_00000044__b0128,hurricane-matthew,2,1,major-damage,minor-damage,0.4463662,0.117859416,0.4463662,0.24590866,0.18986563
hurricane-matthew_00000166__b0015,hurricane-matthew,3,3,destroyed,destroyed,0.8911419,0.021435453,0.028392976,0.059029713,0.8911419
hurricane-matthew_00000104__b0082,hurricane-matthew,1,0,minor-damage,no-damage,0.3293696,0.3293696,0.110950716,0.32742852,0.23225114
hurricane-matthew_00000302__b0043,hurricane-matthew,0,3,no-damage,destroyed,0.9574847,0.002249246,0.006952585,0.033313446,0.9574847
hurricane-matthew_00000104__b0141,hurricane-matthew,1,3,minor-damage,destroyed,0.83392,0.022274816,0.05041742,0.09338775,0.83392
hurricane-matthew_00000044__b0200,hurricane-matthew,2,1,major-damage,minor-damage,0.3854832,0.24634728,0.3854832,0.22957508,0.13859442
hurricane-matthew_00000044__b0185,hurricane-matthew,0,1,no-damage,minor-damage,0.33326033,0.16280921,0.33326033,0.24926649,0.254664
hurricane-matthew_00000400__b0010,hurricane-matthew,3,3,destroyed,destroyed,0.954865,0.0025075336,0.014891277,0.027736189,0.954865
hurricane-matthew_00000044__b0154,hurricane-matthew,0,1,no-damage,minor-damage,0.38973442,0.27628666,0.38973442,0.1938702,0.14010872
hurricane-matthew_00000044__b0173,hurricane-matthew,0,1,no-damage,minor-damage,0.46831426,0.14936812,0.46831426,0.3007639,0.08155369
hurricane-matthew_00000104__b0155,hurricane-matthew,1,3,minor-damage,destroyed,0.58315885,0.01056495,0.04746861,0.35880762,0.58315885
hurricane-matthew_00000044__b0244,hurricane-matthew,0,0,no-damage,no-damage,0.5928772,0.5928772,0.094545126,0.064681984,0.24789566
hurricane-matthew_00000104__b0288,hurricane-matthew,1,3,minor-damage,destroyed,0.90282553,0.010422921,0.040621467,0.04613,0.90282553
hurricane-matthew_00000385__b0009,hurricane-matthew,3,3,destroyed,destroyed,0.9119169,0.0029575748,0.014965137,0.07016035,0.9119169
hurricane-matthew_00000302__b0088,hurricane-matthew,0,3,no-damage,destroyed,0.4932003,0.020643393,0.0926119,0.39354444,0.4932003
hurricane-matthew_00000104__b0264,hurricane-matthew,1,0,minor-damage,no-damage,0.6516457,0.6516457,0.044073805,0.09138699,0.21289344
hurricane-matthew_00000385__b0057,hurricane-matthew,3,3,destroyed,destroyed,0.996049,0.0002206226,0.0012248503,0.0025055022,0.996049
hurricane-matthew_00000044__b0055,hurricane-matthew,0,2,no-damage,major-damage,0.47584647,0.08676094,0.35538936,0.47584647,0.08200322
hurricane-matthew_00000104__b0246,hurricane-matthew,1,2,minor-damage,major-damage,0.70212394,0.003836372,0.0040112515,0.70212394,0.29002842
hurricane-matthew_00000104__b0268,hurricane-matthew,2,3,major-damage,destroyed,0.6538726,0.015023351,0.04824778,0.28285632,0.6538726
hurricane-matthew_00000205__b0000,hurricane-matthew,2,3,major-damage,destroyed,0.90451854,0.009601525,0.021700084,0.06417986,0.90451854
hurricane-matthew_00000385__b0070,hurricane-matthew,3,3,destroyed,destroyed,0.9766758,0.0007890835,0.004294008,0.018241035,0.9766758
hurricane-matthew_00000044__b0261,hurricane-matthew,0,1,no-damage,minor-damage,0.6121187,0.2419305,0.6121187,0.10668491,0.039265905
hurricane-matthew_00000044__b0201,hurricane-matthew,0,1,no-damage,minor-damage,0.39773038,0.38031164,0.39773038,0.09869701,0.123261005
hurricane-matthew_00000104__b0039,hurricane-matthew,1,2,minor-damage,major-damage,0.4099655,0.16899827,0.30670398,0.4099655,0.11433224
hurricane-matthew_00000104__b0258,hurricane-matthew,1,3,minor-damage,destroyed,0.3353293,0.17084958,0.2556774,0.2381437,0.3353293
hurricane-matthew_00000385__b0092,hurricane-matthew,3,3,destroyed,destroyed,0.99973553,3.2940009e-06,2.7275393e-05,0.00023382371,0.99973553
hurricane-matthew_00000065__b0123,hurricane-matthew,2,3,major-damage,destroyed,0.83964825,0.019835554,0.05193253,0.08858372,0.83964825
hurricane-matthew_00000400__b0018,hurricane-matthew,3,3,destroyed,destroyed,0.9735831,0.0031317961,0.009224315,0.01406075,0.9735831
hurricane-matthew_00000044__b0116,hurricane-matthew,0,0,no-damage,no-damage,0.4344187,0.4344187,0.33698636,0.10184925,0.12674567
hurricane-matthew_00000104__b0007,hurricane-matthew,1,3,minor-damage,destroyed,0.853857,0.004196673,0.007727555,0.13421878,0.853857
hurricane-matthew_00000205__b0012,hurricane-matthew,2,3,major-damage,destroyed,0.955038,0.003811151,0.013794153,0.027356744,0.955038
hurricane-matthew_00000385__b0084,hurricane-matthew,3,3,destroyed,destroyed,0.9959138,0.00016292589,0.000933362,0.0029898435,0.9959138
hurricane-matthew_00000044__b0210,hurricane-matthew,0,1,no-damage,minor-damage,0.4986745,0.16148122,0.4986745,0.24149123,0.098353036
hurricane-matthew_00000065__b0038,hurricane-matthew,2,3,major-damage,destroyed,0.90375096,0.010783245,0.032525435,0.052940324,0.90375096
hurricane-matthew_00000385__b0081,hurricane-matthew,3,3,destroyed,destroyed,0.6559677,0.032056503,0.07534867,0.23662715,0.6559677
hurricane-matthew_00000385__b0096,hurricane-matthew,3,3,destroyed,destroyed,0.99900705,4.9680664e-05,0.0002661134,0.00067713903,0.99900705
hurricane-matthew_00000145__b0029,hurricane-matthew,2,0,major-damage,no-damage,0.6113235,0.6113235,0.10229302,0.05909282,0.22729072
hurricane-matthew_00000044__b0233,hurricane-matthew,3,3,destroyed,destroyed,0.46292502,0.2785074,0.15505409,0.10351346,0.46292502
hurricane-matthew_00000400__b0030,hurricane-matthew,3,3,destroyed,destroyed,0.9464664,0.0067680385,0.019191219,0.027574398,0.9464664
hurricane-matthew_00000104__b0097,hurricane-matthew,1,2,minor-damage,major-damage,0.48410532,0.16581723,0.1513311,0.48410532,0.1987463
hurricane-matthew_00000104__b0176,hurricane-matthew,1,0,minor-damage,no-damage,0.6848178,0.6848178,0.01042676,0.037037674,0.2677178
hurricane-matthew_00000190__b0006,hurricane-matthew,3,3,destroyed,destroyed,0.9437768,0.003414005,0.008815379,0.043993864,0.9437768
hurricane-matthew_00000400__b0032,hurricane-matthew,3,3,destroyed,destroyed,0.60071373,0.12426871,0.08609053,0.18892701,0.60071373
hurricane-matthew_00000400__b0053,hurricane-matthew,3,3,destroyed,destroyed,0.97163534,0.00095372857,0.0050297854,0.022381088,0.97163534
hurricane-matthew_00000385__b0031,hurricane-matthew,3,3,destroyed,destroyed,0.9534379,0.003020317,0.009701249,0.033840504,0.9534379
hurricane-matthew_00000044__b0108,hurricane-matthew,0,1,no-damage,minor-damage,0.41719514,0.06493541,0.41719514,0.33676907,0.18110035
hurricane-matthew_00000376__b0021,hurricane-matthew,3,3,destroyed,destroyed,0.9978352,2.8457966e-05,0.0003422889,0.0017939917,0.9978352
hurricane-matthew_00000260__b0056,hurricane-matthew,0,2,no-damage,major-damage,0.39815012,0.10269249,0.17210513,0.39815012,0.32705227
hurricane-matthew_00000385__b0016,hurricane-matthew,3,3,destroyed,destroyed,0.96177274,0.0032897268,0.0069910754,0.027946513,0.96177274
hurricane-matthew_00000044__b0074,hurricane-matthew,0,1,no-damage,minor-damage,0.43674552,0.1867235,0.43674552,0.24433236,0.13219865
hurricane-matthew_00000044__b0171,hurricane-matthew,0,3,no-damage,destroyed,0.55580324,0.27176636,0.09206914,0.0803613,0.55580324
hurricane-matthew_00000044__b0246,hurricane-matthew,0,1,no-damage,minor-damage,0.4154772,0.20975748,0.4154772,0.2348181,0.13994719
hurricane-matthew_00000400__b0042,hurricane-matthew,3,3,destroyed,destroyed,0.9983827,3.1197967e-05,0.00018758883,0.0013985741,0.9983827
hurricane-matthew_00000104__b0204,hurricane-matthew,1,3,minor-damage,destroyed,0.6308148,0.04098291,0.11551805,0.21268421,0.6308148
hurricane-matthew_00000104__b0162,hurricane-matthew,1,0,minor-damage,no-damage,0.40725675,0.40725675,0.28532234,0.21371704,0.09370388
hurricane-matthew_00000089__b0201,hurricane-matthew,0,1,no-damage,minor-damage,0.50055355,0.116428204,0.50055355,0.28400952,0.09900871
hurricane-matthew_00000400__b0007,hurricane-matthew,3,3,destroyed,destroyed,0.7764632,0.08189958,0.034651127,0.10698614,0.7764632
hurricane-matthew_00000302__b0060,hurricane-matthew,0,3,no-damage,destroyed,0.83580774,0.014768212,0.04206616,0.107357845,0.83580774
hurricane-matthew_00000035__b0045,hurricane-matthew,0,0,no-damage,no-damage,0.50079775,0.50079775,0.35668746,0.080417834,0.062096976
hurricane-matthew_00000145__b0006,hurricane-matthew,2,0,major-damage,no-damage,0.35380098,0.35380098,0.0581953,0.23959242,0.3484113
hurricane-matthew_00000044__b0262,hurricane-matthew,0,1,no-damage,minor-damage,0.60964596,0.080139734,0.60964596,0.25718072,0.053033534
hurricane-matthew_00000400__b0006,hurricane-matthew,3,3,destroyed,destroyed,0.92347616,0.034388088,0.011789646,0.030346142,0.92347616
hurricane-matthew_00000044__b0253,hurricane-matthew,0,0,no-damage,no-damage,0.58720535,0.58720535,0.22623123,0.11076725,0.07579612
hurricane-matthew_00000400__b0062,hurricane-matthew,3,3,destroyed,destroyed,0.9998134,1.916781e-06,2.3400731e-05,0.00016141793,0.9998134
hurricane-matthew_00000044__b0066,hurricane-matthew,0,0,no-damage,no-damage,0.3993823,0.3993823,0.33930624,0.17872775,0.08258372
hurricane-matthew_00000205__b0003,hurricane-matthew,2,3,major-damage,destroyed,0.93747556,0.018888712,0.024116933,0.019518903,0.93747556
hurricane-matthew_00000065__b0001,hurricane-matthew,2,1,major-damage,minor-damage,0.4318484,0.12959816,0.4318484,0.2682616,0.17029184
hurricane-matthew_00000400__b0001,hurricane-matthew,3,3,destroyed,destroyed,0.86913,0.007518279,0.023576992,0.099774756,0.86913
hurricane-matthew_00000044__b0186,hurricane-matthew,0,1,no-damage,minor-damage,0.44235194,0.07449154,0.44235194,0.38925833,0.09389816
hurricane-matthew_00000104__b0059,hurricane-matthew,1,1,minor-damage,minor-damage,0.36954042,0.1101493,0.36954042,0.33656785,0.18374245
hurricane-matthew_00000104__b0187,hurricane-matthew,2,0,major-damage,no-damage,0.431572,0.431572,0.1200792,0.22226919,0.22607961
hurricane-matthew_00000044__b0175,hurricane-matthew,3,3,destroyed,destroyed,0.41020346,0.18509597,0.19671126,0.20798935,0.41020346
hurricane-matthew_00000104__b0226,hurricane-matthew,1,1,minor-damage,minor-damage,0.58225495,0.07396679,0.58225495,0.20077682,0.14300147
hurricane-matthew_00000302__b0069,hurricane-matthew,0,3,no-damage,destroyed,0.8823593,0.0012692005,0.0054372423,0.11093418,0.8823593
hurricane-matthew_00000044__b0057,hurricane-matthew,0,1,no-damage,minor-damage,0.38766813,0.2849851,0.38766813,0.1844652,0.14288156
hurricane-matthew_00000044__b0184,hurricane-matthew,2,1,major-damage,minor-damage,0.40388766,0.11962335,0.40388766,0.32454544,0.15194358
hurricane-matthew_00000044__b0221,hurricane-matthew,0,1,no-damage,minor-damage,0.3719197,0.23813969,0.3719197,0.20205455,0.18788609
hurricane-matthew_00000044__b0018,hurricane-matthew,0,1,no-damage,minor-damage,0.40536004,0.3247366,0.40536004,0.14686626,0.123037025
hurricane-matthew_00000260__b0028,hurricane-matthew,2,0,major-damage,no-damage,0.5378073,0.5378073,0.18778242,0.10181194,0.17259833
hurricane-matthew_00000065__b0019,hurricane-matthew,2,0,major-damage,no-damage,0.55796355,0.55796355,0.2628432,0.09120842,0.087984845
hurricane-matthew_00000044__b0065,hurricane-matthew,2,1,major-damage,minor-damage,0.45803005,0.064173914,0.45803005,0.32016316,0.15763283
hurricane-matthew_00000044__b0013,hurricane-matthew,0,3,no-damage,destroyed,0.8067804,0.090769656,0.04021009,0.062239833,0.8067804
hurricane-matthew_00000385__b0118,hurricane-matthew,3,3,destroyed,destroyed,0.99711895,0.000116027535,0.0007129473,0.002052128,0.99711895
hurricane-matthew_00000104__b0022,hurricane-matthew,1,2,minor-damage,major-damage,0.47921205,0.12166164,0.21010087,0.47921205,0.18902548
hurricane-matthew_00000190__b0003,hurricane-matthew,3,3,destroyed,destroyed,0.93919027,0.005103243,0.016273206,0.03943328,0.93919027
hurricane-matthew_00000166__b0009,hurricane-matthew,3,3,destroyed,destroyed,0.88931805,0.07515206,0.011303758,0.024226166,0.88931805
hurricane-matthew_00000104__b0087,hurricane-matthew,1,2,minor-damage,major-damage,0.37436682,0.13209796,0.19194987,0.37436682,0.30158535
hurricane-matthew_00000104__b0282,hurricane-matthew,1,2,minor-damage,major-damage,0.5205919,0.13818567,0.2236905,0.5205919,0.11753187
hurricane-matthew_00000376__b0012,hurricane-matthew,3,3,destroyed,destroyed,0.9825807,0.0007730873,0.0029324552,0.013713798,0.9825807
hurricane-matthew_00000104__b0212,hurricane-matthew,1,2,minor-damage,major-damage,0.38017306,0.071263805,0.3546845,0.38017306,0.19387868
hurricane-matthew_00000104__b0234,hurricane-matthew,1,2,minor-damage,major-damage,0.47199538,0.086284384,0.16712849,0.47199538,0.27459168
hurricane-matthew_00000400__b0058,hurricane-matthew,3,3,destroyed,destroyed,0.9929779,0.00060032663,0.0018891072,0.004532679,0.9929779
hurricane-matthew_00000044__b0176,hurricane-matthew,0,0,no-damage,no-damage,0.4564171,0.4564171,0.15880628,0.11263076,0.2721458
hurricane-matthew_00000044__b0223,hurricane-matthew,0,0,no-damage,no-damage,0.5948505,0.5948505,0.14126322,0.15094173,0.11294455
hurricane-matthew_00000044__b0225,hurricane-matthew,0,1,no-damage,minor-damage,0.50325966,0.061431885,0.50325966,0.33662295,0.09868552
hurricane-matthew_00000206__b0010,hurricane-matthew,3,3,destroyed,destroyed,0.96642137,0.008613188,0.0076580765,0.017307302,0.96642137
hurricane-matthew_00000044__b0045,hurricane-matthew,0,1,no-damage,minor-damage,0.31986877,0.22379032,0.31986877,0.22415435,0.23218657
hurricane-matthew_00000035__b0025,hurricane-matthew,0,3,no-damage,destroyed,0.6263547,0.12493676,0.14524207,0.103466466,0.6263547
hurricane-matthew_00000044__b0140,hurricane-matthew,0,1,no-damage,minor-damage,0.28520876,0.23748666,0.28520876,0.21400583,0.26329875
hurricane-matthew_00000166__b0000,hurricane-matthew,3,3,destroyed,destroyed,0.9607251,0.010124057,0.007521759,0.021629008,0.9607251
hurricane-matthew_00000385__b0055,hurricane-matthew,3,3,destroyed,destroyed,0.90682,0.020271707,0.017340695,0.055567678,0.90682
hurricane-matthew_00000044__b0107,hurricane-matthew,0,0,no-damage,no-damage,0.8907711,0.8907711,0.037019167,0.028145118,0.044064607
hurricane-matthew_00000104__b0118,hurricane-matthew,1,2,minor-damage,major-damage,0.40257773,0.17948422,0.22406094,0.40257773,0.1938771
hurricane-matthew_00000044__b0122,hurricane-matthew,0,0,no-damage,no-damage,0.8070707,0.8070707,0.07536549,0.036585554,0.0809783
hurricane-matthew_00000110__b0000,hurricane-matthew,2,3,major-damage,destroyed,0.9199738,0.02337282,0.017706418,0.038946915,0.9199738
hurricane-matthew_00000385__b0073,hurricane-matthew,3,3,destroyed,destroyed,0.982287,0.00069152104,0.0036181803,0.01340332,0.982287
hurricane-matthew_00000044__b0067,hurricane-matthew,0,1,no-damage,minor-damage,0.31804213,0.10845708,0.31804213,0.30595446,0.2675463
hurricane-matthew_00000104__b0231,hurricane-matthew,3,3,destroyed,destroyed,0.41381198,0.11851276,0.08923738,0.3784379,0.41381198
hurricane-matthew_00000104__b0147,hurricane-matthew,1,2,minor-damage,major-damage,0.48210257,0.0537844,0.34549636,0.48210257,0.11861666
hurricane-matthew_00000104__b0086,hurricane-matthew,2,2,major-damage,major-damage,0.4680107,0.14768882,0.2608443,0.4680107,0.12345619
hurricane-matthew_00000065__b0071,hurricane-matthew,2,1,major-damage,minor-damage,0.37772712,0.12527518,0.37772712,0.30066085,0.1963369
hurricane-matthew_00000104__b0078,hurricane-matthew,2,2,major-damage,major-damage,0.83009505,0.049405623,0.055774204,0.83009505,0.06472513
hurricane-matthew_00000044__b0172,hurricane-matthew,0,3,no-damage,destroyed,0.34474084,0.2608436,0.27328923,0.12112625,0.34474084
hurricane-matthew_00000044__b0218,hurricane-matthew,0,1,no-damage,minor-damage,0.5322495,0.31534356,0.5322495,0.11556644,0.036840517
hurricane-matthew_00000044__b0052,hurricane-matthew,0,1,no-damage,minor-damage,0.33171085,0.24788031,0.33171085,0.18167765,0.23873118
hurricane-matthew_00000044__b0156,hurricane-matthew,0,0,no-damage,no-damage,0.7005921,0.7005921,0.14657044,0.063386485,0.08945097
hurricane-matthew_00000104__b0104,hurricane-matthew,1,0,minor-damage,no-damage,0.32182193,0.32182193,0.17394285,0.20038445,0.30385077
hurricane-matthew_00000104__b0182,hurricane-matthew,1,2,minor-damage,major-damage,0.55024135,0.12832086,0.099760294,0.55024135,0.22167753
hurricane-matthew_00000385__b0010,hurricane-matthew,2,3,major-damage,destroyed,0.9864949,0.0007444881,0.0032579363,0.009502674,0.9864949
hurricane-matthew_00000385__b0100,hurricane-matthew,3,3,destroyed,destroyed,0.91009974,0.0059809927,0.024317758,0.059601415,0.91009974
hurricane-matthew_00000104__b0172,hurricane-matthew,2,2,major-damage,major-damage,0.75787884,0.022189384,0.058005717,0.75787884,0.16192609
hurricane-matthew_00000044__b0189,hurricane-matthew,0,0,no-damage,no-damage,0.45040235,0.45040235,0.099208936,0.226644,0.22374468
hurricane-matthew_00000044__b0242,hurricane-matthew,2,1,major-damage,minor-damage,0.47550392,0.13789086,0.47550392,0.30469602,0.081909165
hurricane-matthew_00000385__b0110,hurricane-matthew,3,3,destroyed,destroyed,0.99804074,6.773281e-05,0.00036420702,0.0015273312,0.99804074
hurricane-matthew_00000302__b0031,hurricane-matthew,2,3,major-damage,destroyed,0.9871601,0.00019079575,0.00066479726,0.011984317,0.9871601
hurricane-matthew_00000044__b0099,hurricane-matthew,0,0,no-damage,no-damage,0.5078348,0.5078348,0.13490406,0.16779521,0.18946591
hurricane-matthew_00000104__b0123,hurricane-matthew,1,1,minor-damage,minor-damage,0.3079309,0.116648935,0.3079309,0.28633815,0.28908202
hurricane-matthew_00000044__b0003,hurricane-matthew,0,0,no-damage,no-damage,0.8996025,0.8996025,0.02967409,0.029025929,0.041697405
hurricane-matthew_00000044__b0264,hurricane-matthew,0,0,no-damage,no-damage,0.53180784,0.53180784,0.015019002,0.07316064,0.3800125
hurricane-matthew_00000260__b0013,hurricane-matthew,3,3,destroyed,destroyed,0.7154363,0.05308751,0.12864578,0.10283039,0.7154363
hurricane-matthew_00000302__b0077,hurricane-matthew,0,3,no-damage,destroyed,0.8055646,0.013996123,0.0377706,0.14266871,0.8055646
hurricane-matthew_00000385__b0087,hurricane-matthew,2,3,major-damage,destroyed,0.98786163,0.00040415543,0.002482199,0.009252009,0.98786163
hurricane-matthew_00000385__b0049,hurricane-matthew,2,3,major-damage,destroyed,0.97890365,0.0033907585,0.008121992,0.009583599,0.97890365
hurricane-matthew_00000260__b0023,hurricane-matthew,0,3,no-damage,destroyed,0.5385236,0.09405529,0.19225392,0.17516717,0.5385236
hurricane-matthew_00000376__b0023,hurricane-matthew,3,3,destroyed,destroyed,0.9625371,0.0018720556,0.010011999,0.02557878,0.9625371
hurricane-matthew_00000035__b0027,hurricane-matthew,2,1,major-damage,minor-damage,0.3152194,0.2879923,0.3152194,0.1934715,0.20331682
hurricane-matthew_00000400__b0002,hurricane-matthew,3,3,destroyed,destroyed,0.9249631,0.0062253843,0.02364341,0.045168135,0.9249631
hurricane-matthew_00000104__b0091,hurricane-matthew,1,2,minor-damage,major-damage,0.42779437,0.047181383,0.10230249,0.42779437,0.42272174
hurricane-matthew_00000206__b0011,hurricane-matthew,3,3,destroyed,destroyed,0.9917889,5.8544454e-05,0.00024225007,0.007910289,0.9917889
hurricane-matthew_00000145__b0016,hurricane-matthew,2,0,major-damage,no-damage,0.62172633,0.62172633,0.048923176,0.12136747,0.20798305
hurricane-matthew_00000104__b0237,hurricane-matthew,1,0,minor-damage,no-damage,0.4583107,0.4583107,0.2064548,0.19519404,0.14004047
hurricane-matthew_00000104__b0163,hurricane-matthew,1,1,minor-damage,minor-damage,0.37530982,0.32053447,0.37530982,0.15012018,0.15403551
hurricane-matthew_00000104__b0265,hurricane-matthew,1,3,minor-damage,destroyed,0.38342503,0.36869738,0.07296432,0.17491332,0.38342503
hurricane-matthew_00000065__b0096,hurricane-matthew,2,0,major-damage,no-damage,0.64414454,0.64414454,0.2352839,0.061541766,0.059029777
hurricane-matthew_00000281__b0009,hurricane-matthew,3,3,destroyed,destroyed,0.9418053,0.024328701,0.013201596,0.020664359,0.9418053
hurricane-matthew_00000400__b0054,hurricane-matthew,3,3,destroyed,destroyed,0.9936791,0.00029456115,0.0014158216,0.0046105953,0.9936791
hurricane-matthew_00000104__b0041,hurricane-matthew,2,3,major-damage,destroyed,0.57253784,0.060660113,0.035104934,0.3316971,0.57253784
hurricane-matthew_00000400__b0020,hurricane-matthew,3,3,destroyed,destroyed,0.9963599,4.764783e-05,0.00032202757,0.0032705166,0.9963599
hurricane-matthew_00000104__b0243,hurricane-matthew,1,3,minor-damage,destroyed,0.5125662,0.08471436,0.14937642,0.253343,0.5125662
hurricane-matthew_00000104__b0261,hurricane-matthew,1,2,minor-damage,major-damage,0.53979266,0.16380031,0.10132499,0.53979266,0.19508201
hurricane-matthew_00000302__b0123,hurricane-matthew,0,3,no-damage,destroyed,0.7709665,0.025126848,0.037225615,0.16668108,0.7709665
hurricane-matthew_00000035__b0058,hurricane-matthew,0,0,no-damage,no-damage,0.62370133,0.62370133,0.06484575,0.10862571,0.20282724
hurricane-matthew_00000376__b0025,hurricane-matthew,3,3,destroyed,destroyed,0.98742795,0.00027129662,0.0011137575,0.01118704,0.98742795
hurricane-matthew_00000385__b0111,hurricane-matthew,3,3,destroyed,destroyed,0.9989396,1.9128307e-05,0.00015919952,0.0008821224,0.9989396
hurricane-matthew_00000089__b0343,hurricane-matthew,0,0,no-damage,no-damage,0.4420426,0.4420426,0.40818498,0.11400196,0.03577047
hurricane-matthew_00000376__b0022,hurricane-matthew,3,3,destroyed,destroyed,0.96538156,0.0020941033,0.008849533,0.023674779,0.96538156
hurricane-matthew_00000104__b0115,hurricane-matthew,1,2,minor-damage,major-damage,0.39895272,0.09617544,0.2809446,0.39895272,0.22392723
hurricane-matthew_00000385__b0058,hurricane-matthew,3,3,destroyed,destroyed,0.99720275,8.638568e-05,0.00043704943,0.0022737267,0.99720275
hurricane-matthew_00000104__b0057,hurricane-matthew,1,3,minor-damage,destroyed,0.67106014,0.069627814,0.11817707,0.14113496,0.67106014
hurricane-matthew_00000110__b0013,hurricane-matthew,2,3,major-damage,destroyed,0.9342249,0.022787951,0.016431604,0.026555588,0.9342249
hurricane-matthew_00000044__b0084,hurricane-matthew,0,0,no-damage,no-damage,0.473687,0.473687,0.34856614,0.11176404,0.06598279
hurricane-matthew_00000104__b0159,hurricane-matthew,1,2,minor-damage,major-damage,0.40323552,0.21070704,0.23292555,0.40323552,0.1531319
hurricane-matthew_00000376__b0004,hurricane-matthew,3,3,destroyed,destroyed,0.98618686,0.0005711796,0.0030662916,0.010175727,0.98618686
hurricane-matthew_00000104__b0072,hurricane-matthew,1,0,minor-damage,no-damage,0.5162245,0.5162245,0.13122241,0.1939606,0.1585925
hurricane-matthew_00000302__b0034,hurricane-matthew,2,3,major-damage,destroyed,0.93857783,0.0023137713,0.0073123774,0.051795967,0.93857783
hurricane-matthew_00000260__b0053,hurricane-matthew,2,3,major-damage,destroyed,0.93729985,0.007709448,0.021936802,0.033053853,0.93729985
hurricane-matthew_00000281__b0012,hurricane-matthew,3,3,destroyed,destroyed,0.98557407,0.0025047227,0.0035464726,0.008374871,0.98557407
hurricane-matthew_00000302__b0064,hurricane-matthew,0,3,no-damage,destroyed,0.69542843,0.016876528,0.03675876,0.25093624,0.69542843
hurricane-matthew_00000065__b0081,hurricane-matthew,2,0,major-damage,no-damage,0.4928926,0.4928926,0.22155549,0.13560672,0.14994526
hurricane-matthew_00000206__b0003,hurricane-matthew,3,3,destroyed,destroyed,0.98525536,0.00038740717,0.0011742259,0.013182917,0.98525536
hurricane-matthew_00000104__b0049,hurricane-matthew,2,2,major-damage,major-damage,0.68477726,0.02661068,0.07251024,0.68477726,0.21610183
hurricane-matthew_00000281__b0005,hurricane-matthew,2,3,major-damage,destroyed,0.7093808,0.019062905,0.055502437,0.21605395,0.7093808
hurricane-matthew_00000044__b0091,hurricane-matthew,0,1,no-damage,minor-damage,0.53286,0.13500206,0.53286,0.26928613,0.06285186
hurricane-matthew_00000385__b0083,hurricane-matthew,3,3,destroyed,destroyed,0.96152717,0.0008536545,0.0044755694,0.03314364,0.96152717
hurricane-matthew_00000035__b0018,hurricane-matthew,0,0,no-damage,no-damage,0.51291114,0.51291114,0.1699238,0.16290948,0.15425557
hurricane-matthew_00000104__b0035,hurricane-matthew,2,2,major-damage,major-damage,0.7366524,0.02960877,0.028192084,0.7366524,0.20554677
hurricane-matthew_00000385__b0000,hurricane-matthew,3,3,destroyed,destroyed,0.9722376,0.00075493695,0.0032895987,0.023717925,0.9722376
hurricane-matthew_00000385__b0014,hurricane-matthew,3,3,destroyed,destroyed,0.9983814,5.1839666e-05,0.00035479586,0.0012119573,0.9983814
hurricane-matthew_00000260__b0015,hurricane-matthew,3,0,destroyed,no-damage,0.8037443,0.8037443,0.0023707147,0.018354354,0.17553055
hurricane-matthew_00000044__b0106,hurricane-matthew,0,1,no-damage,minor-damage,0.5441549,0.07925199,0.5441549,0.30803648,0.06855661
hurricane-matthew_00000302__b0023,hurricane-matthew,0,3,no-damage,destroyed,0.8409552,0.008486047,0.018308459,0.1322503,0.8409552
hurricane-matthew_00000260__b0019,hurricane-matthew,3,3,destroyed,destroyed,0.7875975,0.042724553,0.04510691,0.12457102,0.7875975
hurricane-matthew_00000302__b0127,hurricane-matthew,0,3,no-damage,destroyed,0.6561837,0.045622364,0.08533735,0.21285658,0.6561837
hurricane-matthew_00000104__b0140,hurricane-matthew,1,3,minor-damage,destroyed,0.9767826,0.0007961474,0.0030442735,0.019376947,0.9767826
hurricane-matthew_00000104__b0050,hurricane-matthew,1,2,minor-damage,major-damage,0.59122676,0.22260062,0.06411357,0.59122676,0.12205901
hurricane-matthew_00000385__b0104,hurricane-matthew,3,3,destroyed,destroyed,0.45464197,0.05177624,0.079589926,0.41399196,0.45464197
hurricane-matthew_00000104__b0020,hurricane-matthew,1,2,minor-damage,major-damage,0.488131,0.09793558,0.16792274,0.488131,0.24601072
hurricane-matthew_00000385__b0068,hurricane-matthew,3,3,destroyed,destroyed,0.9737388,0.003421295,0.0058419337,0.01699794,0.9737388
hurricane-matthew_00000385__b0047,hurricane-matthew,3,3,destroyed,destroyed,0.9561829,0.0036031285,0.01224823,0.027965734,0.9561829
hurricane-matthew_00000104__b0042,hurricane-matthew,1,3,minor-damage,destroyed,0.58757305,0.029313248,0.10981351,0.27330023,0.58757305
hurricane-matthew_00000104__b0303,hurricane-matthew,1,2,minor-damage,major-damage,0.5589923,0.014266234,0.08220754,0.5589923,0.34453386
hurricane-matthew_00000302__b0001,hurricane-matthew,2,3,major-damage,destroyed,0.92377603,0.0019014699,0.0034981556,0.07082435,0.92377603
hurricane-matthew_00000104__b0011,hurricane-matthew,2,2,major-damage,major-damage,0.524162,0.20595802,0.06922316,0.524162,0.20065682
hurricane-matthew_00000065__b0145,hurricane-matthew,3,3,destroyed,destroyed,0.45195433,0.12354165,0.24535184,0.17915215,0.45195433
hurricane-matthew_00000385__b0032,hurricane-matthew,3,3,destroyed,destroyed,0.9528958,0.0029567273,0.010583128,0.0335643,0.9528958
hurricane-matthew_00000044__b0005,hurricane-matthew,0,1,no-damage,minor-damage,0.46483862,0.11781015,0.46483862,0.21073096,0.2066203
hurricane-matthew_00000104__b0304,hurricane-matthew,1,3,minor-damage,destroyed,0.7833224,0.04457192,0.057936046,0.11416961,0.7833224
hurricane-matthew_00000089__b0228,hurricane-matthew,0,1,no-damage,minor-damage,0.45920187,0.19098987,0.45920187,0.2501804,0.099627815
hurricane-matthew_00000104__b0018,hurricane-matthew,1,3,minor-damage,destroyed,0.50625795,0.028000832,0.054353695,0.41138753,0.50625795
hurricane-matthew_00000281__b0011,hurricane-matthew,3,3,destroyed,destroyed,0.4987951,0.18148282,0.15081176,0.16891038,0.4987951
hurricane-matthew_00000145__b0009,hurricane-matthew,2,0,major-damage,no-damage,0.9295205,0.9295205,0.025258353,0.017536538,0.027684681
hurricane-matthew_00000065__b0144,hurricane-matthew,3,1,destroyed,minor-damage,0.29218876,0.19594269,0.29218876,0.2726087,0.23925981
hurricane-matthew_00000260__b0071,hurricane-matthew,2,3,major-damage,destroyed,0.32600048,0.2996816,0.19094093,0.18337698,0.32600048
hurricane-matthew_00000385__b0065,hurricane-matthew,3,3,destroyed,destroyed,0.99573684,0.00026365925,0.0015819698,0.0024176186,0.99573684
hurricane-matthew_00000302__b0040,hurricane-matthew,2,2,major-damage,major-damage,0.693369,0.120250255,0.0799541,0.693369,0.10642658
hurricane-matthew_00000400__b0048,hurricane-matthew,2,3,major-damage,destroyed,0.9626373,0.0031099983,0.010113589,0.024139138,0.9626373
hurricane-matthew_00000065__b0135,hurricane-matthew,2,1,major-damage,minor-damage,0.404384,0.17744476,0.404384,0.24985519,0.16831611
hurricane-matthew_00000385__b0013,hurricane-matthew,3,3,destroyed,destroyed,0.99889755,3.6685793e-05,0.00020634313,0.0008593991,0.99889755
hurricane-matthew_00000065__b0047,hurricane-matthew,2,3,major-damage,destroyed,0.4347448,0.15905748,0.21626176,0.18993595,0.4347448
hurricane-matthew_00000104__b0085,hurricane-matthew,1,0,minor-damage,no-damage,0.30019987,0.30019987,0.19611375,0.2230631,0.2806233
hurricane-matthew_00000104__b0128,hurricane-matthew,1,1,minor-damage,minor-damage,0.45576513,0.10888382,0.45576513,0.32981107,0.105540015
hurricane-matthew_00000104__b0307,hurricane-matthew,2,3,major-damage,destroyed,0.7580418,0.008942654,0.036881898,0.19613366,0.7580418
hurricane-matthew_00000385__b0089,hurricane-matthew,3,3,destroyed,destroyed,0.94189495,0.0072681964,0.024716169,0.026120568,0.94189495
hurricane-matthew_00000206__b0016,hurricane-matthew,3,3,destroyed,destroyed,0.93528,0.0066665937,0.024538,0.033515465,0.93528
hurricane-matthew_00000376__b0003,hurricane-matthew,2,3,major-damage,destroyed,0.9844952,0.00028044745,0.0008995029,0.01432486,0.9844952
hurricane-matthew_00000104__b0216,hurricane-matthew,1,0,minor-damage,no-damage,0.51940405,0.51940405,0.033384807,0.084572785,0.36263835
hurricane-matthew_00000044__b0232,hurricane-matthew,2,1,major-damage,minor-damage,0.32860166,0.16282606,0.32860166,0.2557534,0.25281885
hurricane-matthew_00000104__b0275,hurricane-matthew,1,3,minor-damage,destroyed,0.49489787,0.029651882,0.047731087,0.42771924,0.49489787
hurricane-matthew_00000044__b0035,hurricane-matthew,0,1,no-damage,minor-damage,0.6053576,0.16104342,0.6053576,0.18728974,0.046309307
hurricane-matthew_00000145__b0030,hurricane-matthew,2,0,major-damage,no-damage,0.47219965,0.47219965,0.04668987,0.04165315,0.43945742
hurricane-matthew_00000104__b0281,hurricane-matthew,2,2,major-damage,major-damage,0.67832994,0.07183773,0.14046407,0.67832994,0.10936826
hurricane-matthew_00000385__b0038,hurricane-matthew,3,3,destroyed,destroyed,0.9969025,0.00010956874,0.0008477223,0.002140221,0.9969025
hurricane-matthew_00000035__b0022,hurricane-matthew,0,1,no-damage,minor-damage,0.3411865,0.22760208,0.3411865,0.24203572,0.18917571
hurricane-matthew_00000385__b0007,hurricane-matthew,3,3,destroyed,destroyed,0.7408644,0.05729298,0.043558218,0.15828446,0.7408644
hurricane-matthew_00000044__b0117,hurricane-matthew,0,1,no-damage,minor-damage,0.50332296,0.11856678,0.50332296,0.2832739,0.094836414
hurricane-matthew_00000400__b0035,hurricane-matthew,2,3,major-damage,destroyed,0.97452986,0.0007449932,0.0047206418,0.020004394,0.97452986
hurricane-matthew_00000385__b0015,hurricane-matthew,3,3,destroyed,destroyed,0.9343197,0.010979555,0.021693697,0.03300708,0.9343197
hurricane-matthew_00000104__b0269,hurricane-matthew,2,2,major-damage,major-damage,0.7560759,0.075504385,0.047711357,0.7560759,0.12070825
hurricane-matthew_00000104__b0027,hurricane-matthew,1,2,minor-damage,major-damage,0.489684,0.13397212,0.13725431,0.489684,0.23908952
hurricane-matthew_00000302__b0018,hurricane-matthew,0,3,no-damage,destroyed,0.4822025,0.10382379,0.1797339,0.23423983,0.4822025
hurricane-matthew_00000104__b0129,hurricane-matthew,1,2,minor-damage,major-damage,0.50772005,0.13237427,0.08995603,0.50772005,0.26994962
hurricane-matthew_00000104__b0013,hurricane-matthew,1,3,minor-damage,destroyed,0.4762119,0.025683237,0.031597715,0.46650714,0.4762119
hurricane-matthew_00000385__b0022,hurricane-matthew,3,3,destroyed,destroyed,0.9994547,2.405763e-05,0.00015041741,0.00037092157,0.9994547
hurricane-matthew_00000044__b0002,hurricane-matthew,2,3,major-damage,destroyed,0.34884414,0.041815944,0.29333398,0.31600598,0.34884414
hurricane-matthew_00000302__b0046,hurricane-matthew,0,0,no-damage,no-damage,0.39968836,0.39968836,0.14341788,0.27126837,0.18562537
hurricane-matthew_00000354__b0009,hurricane-matthew,2,3,major-damage,destroyed,0.90478283,0.03133586,0.016369741,0.04751162,0.90478283
hurricane-matthew_00000116__b0001,hurricane-matthew,2,3,major-damage,destroyed,0.73061687,0.12299346,0.02976787,0.1166218,0.73061687
hurricane-matthew_00000104__b0158,hurricane-matthew,1,3,minor-damage,destroyed,0.3563261,0.041581757,0.27625507,0.32583705,0.3563261
hurricane-matthew_00000104__b0312,hurricane-matthew,2,0,major-damage,no-damage,0.74299985,0.74299985,0.030613443,0.07914564,0.14724112
hurricane-matthew_00000260__b0048,hurricane-matthew,2,3,major-damage,destroyed,0.5813273,0.11535862,0.11081255,0.19250147,0.5813273
hurricane-matthew_00000104__b0306,hurricane-matthew,2,3,major-damage,destroyed,0.6694991,0.009626187,0.06056154,0.26031312,0.6694991
hurricane-matthew_00000385__b0011,hurricane-matthew,3,3,destroyed,destroyed,0.99615556,0.00013088199,0.0007895558,0.0029239685,0.99615556
hurricane-matthew_00000104__b0207,hurricane-matthew,1,1,minor-damage,minor-damage,0.4212012,0.11365509,0.4212012,0.26687157,0.1982721
hurricane-matthew_00000385__b0088,hurricane-matthew,3,3,destroyed,destroyed,0.99581283,3.180606e-05,0.00035821288,0.0037970277,0.99581283
hurricane-matthew_00000104__b0250,hurricane-matthew,1,2,minor-damage,major-damage,0.4737924,0.1726406,0.19626197,0.4737924,0.15730505
hurricane-matthew_00000400__b0012,hurricane-matthew,3,3,destroyed,destroyed,0.9153385,0.0068901763,0.0123128155,0.065458395,0.9153385
hurricane-matthew_00000044__b0205,hurricane-matthew,0,3,no-damage,destroyed,0.5092047,0.20300819,0.118985996,0.16880114,0.5092047
hurricane-matthew_00000104__b0105,hurricane-matthew,1,0,minor-damage,no-damage,0.38024962,0.38024962,0.26926255,0.10801537,0.24247241
hurricane-matthew_00000044__b0039,hurricane-matthew,0,1,no-damage,minor-damage,0.2684864,0.21056522,0.2684864,0.26140103,0.25954732
hurricane-matthew_00000104__b0089,hurricane-matthew,1,2,minor-damage,major-damage,0.5347736,0.02642637,0.07865987,0.5347736,0.3601402
hurricane-matthew_00000044__b0159,hurricane-matthew,2,3,major-damage,destroyed,0.4174415,0.08681571,0.31312945,0.18261328,0.4174415
hurricane-matthew_00000104__b0001,hurricane-matthew,1,2,minor-damage,major-damage,0.5496032,0.04701735,0.09893861,0.5496032,0.3044408
hurricane-matthew_00000400__b0052,hurricane-matthew,3,3,destroyed,destroyed,0.63984454,0.11659196,0.056050785,0.18751279,0.63984454
hurricane-matthew_00000302__b0032,hurricane-matthew,0,3,no-damage,destroyed,0.84226966,0.0068771914,0.0127420565,0.13811108,0.84226966
hurricane-matthew_00000385__b0106,hurricane-matthew,3,3,destroyed,destroyed,0.88396895,0.003544131,0.018649409,0.09383754,0.88396895
hurricane-matthew_00000104__b0213,hurricane-matthew,2,3,major-damage,destroyed,0.48340288,0.07305642,0.07094843,0.37259227,0.48340288
hurricane-matthew_00000075__b0183,hurricane-matthew,0,1,no-damage,minor-damage,0.33008426,0.15555501,0.33008426,0.25684685,0.2575139
hurricane-matthew_00000302__b0042,hurricane-matthew,2,2,major-damage,major-damage,0.60157645,0.07747279,0.06693671,0.60157645,0.25401407
hurricane-matthew_00000104__b0165,hurricane-matthew,1,2,minor-damage,major-damage,0.5553178,0.14214195,0.1376984,0.5553178,0.16484189
hurricane-matthew_00000104__b0273,hurricane-matthew,2,2,major-damage,major-damage,0.6557621,0.050167203,0.14010906,0.6557621,0.15396166
hurricane-matthew_00000400__b0044,hurricane-matthew,3,3,destroyed,destroyed,0.62304294,0.15077372,0.09334359,0.13283968,0.62304294
hurricane-matthew_00000044__b0181,hurricane-matthew,2,1,major-damage,minor-damage,0.60110414,0.08835105,0.60110414,0.27225253,0.038292266
hurricane-matthew_00000281__b0004,hurricane-matthew,3,3,destroyed,destroyed,0.8721062,0.06950524,0.020767199,0.037621364,0.8721062
hurricane-matthew_00000400__b0051,hurricane-matthew,3,3,destroyed,destroyed,0.9323406,0.016973421,0.031055162,0.019630706,0.9323406
hurricane-matthew_00000260__b0077,hurricane-matthew,0,3,no-damage,destroyed,0.7791014,0.05057089,0.04200298,0.12832476,0.7791014
hurricane-matthew_00000035__b0031,hurricane-matthew,0,0,no-damage,no-damage,0.46701658,0.46701658,0.12077043,0.15468472,0.25752828
hurricane-matthew_00000104__b0028,hurricane-matthew,2,2,major-damage,major-damage,0.71224964,0.09513189,0.058210593,0.71224964,0.13440782
hurricane-matthew_00000385__b0086,hurricane-matthew,3,3,destroyed,destroyed,0.55442595,0.32992178,0.022565909,0.093086325,0.55442595
hurricane-matthew_00000104__b0284,hurricane-matthew,1,2,minor-damage,major-damage,0.46448332,0.13799119,0.11859938,0.46448332,0.2789262
hurricane-matthew_00000385__b0008,hurricane-matthew,3,3,destroyed,destroyed,0.8555866,0.025243042,0.016097749,0.10307255,0.8555866
hurricane-matthew_00000104__b0021,hurricane-matthew,1,3,minor-damage,destroyed,0.47951004,0.050031677,0.166203,0.30425534,0.47951004
hurricane-matthew_00000104__b0277,hurricane-matthew,1,2,minor-damage,major-damage,0.45856166,0.17532742,0.123397894,0.45856166,0.24271293
hurricane-matthew_00000385__b0039,hurricane-matthew,3,3,destroyed,destroyed,0.99353385,0.0005220406,0.0014036263,0.004540486,0.99353385
hurricane-matthew_00000400__b0031,hurricane-matthew,3,3,destroyed,destroyed,0.9235024,0.018618166,0.021242835,0.036636636,0.9235024
hurricane-matthew_00000104__b0294,hurricane-matthew,1,2,minor-damage,major-damage,0.598342,0.058690105,0.04947505,0.598342,0.29349285
hurricane-matthew_00000400__b0049,hurricane-matthew,3,3,destroyed,destroyed,0.93180025,0.017528506,0.01764211,0.033029106,0.93180025
hurricane-matthew_00000385__b0060,hurricane-matthew,3,3,destroyed,destroyed,0.97888833,0.0032484967,0.008478425,0.009384811,0.97888833
hurricane-matthew_00000329__b0029,hurricane-matthew,2,3,major-damage,destroyed,0.68376726,0.08823378,0.070865616,0.15713333,0.68376726
hurricane-matthew_00000302__b0102,hurricane-matthew,0,2,no-damage,major-damage,0.42621228,0.17238589,0.1858256,0.42621228,0.21557614
hurricane-matthew_00000302__b0118,hurricane-matthew,0,3,no-damage,destroyed,0.7296912,0.031674594,0.047355432,0.19127882,0.7296912
hurricane-matthew_00000400__b0016,hurricane-matthew,3,3,destroyed,destroyed,0.8966091,0.0035813982,0.011485558,0.088323854,0.8966091
hurricane-matthew_00000190__b0004,hurricane-matthew,3,3,destroyed,destroyed,0.84511113,0.00704447,0.022990381,0.12485404,0.84511113
hurricane-matthew_00000206__b0004,hurricane-matthew,2,3,major-damage,destroyed,0.6436483,0.052565943,0.07055273,0.23323298,0.6436483
hurricane-matthew_00000385__b0040,hurricane-matthew,3,3,destroyed,destroyed,0.9915494,0.0006866968,0.0026283967,0.0051354095,0.9915494
hurricane-matthew_00000181__b0016,hurricane-matthew,0,3,no-damage,destroyed,0.7664557,0.0182202,0.038364254,0.1769599,0.7664557
hurricane-matthew_00000044__b0025,hurricane-matthew,0,0,no-damage,no-damage,0.64470947,0.64470947,0.17005455,0.076202646,0.10903338
hurricane-matthew_00000385__b0053,hurricane-matthew,3,3,destroyed,destroyed,0.99683577,0.00026194734,0.001064484,0.0018378624,0.99683577
hurricane-matthew_00000104__b0036,hurricane-matthew,1,2,minor-damage,major-damage,0.5516179,0.11730829,0.23501828,0.5516179,0.09605553
hurricane-matthew_00000104__b0002,hurricane-matthew,1,3,minor-damage,destroyed,0.8441636,0.009829038,0.027225055,0.11878238,0.8441636
hurricane-matthew_00000190__b0000,hurricane-matthew,3,3,destroyed,destroyed,0.88355136,0.00712744,0.016718466,0.09260276,0.88355136
hurricane-matthew_00000104__b0053,hurricane-matthew,1,3,minor-damage,destroyed,0.66320056,0.04925162,0.1658311,0.1217167,0.66320056
hurricane-matthew_00000035__b0065,hurricane-matthew,0,0,no-damage,no-damage,0.67617923,0.67617923,0.12067499,0.12312869,0.08001703
hurricane-matthew_00000104__b0010,hurricane-matthew,1,1,minor-damage,minor-damage,0.4333001,0.11842335,0.4333001,0.24779029,0.20048624
hurricane-matthew_00000044__b0148,hurricane-matthew,0,0,no-damage,no-damage,0.905831,0.905831,0.010313024,0.0366429,0.04721315
hurricane-matthew_00000104__b0145,hurricane-matthew,1,3,minor-damage,destroyed,0.39737803,0.085768454,0.13192514,0.38492835,0.39737803
hurricane-matthew_00000385__b0082,hurricane-matthew,3,3,destroyed,destroyed,0.71480554,0.12461124,0.037458748,0.12312445,0.71480554
hurricane-matthew_00000104__b0271,hurricane-matthew,2,2,major-damage,major-damage,0.50630504,0.22837149,0.13335615,0.50630504,0.13196737
hurricane-matthew_00000104__b0244,hurricane-matthew,1,2,minor-damage,major-damage,0.5175254,0.024269344,0.031954724,0.5175254,0.42625055
hurricane-matthew_00000385__b0119,hurricane-matthew,3,3,destroyed,destroyed,0.99684095,0.00032062168,0.0010448192,0.0017936471,0.99684095
hurricane-matthew_00000400__b0005,hurricane-matthew,2,3,major-damage,destroyed,0.96430236,0.001696625,0.007939283,0.026061695,0.96430236
hurricane-matthew_00000206__b0006,hurricane-matthew,2,3,major-damage,destroyed,0.6326178,0.1406197,0.084990695,0.14177176,0.6326178
hurricane-matthew_00000104__b0310,hurricane-matthew,1,2,minor-damage,major-damage,0.48376372,0.059295073,0.10255305,0.48376372,0.35438812
hurricane-matthew_00000104__b0038,hurricane-matthew,1,1,minor-damage,minor-damage,0.48701277,0.20441978,0.48701277,0.16255692,0.14601056
hurricane-matthew_00000281__b0003,hurricane-matthew,3,3,destroyed,destroyed,0.9806127,0.0025906856,0.007013926,0.009782765,0.9806127
hurricane-matthew_00000385__b0077,hurricane-matthew,3,3,destroyed,destroyed,0.9916624,0.0003762831,0.0019789366,0.005982397,0.9916624
hurricane-matthew_00000152__b0248,hurricane-matthew,0,0,no-damage,no-damage,0.9447995,0.9447995,0.017571302,0.024908628,0.012720536
hurricane-matthew_00000104__b0046,hurricane-matthew,1,2,minor-damage,major-damage,0.5762627,0.09640441,0.054622527,0.5762627,0.27271032
hurricane-matthew_00000385__b0079,hurricane-matthew,3,3,destroyed,destroyed,0.9791605,0.0011986615,0.0047958763,0.014845013,0.9791605
hurricane-matthew_00000145__b0023,hurricane-matthew,2,0,major-damage,no-damage,0.6094823,0.6094823,0.043236963,0.1061343,0.2411465
hurricane-matthew_00000104__b0215,hurricane-matthew,1,2,minor-damage,major-damage,0.5738818,0.11881447,0.10402524,0.5738818,0.20327844
hurricane-matthew_00000260__b0039,hurricane-matthew,2,0,major-damage,no-damage,0.3539844,0.3539844,0.21546876,0.20173493,0.22881189
hurricane-matthew_00000166__b0003,hurricane-matthew,3,3,destroyed,destroyed,0.9250181,0.002794257,0.0089832945,0.063204296,0.9250181
hurricane-matthew_00000104__b0171,hurricane-matthew,1,2,minor-damage,major-damage,0.4734143,0.049603384,0.2348092,0.4734143,0.24217318
hurricane-matthew_00000104__b0060,hurricane-matthew,1,2,minor-damage,major-damage,0.4550994,0.04951915,0.2861066,0.4550994,0.20927487
hurricane-matthew_00000104__b0153,hurricane-matthew,2,2,major-damage,major-damage,0.44106248,0.05943319,0.16213244,0.44106248,0.3373719
hurricane-matthew_00000104__b0186,hurricane-matthew,1,2,minor-damage,major-damage,0.5976026,0.2541505,0.027636407,0.5976026,0.120610535
hurricane-matthew_00000104__b0148,hurricane-matthew,1,3,minor-damage,destroyed,0.88026005,0.010480622,0.024606466,0.08465289,0.88026005
hurricane-matthew_00000089__b0431,hurricane-matthew,0,0,no-damage,no-damage,0.80799574,0.80799574,0.05939086,0.083770536,0.04884285
hurricane-matthew_00000302__b0002,hurricane-matthew,2,2,major-damage,major-damage,0.51842105,0.13512537,0.1082496,0.51842105,0.23820403
hurricane-matthew_00000104__b0040,hurricane-matthew,1,3,minor-damage,destroyed,0.90352714,0.006913254,0.026480818,0.06307872,0.90352714
hurricane-matthew_00000044__b0050,hurricane-matthew,0,1,no-damage,minor-damage,0.60764545,0.15444298,0.60764545,0.15711205,0.08079958
hurricane-matthew_00000104__b0074,hurricane-matthew,1,2,minor-damage,major-damage,0.35995743,0.08174187,0.32033294,0.35995743,0.23796768
hurricane-matthew_00000104__b0236,hurricane-matthew,1,2,minor-damage,major-damage,0.47743732,0.05731054,0.19159874,0.47743732,0.27365348
hurricane-matthew_00000065__b0101,hurricane-matthew,2,3,major-damage,destroyed,0.3969376,0.146948,0.22539009,0.2307243,0.3969376
hurricane-matthew_00000302__b0025,hurricane-matthew,0,3,no-damage,destroyed,0.6907356,0.014808157,0.022121008,0.27233523,0.6907356
hurricane-matthew_00000044__b0090,hurricane-matthew,0,0,no-damage,no-damage,0.490885,0.490885,0.15962206,0.23785982,0.11163304
hurricane-matthew_00000104__b0164,hurricane-matthew,1,0,minor-damage,no-damage,0.4420475,0.4420475,0.062401157,0.16243482,0.33311656
hurricane-matthew_00000302__b0063,hurricane-matthew,0,3,no-damage,destroyed,0.91765606,0.00418332,0.012281393,0.06587921,0.91765606
hurricane-matthew_00000376__b0019,hurricane-matthew,3,3,destroyed,destroyed,0.989782,0.00021296972,0.0018146642,0.008190331,0.989782
hurricane-matthew_00000104__b0054,hurricane-matthew,1,3,minor-damage,destroyed,0.96390116,0.0030261327,0.0064732977,0.026599389,0.96390116
hurricane-matthew_00000065__b0148,hurricane-matthew,2,0,major-damage,no-damage,0.4530216,0.4530216,0.27621734,0.1354561,0.13530499
hurricane-matthew_00000044__b0022,hurricane-matthew,2,1,major-damage,minor-damage,0.54276764,0.07020601,0.54276764,0.32966378,0.05736259
hurricane-matthew_00000205__b0011,hurricane-matthew,2,3,major-damage,destroyed,0.9614845,0.0032912053,0.010114386,0.025109926,0.9614845
hurricane-matthew_00000104__b0285,hurricane-matthew,2,2,major-damage,major-damage,0.5605996,0.16160586,0.10307349,0.5605996,0.17472103
hurricane-matthew_00000166__b0016,hurricane-matthew,3,3,destroyed,destroyed,0.85114753,0.023693526,0.025030494,0.10012839,0.85114753
hurricane-matthew_00000044__b0193,hurricane-matthew,0,3,no-damage,destroyed,0.41105902,0.14863801,0.21597081,0.22433214,0.41105902
hurricane-matthew_00000044__b0101,hurricane-matthew,3,3,destroyed,destroyed,0.44769174,0.32953787,0.03146425,0.1913062,0.44769174
hurricane-matthew_00000302__b0133,hurricane-matthew,0,3,no-damage,destroyed,0.97906095,0.0009671923,0.0025431975,0.01742869,0.97906095
hurricane-matthew_00000104__b0201,hurricane-matthew,1,3,minor-damage,destroyed,0.8993259,0.03229009,0.017953338,0.05043064,0.8993259
hurricane-matthew_00000035__b0030,hurricane-matthew,0,0,no-damage,no-damage,0.47637162,0.47637162,0.27432808,0.13929391,0.11000639
hurricane-matthew_00000400__b0064,hurricane-matthew,2,3,major-damage,destroyed,0.97901946,0.00043965405,0.002375023,0.018165868,0.97901946
hurricane-matthew_00000104__b0126,hurricane-matthew,1,3,minor-damage,destroyed,0.32146364,0.089420445,0.31796813,0.27114782,0.32146364
hurricane-matthew_00000065__b0105,hurricane-matthew,2,0,major-damage,no-damage,0.38093394,0.38093394,0.3219327,0.14564781,0.15148552
hurricane-matthew_00000044__b0073,hurricane-matthew,2,1,major-damage,minor-damage,0.37750936,0.17542629,0.37750936,0.22812143,0.21894288
hurricane-matthew_00000385__b0101,hurricane-matthew,3,3,destroyed,destroyed,0.99867105,9.876613e-05,0.00041496503,0.0008152396,0.99867105
hurricane-matthew_00000385__b0004,hurricane-matthew,3,3,destroyed,destroyed,0.987998,0.0009251411,0.0038984788,0.007178371,0.987998
hurricane-matthew_00000104__b0094,hurricane-matthew,2,2,major-damage,major-damage,0.6208586,0.020743152,0.062707484,0.6208586,0.29569075
hurricane-matthew_00000385__b0028,hurricane-matthew,3,3,destroyed,destroyed,0.98989666,0.0012128865,0.0037951428,0.0050952765,0.98989666
hurricane-matthew_00000181__b0018,hurricane-matthew,2,3,major-damage,destroyed,0.8312012,0.031571712,0.048007697,0.08921942,0.8312012
hurricane-matthew_00000281__b0008,hurricane-matthew,3,3,destroyed,destroyed,0.8759191,0.05474634,0.028731046,0.040603537,0.8759191
hurricane-matthew_00000035__b0056,hurricane-matthew,2,1,major-damage,minor-damage,0.35130244,0.27222285,0.35130244,0.19632228,0.18015237
hurricane-matthew_00000035__b0034,hurricane-matthew,0,1,no-damage,minor-damage,0.4127914,0.08257448,0.4127914,0.36015174,0.14448242
hurricane-matthew_00000044__b0164,hurricane-matthew,0,0,no-damage,no-damage,0.5412157,0.5412157,0.26217437,0.10386068,0.0927492
hurricane-matthew_00000044__b0103,hurricane-matthew,0,1,no-damage,minor-damage,0.46765405,0.084601276,0.46765405,0.34770066,0.100044005
hurricane-matthew_00000044__b0007,hurricane-matthew,0,0,no-damage,no-damage,0.78654295,0.78654295,0.07143138,0.06156634,0.08045928
hurricane-matthew_00000044__b0077,hurricane-matthew,0,0,no-damage,no-damage,0.7444377,0.7444377,0.06585158,0.061939355,0.12777147
hurricane-matthew_00000044__b0075,hurricane-matthew,0,1,no-damage,minor-damage,0.59874433,0.13192607,0.59874433,0.23110804,0.038221598
hurricane-matthew_00000035__b0051,hurricane-matthew,2,0,major-damage,no-damage,0.47528568,0.47528568,0.20292349,0.08935921,0.23243159
hurricane-matthew_00000385__b0107,hurricane-matthew,3,3,destroyed,destroyed,0.99803394,9.399429e-05,0.0004343774,0.0014377335,0.99803394
hurricane-matthew_00000104__b0077,hurricane-matthew,1,2,minor-damage,major-damage,0.4944262,0.069209285,0.22050235,0.4944262,0.21586217
hurricane-matthew_00000260__b0079,hurricane-matthew,2,3,major-damage,destroyed,0.91704404,0.01188188,0.034445953,0.03662821,0.91704404
hurricane-matthew_00000385__b0033,hurricane-matthew,2,3,major-damage,destroyed,0.94820166,0.00091322546,0.005335868,0.04554928,0.94820166
hurricane-matthew_00000044__b0126,hurricane-matthew,0,3,no-damage,destroyed,0.46234214,0.19684215,0.21263628,0.12817945,0.46234214
hurricane-matthew_00000104__b0260,hurricane-matthew,1,3,minor-damage,destroyed,0.36326876,0.12068534,0.318062,0.19798385,0.36326876
hurricane-matthew_00000145__b0002,hurricane-matthew,2,0,major-damage,no-damage,0.6223991,0.6223991,0.070036575,0.056084957,0.2514794
hurricane-matthew_00000104__b0224,hurricane-matthew,1,3,minor-damage,destroyed,0.34843752,0.07483326,0.2570226,0.31970662,0.34843752
hurricane-matthew_00000104__b0117,hurricane-matthew,1,3,minor-damage,destroyed,0.9016401,0.0049918527,0.01343573,0.07993236,0.9016401
hurricane-matthew_00000104__b0003,hurricane-matthew,1,2,minor-damage,major-damage,0.568106,0.04385684,0.080381274,0.568106,0.30765584
hurricane-matthew_00000104__b0005,hurricane-matthew,1,3,minor-damage,destroyed,0.5616395,0.019663988,0.10050468,0.31819183,0.5616395
hurricane-matthew_00000104__b0242,hurricane-matthew,1,3,minor-damage,destroyed,0.93034786,0.0039109434,0.013501168,0.05223999,0.93034786
hurricane-matthew_00000385__b0054,hurricane-matthew,3,3,destroyed,destroyed,0.7768122,0.015778106,0.048325498,0.1590842,0.7768122
hurricane-matthew_00000166__b0007,hurricane-matthew,3,3,destroyed,destroyed,0.9634518,0.013328622,0.005974055,0.017245593,0.9634518
hurricane-matthew_00000385__b0017,hurricane-matthew,3,3,destroyed,destroyed,0.95127517,0.0040521906,0.015166391,0.02950627,0.95127517
hurricane-matthew_00000376__b0001,hurricane-matthew,3,3,destroyed,destroyed,0.72319674,0.083661966,0.079329,0.11381225,0.72319674
hurricane-matthew_00000044__b0016,hurricane-matthew,0,0,no-damage,no-damage,0.44767588,0.44767588,0.25651053,0.13629657,0.15951708
hurricane-matthew_00000302__b0006,hurricane-matthew,0,3,no-damage,destroyed,0.79985684,0.008872482,0.017938994,0.17333171,0.79985684
hurricane-matthew_00000104__b0232,hurricane-matthew,2,3,major-damage,destroyed,0.54896057,0.006690512,0.011185597,0.4331633,0.54896057
hurricane-matthew_00000104__b0066,hurricane-matthew,1,2,minor-damage,major-damage,0.61447906,0.12394073,0.109013475,0.61447906,0.15256673
hurricane-matthew_00000065__b0118,hurricane-matthew,2,1,major-damage,minor-damage,0.47607392,0.14048487,0.47607392,0.24037695,0.14306429
hurricane-matthew_00000104__b0125,hurricane-matthew,1,3,minor-damage,destroyed,0.84527975,0.0035700917,0.008022586,0.1431275,0.84527975
hurricane-matthew_00000302__b0007,hurricane-matthew,2,3,major-damage,destroyed,0.8698979,0.007353797,0.018833155,0.10391522,0.8698979
hurricane-matthew_00000065__b0128,hurricane-matthew,2,3,major-damage,destroyed,0.63691324,0.16949938,0.0765506,0.117036745,0.63691324
hurricane-matthew_00000104__b0055,hurricane-matthew,1,3,minor-damage,destroyed,0.65158415,0.025017418,0.027281526,0.29611686,0.65158415
hurricane-matthew_00000104__b0302,hurricane-matthew,1,3,minor-damage,destroyed,0.5518284,0.012490585,0.049027532,0.3866535,0.5518284
hurricane-matthew_00000260__b0000,hurricane-matthew,3,3,destroyed,destroyed,0.8893615,0.009328769,0.034277964,0.06703173,0.8893615
hurricane-matthew_00000044__b0226,hurricane-matthew,0,0,no-damage,no-damage,0.5302392,0.5302392,0.28210652,0.093546025,0.094108164
hurricane-matthew_00000044__b0190,hurricane-matthew,0,1,no-damage,minor-damage,0.51834846,0.24201432,0.51834846,0.18078032,0.058856964
hurricane-matthew_00000044__b0245,hurricane-matthew,0,2,no-damage,major-damage,0.39847606,0.115671024,0.18613574,0.39847606,0.29971722
hurricane-matthew_00000385__b0050,hurricane-matthew,3,3,destroyed,destroyed,0.99901474,3.451141e-06,4.142181e-05,0.0009403958,0.99901474
hurricane-matthew_00000065__b0060,hurricane-matthew,2,0,major-damage,no-damage,0.5163977,0.5163977,0.27997005,0.12375021,0.07988206
hurricane-matthew_00000104__b0280,hurricane-matthew,2,2,major-damage,major-damage,0.586261,0.115935564,0.067261904,0.586261,0.23054163
hurricane-matthew_00000104__b0137,hurricane-matthew,1,3,minor-damage,destroyed,0.6535947,0.04071337,0.08835898,0.21733294,0.6535947
hurricane-matthew_00000044__b0059,hurricane-matthew,0,0,no-damage,no-damage,0.43434128,0.43434128,0.1013755,0.107333586,0.35694963
hurricane-matthew_00000376__b0011,hurricane-matthew,3,3,destroyed,destroyed,0.83986664,0.02594448,0.03614806,0.09804078,0.83986664
hurricane-matthew_00000044__b0006,hurricane-matthew,0,3,no-damage,destroyed,0.36173314,0.28876165,0.14030054,0.20920467,0.36173314
hurricane-matthew_00000065__b0098,hurricane-matthew,2,3,major-damage,destroyed,0.73936987,0.05454633,0.092642814,0.11344104,0.73936987
hurricane-matthew_00000035__b0023,hurricane-matthew,0,0,no-damage,no-damage,0.37054712,0.37054712,0.21993916,0.17791854,0.23159516
hurricane-matthew_00000104__b0235,hurricane-matthew,1,0,minor-damage,no-damage,0.36840725,0.36840725,0.09823262,0.22299573,0.31036443
hurricane-matthew_00000044__b0034,hurricane-matthew,0,1,no-damage,minor-damage,0.44109058,0.18819204,0.44109058,0.22841397,0.14230339
hurricane-matthew_00000104__b0249,hurricane-matthew,1,2,minor-damage,major-damage,0.7712986,0.077318594,0.04992934,0.7712986,0.1014534
hurricane-matthew_00000302__b0012,hurricane-matthew,0,3,no-damage,destroyed,0.92723143,0.0029463826,0.010351277,0.05947093,0.92723143
hurricane-matthew_00000044__b0009,hurricane-matthew,3,3,destroyed,destroyed,0.8308312,0.015607126,0.066126816,0.087434866,0.8308312
hurricane-matthew_00000104__b0223,hurricane-matthew,1,3,minor-damage,destroyed,0.53128254,0.1297501,0.15941542,0.17955193,0.53128254
hurricane-matthew_00000044__b0078,hurricane-matthew,0,2,no-damage,major-damage,0.35584226,0.1936531,0.32954127,0.35584226,0.120963395
hurricane-matthew_00000104__b0009,hurricane-matthew,1,2,minor-damage,major-damage,0.7070412,0.096055515,0.08120066,0.7070412,0.11570256
hurricane-matthew_00000035__b0001,hurricane-matthew,0,3,no-damage,destroyed,0.79211915,0.11350342,0.027250227,0.06712728,0.79211915
hurricane-matthew_00000104__b0255,hurricane-matthew,1,3,minor-damage,destroyed,0.74511844,0.010572528,0.027454076,0.21685497,0.74511844
hurricane-matthew_00000110__b0014,hurricane-matthew,2,3,major-damage,destroyed,0.9777368,0.005271492,0.0052253534,0.011766368,0.9777368
hurricane-matthew_00000181__b0009,hurricane-matthew,2,3,major-damage,destroyed,0.81325185,0.013204093,0.030872682,0.1426715,0.81325185
hurricane-matthew_00000089__b0239,hurricane-matthew,0,1,no-damage,minor-damage,0.4533206,0.07108908,0.4533206,0.2719933,0.203597
hurricane-matthew_00000065__b0121,hurricane-matthew,3,1,destroyed,minor-damage,0.32090494,0.2872309,0.32090494,0.23179458,0.16006954
hurricane-matthew_00000035__b0028,hurricane-matthew,0,1,no-damage,minor-damage,0.32088345,0.23482084,0.32088345,0.2906745,0.15362121
hurricane-matthew_00000104__b0133,hurricane-matthew,1,3,minor-damage,destroyed,0.6280328,0.012861058,0.032816716,0.32628942,0.6280328
hurricane-matthew_00000302__b0053,hurricane-matthew,0,3,no-damage,destroyed,0.6966157,0.018580917,0.021234488,0.26356885,0.6966157
hurricane-matthew_00000205__b0009,hurricane-matthew,2,3,major-damage,destroyed,0.9164618,0.0065319138,0.018738095,0.058268078,0.9164618
hurricane-matthew_00000044__b0120,hurricane-matthew,0,0,no-damage,no-damage,0.50013584,0.50013584,0.28770694,0.11957364,0.09258359
hurricane-matthew_00000302__b0041,hurricane-matthew,2,3,major-damage,destroyed,0.8861943,0.012623685,0.038451023,0.06273094,0.8861943
hurricane-matthew_00000035__b0033,hurricane-matthew,0,3,no-damage,destroyed,0.5455192,0.23918384,0.05606752,0.15922938,0.5455192
hurricane-matthew_00000385__b0043,hurricane-matthew,3,3,destroyed,destroyed,0.9992211,4.7455054e-05,0.00022813967,0.0005033766,0.9992211
hurricane-matthew_00000206__b0001,hurricane-matthew,3,3,destroyed,destroyed,0.73549885,0.07399195,0.061013415,0.1294958,0.73549885
hurricane-matthew_00000065__b0153,hurricane-matthew,2,0,major-damage,no-damage,0.45115975,0.45115975,0.36720943,0.074004345,0.10762651
hurricane-matthew_00000044__b0014,hurricane-matthew,0,1,no-damage,minor-damage,0.4623708,0.062467314,0.4623708,0.2044951,0.27066672
hurricane-matthew_00000281__b0002,hurricane-matthew,3,3,destroyed,destroyed,0.9703736,0.0045088213,0.009155753,0.01596182,0.9703736
hurricane-matthew_00000104__b0143,hurricane-matthew,2,3,major-damage,destroyed,0.93872637,0.0062109604,0.014410771,0.04065189,0.93872637
hurricane-matthew_00000302__b0113,hurricane-matthew,0,3,no-damage,destroyed,0.5443278,0.021454347,0.08980047,0.3444174,0.5443278
hurricane-matthew_00000400__b0056,hurricane-matthew,3,3,destroyed,destroyed,0.9662308,0.0146408165,0.0071836193,0.0119447,0.9662308
hurricane-matthew_00000166__b0010,hurricane-matthew,3,3,destroyed,destroyed,0.9374019,0.016293168,0.011914517,0.034390487,0.9374019
hurricane-matthew_00000065__b0062,hurricane-matthew,3,2,destroyed,major-damage,0.5052546,0.05854568,0.23077352,0.5052546,0.20542619
hurricane-matthew_00000104__b0114,hurricane-matthew,1,3,minor-damage,destroyed,0.5264681,0.028626597,0.06843148,0.37647378,0.5264681
hurricane-matthew_00000385__b0102,hurricane-matthew,3,3,destroyed,destroyed,0.98363715,0.00041042978,0.0035219803,0.012430408,0.98363715
hurricane-matthew_00000302__b0065,hurricane-matthew,0,3,no-damage,destroyed,0.93126243,0.0060493853,0.014235981,0.0484522,0.93126243
hurricane-matthew_00000385__b0085,hurricane-matthew,2,3,major-damage,destroyed,0.98937,0.0013044056,0.0030745508,0.0062510786,0.98937
hurricane-matthew_00000376__b0018,hurricane-matthew,3,3,destroyed,destroyed,0.5936536,0.17030188,0.092576064,0.14346837,0.5936536
hurricane-matthew_00000206__b0018,hurricane-matthew,3,3,destroyed,destroyed,0.84706914,0.019159606,0.044802666,0.08896858,0.84706914
hurricane-matthew_00000376__b0008,hurricane-matthew,3,3,destroyed,destroyed,0.8070198,0.060544353,0.07269977,0.059736032,0.8070198
hurricane-matthew_00000044__b0197,hurricane-matthew,0,2,no-damage,major-damage,0.27966213,0.26642412,0.19288585,0.27966213,0.26102787
hurricane-matthew_00000044__b0243,hurricane-matthew,0,1,no-damage,minor-damage,0.6816029,0.12578496,0.6816029,0.16878876,0.023823392
hurricane-matthew_00000400__b0040,hurricane-matthew,2,3,major-damage,destroyed,0.77642316,0.03890751,0.07134925,0.113320135,0.77642316
hurricane-matthew_00000302__b0134,hurricane-matthew,0,2,no-damage,major-damage,0.40551326,0.1301441,0.1398493,0.40551326,0.32449332
hurricane-matthew_00000260__b0067,hurricane-matthew,2,3,major-damage,destroyed,0.7763877,0.025488947,0.07705353,0.12106979,0.7763877
hurricane-matthew_00000400__b0019,hurricane-matthew,2,3,major-damage,destroyed,0.6265172,0.103609756,0.07512207,0.19475095,0.6265172
hurricane-matthew_00000110__b0006,hurricane-matthew,2,3,major-damage,destroyed,0.8796276,0.048935793,0.01428219,0.05715445,0.8796276
hurricane-matthew_00000104__b0116,hurricane-matthew,1,2,minor-damage,major-damage,0.5313302,0.04865031,0.22761503,0.5313302,0.19240442
hurricane-matthew_00000260__b0074,hurricane-matthew,2,3,major-damage,destroyed,0.47038394,0.15521118,0.12425111,0.2501538,0.47038394
hurricane-matthew_00000104__b0119,hurricane-matthew,1,2,minor-damage,major-damage,0.49302736,0.025757754,0.15953083,0.49302736,0.3216841
hurricane-matthew_00000145__b0008,hurricane-matthew,2,3,major-damage,destroyed,0.34780735,0.23121877,0.2144941,0.2064798,0.34780735
hurricane-matthew_00000104__b0004,hurricane-matthew,1,3,minor-damage,destroyed,0.4867625,0.22990674,0.10065858,0.18267223,0.4867625
hurricane-matthew_00000376__b0020,hurricane-matthew,3,3,destroyed,destroyed,0.9984549,1.2546685e-05,0.00011204922,0.0014205163,0.9984549
hurricane-matthew_00000065__b0036,hurricane-matthew,2,3,major-damage,destroyed,0.48208162,0.10771481,0.19794309,0.21226053,0.48208162
hurricane-matthew_00000400__b0034,hurricane-matthew,3,3,destroyed,destroyed,0.98944575,0.00083803874,0.001957386,0.0077588083,0.98944575
hurricane-matthew_00000385__b0025,hurricane-matthew,2,3,major-damage,destroyed,0.99598205,0.0001320047,0.00090658735,0.0029793628,0.99598205
hurricane-matthew_00000385__b0113,hurricane-matthew,2,3,major-damage,destroyed,0.8536064,0.026842479,0.058856938,0.060694214,0.8536064
hurricane-matthew_00000035__b0008,hurricane-matthew,0,1,no-damage,minor-damage,0.5655553,0.044788733,0.5655553,0.3124264,0.077229664
hurricane-matthew_00000104__b0154,hurricane-matthew,1,2,minor-damage,major-damage,0.47892085,0.21379091,0.118227445,0.47892085,0.18906076
hurricane-matthew_00000400__b0029,hurricane-matthew,2,3,major-damage,destroyed,0.99229735,0.00015214796,0.0011042678,0.006446265,0.99229735
hurricane-matthew_00000104__b0127,hurricane-matthew,1,3,minor-damage,destroyed,0.5340141,0.33288282,0.058256764,0.07484627,0.5340141
hurricane-matthew_00000044__b0249,hurricane-matthew,0,1,no-damage,minor-damage,0.5647931,0.2088824,0.5647931,0.17374168,0.05258281
hurricane-matthew_00000104__b0190,hurricane-matthew,1,3,minor-damage,destroyed,0.48009074,0.029447218,0.091586076,0.39887598,0.48009074
hurricane-matthew_00000400__b0067,hurricane-matthew,3,3,destroyed,destroyed,0.97947687,0.0017341833,0.005092529,0.013696434,0.97947687
hurricane-matthew_00000104__b0301,hurricane-matthew,1,3,minor-damage,destroyed,0.46176583,0.060360283,0.16998257,0.30789137,0.46176583
hurricane-matthew_00000044__b0105,hurricane-matthew,0,0,no-damage,no-damage,0.32826105,0.32826105,0.19333126,0.19729719,0.28111053
hurricane-matthew_00000104__b0016,hurricane-matthew,1,3,minor-damage,destroyed,0.6678895,0.008913816,0.039649647,0.28354704,0.6678895
hurricane-matthew_00000145__b0012,hurricane-matthew,2,3,major-damage,destroyed,0.6862254,0.06144888,0.126212,0.12611373,0.6862254
hurricane-matthew_00000104__b0225,hurricane-matthew,1,2,minor-damage,major-damage,0.64853835,0.029854462,0.032341328,0.64853835,0.28926584
hurricane-matthew_00000376__b0014,hurricane-matthew,2,3,major-damage,destroyed,0.98949385,0.000170744,0.00094980665,0.009385619,0.98949385
hurricane-matthew_00000400__b0022,hurricane-matthew,2,3,major-damage,destroyed,0.9695091,0.002346908,0.0066254586,0.021518549,0.9695091
hurricane-matthew_00000302__b0009,hurricane-matthew,2,3,major-damage,destroyed,0.8769263,0.003712272,0.008459747,0.11090166,0.8769263
hurricane-matthew_00000104__b0160,hurricane-matthew,1,1,minor-damage,minor-damage,0.3689839,0.04740817,0.3689839,0.3109016,0.2727063
hurricane-matthew_00000044__b0095,hurricane-matthew,0,3,no-damage,destroyed,0.42317334,0.04579021,0.24756774,0.28346878,0.42317334
hurricane-matthew_00000104__b0098,hurricane-matthew,1,2,minor-damage,major-damage,0.6326503,0.15578888,0.08254355,0.6326503,0.12901723
hurricane-matthew_00000104__b0253,hurricane-matthew,1,3,minor-damage,destroyed,0.3449736,0.17283718,0.27684414,0.20534515,0.3449736
hurricane-matthew_00000044__b0183,hurricane-matthew,0,1,no-damage,minor-damage,0.45823658,0.14275703,0.45823658,0.3394345,0.059571885
hurricane-matthew_00000104__b0262,hurricane-matthew,1,2,minor-damage,major-damage,0.42789876,0.1940568,0.09230992,0.42789876,0.28573456
hurricane-matthew_00000385__b0042,hurricane-matthew,3,3,destroyed,destroyed,0.89749926,0.017029107,0.032122925,0.053348698,0.89749926
hurricane-matthew_00000035__b0011,hurricane-matthew,0,3,no-damage,destroyed,0.36804542,0.23090719,0.20132391,0.1997235,0.36804542
hurricane-matthew_00000104__b0146,hurricane-matthew,1,0,minor-damage,no-damage,0.38661492,0.38661492,0.07920067,0.22741328,0.30677116
hurricane-matthew_00000369__b0010,hurricane-matthew,2,2,major-damage,major-damage,0.434418,0.083895616,0.107460104,0.434418,0.37422624
hurricane-matthew_00000065__b0072,hurricane-matthew,2,1,major-damage,minor-damage,0.29209563,0.20964994,0.29209563,0.21374555,0.28450888
hurricane-matthew_00000400__b0069,hurricane-matthew,3,3,destroyed,destroyed,0.8713096,0.0063386243,0.027966635,0.094385155,0.8713096
hurricane-matthew_00000104__b0197,hurricane-matthew,1,3,minor-damage,destroyed,0.33320788,0.18307865,0.20044325,0.28327024,0.33320788
hurricane-matthew_00000152__b0412,hurricane-matthew,0,0,no-damage,no-damage,0.9833581,0.9833581,0.004989995,0.0045937914,0.007058025
hurricane-matthew_00000166__b0011,hurricane-matthew,3,3,destroyed,destroyed,0.7251117,0.06565284,0.08194134,0.12729408,0.7251117
hurricane-matthew_00000065__b0009,hurricane-matthew,3,3,destroyed,destroyed,0.4420659,0.1483538,0.21254246,0.19703783,0.4420659
hurricane-matthew_00000104__b0202,hurricane-matthew,1,2,minor-damage,major-damage,0.42438725,0.055039074,0.30920056,0.42438725,0.21137309
hurricane-matthew_00000302__b0004,hurricane-matthew,2,3,major-damage,destroyed,0.8205369,0.0034180447,0.004825146,0.17121986,0.8205369
hurricane-matthew_00000044__b0021,hurricane-matthew,3,3,destroyed,destroyed,0.707975,0.15266518,0.05353562,0.08582423,0.707975
hurricane-matthew_00000035__b0029,hurricane-matthew,0,0,no-damage,no-damage,0.55641675,0.55641675,0.101111025,0.22148862,0.12098362
hurricane-matthew_00000089__b0268,hurricane-matthew,0,1,no-damage,minor-damage,0.4444133,0.3017486,0.4444133,0.17857434,0.07526374
hurricane-matthew_00000044__b0152,hurricane-matthew,2,1,major-damage,minor-damage,0.47638655,0.03556384,0.47638655,0.37771732,0.110332295
hurricane-matthew_00000302__b0049,hurricane-matthew,0,2,no-damage,major-damage,0.36457035,0.16335084,0.1392237,0.36457035,0.33285505
hurricane-matthew_00000206__b0008,hurricane-matthew,3,3,destroyed,destroyed,0.4434976,0.13687333,0.11256026,0.30706877,0.4434976
hurricane-matthew_00000400__b0023,hurricane-matthew,3,3,destroyed,destroyed,0.9944997,0.00028575142,0.0010354072,0.0041790814,0.9944997
hurricane-matthew_00000104__b0206,hurricane-matthew,1,3,minor-damage,destroyed,0.5465748,0.32161444,0.028123643,0.10368717,0.5465748
hurricane-matthew_00000260__b0003,hurricane-matthew,0,2,no-damage,major-damage,0.48502755,0.26924682,0.047710165,0.48502755,0.1980154
hurricane-matthew_00000385__b0112,hurricane-matthew,3,3,destroyed,destroyed,0.806952,0.022198016,0.07141491,0.099435166,0.806952
hurricane-matthew_00000104__b0200,hurricane-matthew,2,3,major-damage,destroyed,0.6780485,0.016165577,0.027734539,0.27805138,0.6780485
hurricane-matthew_00000044__b0215,hurricane-matthew,0,3,no-damage,destroyed,0.38011846,0.04763276,0.32508424,0.2471645,0.38011846
hurricane-matthew_00000302__b0020,hurricane-matthew,0,3,no-damage,destroyed,0.9654142,0.0011334205,0.004785028,0.028667279,0.9654142
hurricane-matthew_00000302__b0003,hurricane-matthew,0,3,no-damage,destroyed,0.7212712,0.026107129,0.026632786,0.22598879,0.7212712
hurricane-matthew_00000104__b0064,hurricane-matthew,1,3,minor-damage,destroyed,0.37612548,0.20977288,0.08160557,0.33249605,0.37612548
hurricane-matthew_00000302__b0044,hurricane-matthew,0,3,no-damage,destroyed,0.9751752,0.0010971839,0.004274259,0.019453341,0.9751752
hurricane-matthew_00000329__b0005,hurricane-matthew,2,0,major-damage,no-damage,0.37365058,0.37365058,0.23373936,0.17980999,0.2128001
hurricane-matthew_00000285__b0001,hurricane-matthew,2,3,major-damage,destroyed,0.70292205,0.05645337,0.10063917,0.13998535,0.70292205
hurricane-matthew_00000075__b0017,hurricane-matthew,0,1,no-damage,minor-damage,0.4554529,0.12955916,0.4554529,0.29804546,0.11694251
hurricane-matthew_00000104__b0161,hurricane-matthew,1,2,minor-damage,major-damage,0.5877867,0.16074511,0.093309894,0.5877867,0.15815832
hurricane-matthew_00000104__b0034,hurricane-matthew,1,0,minor-damage,no-damage,0.3758554,0.3758554,0.2757223,0.17560923,0.17281306
hurricane-matthew_00000104__b0241,hurricane-matthew,2,2,major-damage,major-damage,0.3823782,0.117604464,0.20949824,0.3823782,0.29051918
hurricane-matthew_00000385__b0020,hurricane-matthew,2,3,major-damage,destroyed,0.99459994,7.22635e-05,0.0005799842,0.0047477633,0.99459994
hurricane-matthew_00000400__b0061,hurricane-matthew,3,3,destroyed,destroyed,0.9795283,0.0033030794,0.005645923,0.011522769,0.9795283
hurricane-matthew_00000385__b0093,hurricane-matthew,2,3,major-damage,destroyed,0.9973435,7.505983e-05,0.0003955867,0.002185869,0.9973435
hurricane-matthew_00000104__b0189,hurricane-matthew,1,3,minor-damage,destroyed,0.837628,0.011708246,0.025457988,0.1252058,0.837628
hurricane-matthew_00000075__b0073,hurricane-matthew,0,0,no-damage,no-damage,0.58518803,0.58518803,0.25842348,0.09995584,0.05643267
hurricane-matthew_00000385__b0091,hurricane-matthew,3,3,destroyed,destroyed,0.99143,0.00034197693,0.0012753999,0.006952674,0.99143
hurricane-matthew_00000385__b0048,hurricane-matthew,3,3,destroyed,destroyed,0.9758236,0.0032289142,0.0058298823,0.015117649,0.9758236
hurricane-matthew_00000104__b0130,hurricane-matthew,1,0,minor-damage,no-damage,0.40647778,0.40647778,0.14586882,0.37960967,0.06804373
